Beverage_ID,Beverage_Name,Category,Size,Hot_Cold,Ingredients,Milk_Type,Espresso_Shots,Syrup,Toppings,Sweetness_Level,Caffeine_mg,Calories,Sugar_g,Protein_g,Fat_g,Price_USD,Price_INR,Customer_Rating,Number_of_Orders,Popularity,Seasonal,Vegan,Vegetarian,Contains_Dairy,Contains_Nuts,Gluten_Free,Recommended_With,Best_Time,Flavor_Profile,Temperature,Country_Availability
SB00001,Chai Flat White,Flat White,Tall,Hot,"A handcrafted Chai Flat White prepared with premium Starbucks-style coffee or tea, soy milk, none syrup and carefully balanced flavors.",Coconut,1,Toffee Nut,Chocolate Shavings,Low,83,513,23,15.5,11.9,4.76,404.6,4.5,24684,Medium,Yes,Yes,Yes,No,No,Yes,Croissant,Morning,Chocolatey,Hot,Global
SB00002,Mocha Macchiato,Macchiato,Venti,Cold,"A handcrafted Mocha Macchiato prepared with premium Starbucks-style coffee or tea, coconut milk, vanilla syrup and carefully balanced flavors.",Oat,2,None,Caramel Drizzle,Medium,238,481,35,8.9,3.6,4.66,396.1,4.9,12736,Medium,No,No,Yes,Yes,Yes,No,Blueberry Muffin,Evening,Creamy,Cold,Global
SB00003,Hazelnut Latte,Latte,Venti,Hot,"A handcrafted Hazelnut Latte prepared with premium Starbucks-style coffee or tea, almond milk, caramel syrup and carefully balanced flavors.",Skim,3,Toffee Nut,Chocolate Shavings,Medium,5,391,4,19.4,8.8,6.34,538.9,4.6,43094,Very High,Yes,Yes,Yes,Yes,Yes,No,Croissant,Evening,Chocolatey,Hot,USA
SB00004,Strawberry Americano,Americano,Tall,Hot,"A handcrafted Strawberry Americano prepared with premium Starbucks-style coffee or tea, skim milk, hazelnut syrup and carefully balanced flavors.",Almond,1,None,Whipped Cream,Medium,253,50,34,8.6,22.8,5.01,425.85,4.1,12437,Medium,No,No,Yes,Yes,No,Yes,Cheesecake,Afternoon,Nutty,Hot,Canada
SB00005,Mango Refresher,Refresher,Venti,Cold,"A handcrafted Mango Refresher prepared with premium Starbucks-style coffee or tea, coconut milk, none syrup and carefully balanced flavors.",Almond,1,Toffee Nut,Whipped Cream,High,80,298,22,4.0,28.4,5.87,498.95,4.1,13354,Medium,Yes,Yes,Yes,No,Yes,Yes,Blueberry Muffin,Evening,Fruity,Cold,India
SB00006,Vanilla Americano,Americano,Venti,Cold,"A handcrafted Vanilla Americano prepared with premium Starbucks-style coffee or tea, oat milk, toffee nut syrup and carefully balanced flavors.",Oat,4,Toffee Nut,None,Medium,179,534,26,13.6,27.5,3.27,277.95,4.1,6836,Low,Yes,Yes,Yes,No,Yes,No,Blueberry Muffin,Evening,Fruity,Cold,Japan
SB00007,Strawberry Macchiato,Macchiato,Tall,Hot,"A handcrafted Strawberry Macchiato prepared with premium Starbucks-style coffee or tea, almond milk, caramel syrup and carefully balanced flavors.",Whole,0,Vanilla,Caramel Drizzle,High,210,49,13,3.0,2.8,8.44,717.4,4.6,9250,Low,No,Yes,Yes,No,Yes,No,Croissant,Morning,Bold,Hot,USA
SB00008,Mango Refresher,Refresher,Venti,Cold,"A handcrafted Mango Refresher prepared with premium Starbucks-style coffee or tea, almond milk, hazelnut syrup and carefully balanced flavors.",Whole,3,Classic,Whipped Cream,High,62,88,22,9.0,17.7,7.3,620.5,3.8,25966,High,No,Yes,Yes,No,No,No,Cheesecake,Evening,Bold,Cold,Canada
SB00009,White Mocha Espresso,Espresso,Venti,Hot,"A handcrafted White Mocha Espresso prepared with premium Starbucks-style coffee or tea, soy milk, hazelnut syrup and carefully balanced flavors.",Almond,4,Toffee Nut,Whipped Cream,Low,145,554,49,14.0,20.0,3.86,328.1,4.5,35408,High,No,Yes,Yes,No,Yes,Yes,Cookie,Afternoon,Sweet,Hot,UK
SB00010,Vanilla Flat White,Flat White,Tall,Hot,"A handcrafted Vanilla Flat White prepared with premium Starbucks-style coffee or tea, soy milk, toffee nut syrup and carefully balanced flavors.",Almond,3,Classic,Caramel Drizzle,Medium,181,79,37,0.3,2.8,5.66,481.1,4.9,31432,High,Yes,Yes,Yes,No,Yes,Yes,Croissant,Evening,Chocolatey,Hot,Japan
SB00011,Matcha Frappuccino,Frappuccino,Grande,Cold,"A handcrafted Matcha Frappuccino prepared with premium Starbucks-style coffee or tea, soy milk, hazelnut syrup and carefully balanced flavors.",Skim,3,None,None,High,261,429,17,11.0,24.3,5.14,436.9,4.4,18843,Medium,No,Yes,Yes,No,No,Yes,Blueberry Muffin,Evening,Nutty,Cold,USA
SB00012,Classic Flat White,Flat White,Venti,Hot,"A handcrafted Classic Flat White prepared with premium Starbucks-style coffee or tea, soy milk, classic syrup and carefully balanced flavors.",Soy,4,Toffee Nut,Whipped Cream,Medium,180,461,47,14.3,13.6,3.94,334.9,4.9,48814,Very High,Yes,No,Yes,No,No,Yes,Blueberry Muffin,Evening,Bold,Hot,India
SB00013,Mango Macchiato,Macchiato,Tall,Cold,"A handcrafted Mango Macchiato prepared with premium Starbucks-style coffee or tea, soy milk, hazelnut syrup and carefully balanced flavors.",Oat,4,None,None,High,204,305,64,11.0,17.1,5.28,448.8,4.8,46759,Very High,No,Yes,Yes,No,No,No,Croissant,Evening,Bold,Cold,Japan
SB00014,Matcha Refresher,Refresher,Venti,Cold,"A handcrafted Matcha Refresher prepared with premium Starbucks-style coffee or tea, soy milk, vanilla syrup and carefully balanced flavors.",Soy,3,None,None,Low,112,398,42,10.4,24.0,5.54,470.9,3.9,30218,High,No,No,Yes,Yes,Yes,Yes,Cookie,Evening,Sweet,Cold,India
SB00015,Hazelnut Tea,Tea,Grande,Hot,"A handcrafted Hazelnut Tea prepared with premium Starbucks-style coffee or tea, almond milk, none syrup and carefully balanced flavors.",Soy,0,Vanilla,None,High,217,352,20,10.1,27.9,5.28,448.8,4.7,20543,Medium,No,No,Yes,No,Yes,No,Sandwich,Afternoon,Bold,Hot,USA
SB00016,Classic Refresher,Refresher,Tall,Cold,"A handcrafted Classic Refresher prepared with premium Starbucks-style coffee or tea, coconut milk, toffee nut syrup and carefully balanced flavors.",Oat,1,Toffee Nut,Chocolate Shavings,High,155,147,53,4.2,14.4,7.11,604.35,3.7,22387,Medium,Yes,Yes,Yes,Yes,Yes,No,Sandwich,Evening,Bold,Cold,India
SB00017,Hazelnut Espresso,Espresso,Tall,Hot,"A handcrafted Hazelnut Espresso prepared with premium Starbucks-style coffee or tea, coconut milk, none syrup and carefully balanced flavors.",Coconut,3,None,None,High,199,461,15,4.2,12.8,7.03,597.55,4.2,28313,High,No,Yes,Yes,No,No,No,Cookie,Morning,Creamy,Hot,UK
SB00018,Mocha Americano,Americano,Tall,Hot,"A handcrafted Mocha Americano prepared with premium Starbucks-style coffee or tea, soy milk, none syrup and carefully balanced flavors.",Coconut,4,None,Caramel Drizzle,Low,276,341,26,19.8,27.9,3.67,311.95,4.5,15725,Medium,No,Yes,Yes,Yes,Yes,No,Cookie,Morning,Bold,Hot,Global
SB00019,Vanilla Cappuccino,Cappuccino,Venti,Hot,"A handcrafted Vanilla Cappuccino prepared with premium Starbucks-style coffee or tea, coconut milk, classic syrup and carefully balanced flavors.",Almond,4,Caramel,Whipped Cream,Medium,110,157,35,14.9,12.0,2.85,242.25,4.4,41164,Very High,No,Yes,Yes,Yes,No,Yes,Cookie,Morning,Fruity,Hot,UK
SB00020,Strawberry Cappuccino,Cappuccino,Grande,Hot,"A handcrafted Strawberry Cappuccino prepared with premium Starbucks-style coffee or tea, whole milk, none syrup and carefully balanced flavors.",Whole,4,Hazelnut,Caramel Drizzle,High,295,255,11,3.6,9.7,3.9,331.5,4.8,35176,High,No,No,Yes,No,No,No,Cheesecake,Morning,Fruity,Hot,USA
SB00021,Mocha Cold Brew,Cold Brew,Venti,Cold,"A handcrafted Mocha Cold Brew prepared with premium Starbucks-style coffee or tea, coconut milk, caramel syrup and carefully balanced flavors.",Soy,1,Caramel,None,Medium,110,89,33,19.7,25.1,7.76,659.6,3.9,5278,Low,No,No,Yes,No,Yes,Yes,Croissant,Afternoon,Bold,Cold,India
SB00022,Classic Tea,Tea,Grande,Cold,"A handcrafted Classic Tea prepared with premium Starbucks-style coffee or tea, skim milk, toffee nut syrup and carefully balanced flavors.",Skim,3,Hazelnut,Chocolate Shavings,Medium,215,130,41,1.0,6.9,4.48,380.8,3.7,27388,High,Yes,Yes,Yes,No,No,No,Blueberry Muffin,Evening,Bold,Cold,Canada
SB00023,Mango Frappuccino,Frappuccino,Tall,Cold,"A handcrafted Mango Frappuccino prepared with premium Starbucks-style coffee or tea, coconut milk, none syrup and carefully balanced flavors.",Skim,4,Classic,None,High,44,269,14,9.0,26.8,6.1,518.5,3.5,16621,Medium,Yes,Yes,Yes,No,Yes,Yes,Cookie,Afternoon,Bold,Cold,UK
SB00024,White Mocha Mocha,Mocha,Venti,Hot,"A handcrafted White Mocha Mocha prepared with premium Starbucks-style coffee or tea, whole milk, hazelnut syrup and carefully balanced flavors.",Soy,4,Vanilla,Chocolate Shavings,Low,141,397,0,17.0,5.8,4.43,376.55,3.7,29232,High,Yes,Yes,Yes,Yes,Yes,Yes,Croissant,Morning,Nutty,Hot,Japan
SB00025,Mocha Flat White,Flat White,Venti,Hot,"A handcrafted Mocha Flat White prepared with premium Starbucks-style coffee or tea, whole milk, classic syrup and carefully balanced flavors.",Oat,0,Classic,Caramel Drizzle,Low,284,591,68,10.7,28.8,4.76,404.6,5.0,30950,High,No,Yes,Yes,No,Yes,No,Cookie,Afternoon,Fruity,Hot,Global
SB00026,Java Chip Refresher,Refresher,Tall,Cold,"A handcrafted Java Chip Refresher prepared with premium Starbucks-style coffee or tea, skim milk, hazelnut syrup and carefully balanced flavors.",Whole,4,Classic,Whipped Cream,High,201,124,20,19.4,27.6,3.11,264.35,4.8,37430,High,No,No,Yes,Yes,Yes,No,Sandwich,Afternoon,Bold,Cold,UK
SB00027,Classic Espresso,Espresso,Tall,Hot,"A handcrafted Classic Espresso prepared with premium Starbucks-style coffee or tea, skim milk, vanilla syrup and carefully balanced flavors.",Skim,2,Classic,Chocolate Shavings,High,236,572,68,14.9,1.2,7.56,642.6,3.7,43015,Very High,Yes,Yes,Yes,Yes,No,No,Cookie,Evening,Fruity,Hot,Canada
SB00028,Vanilla Espresso,Espresso,Venti,Hot,"A handcrafted Vanilla Espresso prepared with premium Starbucks-style coffee or tea, soy milk, vanilla syrup and carefully balanced flavors.",Almond,1,Vanilla,None,Low,279,510,46,14.4,5.0,7.48,635.8,4.3,839,Low,No,No,Yes,Yes,No,No,Sandwich,Evening,Chocolatey,Hot,Japan
SB00029,Strawberry Espresso,Espresso,Tall,Hot,"A handcrafted Strawberry Espresso prepared with premium Starbucks-style coffee or tea, almond milk, caramel syrup and carefully balanced flavors.",Soy,1,Vanilla,Whipped Cream,High,236,277,39,6.4,26.7,2.75,233.75,4.9,32973,High,Yes,No,Yes,No,No,Yes,Cheesecake,Afternoon,Nutty,Hot,India
SB00030,Classic Espresso,Espresso,Venti,Cold,"A handcrafted Classic Espresso prepared with premium Starbucks-style coffee or tea, coconut milk, caramel syrup and carefully balanced flavors.",Soy,4,Toffee Nut,None,Low,158,314,27,14.3,4.3,4.13,351.05,3.7,15303,Medium,Yes,No,Yes,Yes,No,Yes,Sandwich,Evening,Chocolatey,Cold,India
SB00031,Mango Flat White,Flat White,Tall,Cold,"A handcrafted Mango Flat White prepared with premium Starbucks-style coffee or tea, whole milk, hazelnut syrup and carefully balanced flavors.",Soy,4,Hazelnut,Whipped Cream,Low,156,163,23,7.6,0.5,4.75,403.75,4.4,5737,Low,Yes,Yes,Yes,Yes,Yes,No,Sandwich,Evening,Fruity,Cold,India
SB00032,White Mocha Macchiato,Macchiato,Tall,Hot,"A handcrafted White Mocha Macchiato prepared with premium Starbucks-style coffee or tea, soy milk, classic syrup and carefully balanced flavors.",Coconut,2,Hazelnut,Whipped Cream,Low,10,418,5,15.4,18.5,3.87,328.95,3.8,15391,Medium,Yes,Yes,Yes,Yes,Yes,Yes,Cheesecake,Evening,Bold,Hot,UK
SB00033,Chai Cappuccino,Cappuccino,Tall,Cold,"A handcrafted Chai Cappuccino prepared with premium Starbucks-style coffee or tea, soy milk, none syrup and carefully balanced flavors.",Almond,3,Vanilla,None,High,12,240,33,16.8,18.1,5.62,477.7,3.8,16056,Medium,No,Yes,Yes,No,No,Yes,Cheesecake,Evening,Sweet,Cold,UK
SB00034,Caramel Macchiato,Macchiato,Venti,Hot,"A handcrafted Caramel Macchiato prepared with premium Starbucks-style coffee or tea, coconut milk, hazelnut syrup and carefully balanced flavors.",Soy,2,Toffee Nut,None,Medium,245,132,44,4.1,25.8,4.75,403.75,4.7,30880,High,No,Yes,Yes,Yes,Yes,No,Sandwich,Evening,Nutty,Hot,Canada
SB00035,Matcha Flat White,Flat White,Grande,Cold,"A handcrafted Matcha Flat White prepared with premium Starbucks-style coffee or tea, whole milk, classic syrup and carefully balanced flavors.",Skim,0,None,None,Low,193,282,0,9.6,24.9,5.53,470.05,4.4,45200,Very High,No,Yes,Yes,No,Yes,No,Cookie,Morning,Nutty,Cold,India
SB00036,Matcha Cappuccino,Cappuccino,Venti,Hot,"A handcrafted Matcha Cappuccino prepared with premium Starbucks-style coffee or tea, almond milk, classic syrup and carefully balanced flavors.",Almond,1,Caramel,Caramel Drizzle,Low,70,47,28,4.0,8.4,4.89,415.65,4.9,23182,Medium,No,Yes,Yes,No,No,No,Cookie,Evening,Creamy,Hot,Canada
SB00037,Strawberry Frappuccino,Frappuccino,Grande,Cold,"A handcrafted Strawberry Frappuccino prepared with premium Starbucks-style coffee or tea, whole milk, classic syrup and carefully balanced flavors.",Soy,4,None,Chocolate Shavings,Low,95,144,61,14.3,20.2,3.28,278.8,4.1,18649,Medium,No,No,Yes,No,No,No,Cheesecake,Morning,Bold,Cold,Global
SB00038,Caramel Flat White,Flat White,Venti,Cold,"A handcrafted Caramel Flat White prepared with premium Starbucks-style coffee or tea, soy milk, classic syrup and carefully balanced flavors.",Soy,2,Hazelnut,Whipped Cream,High,8,563,47,2.8,6.5,2.58,219.3,4.2,7510,Low,Yes,Yes,Yes,No,Yes,No,Cookie,Morning,Creamy,Cold,India
SB00039,Chai Cappuccino,Cappuccino,Tall,Cold,"A handcrafted Chai Cappuccino prepared with premium Starbucks-style coffee or tea, almond milk, toffee nut syrup and carefully balanced flavors.",Skim,0,Toffee Nut,None,Low,106,369,56,11.3,20.1,4.58,389.3,3.8,13621,Medium,Yes,No,Yes,No,No,Yes,Cheesecake,Morning,Fruity,Cold,Canada
SB00040,Mocha Espresso,Espresso,Venti,Cold,"A handcrafted Mocha Espresso prepared with premium Starbucks-style coffee or tea, almond milk, toffee nut syrup and carefully balanced flavors.",Almond,3,Hazelnut,Whipped Cream,Medium,92,316,57,4.8,4.2,7.74,657.9,3.9,16788,Medium,Yes,No,Yes,Yes,Yes,No,Croissant,Morning,Bold,Cold,Global
SB00041,Matcha Refresher,Refresher,Grande,Cold,"A handcrafted Matcha Refresher prepared with premium Starbucks-style coffee or tea, almond milk, toffee nut syrup and carefully balanced flavors.",Whole,0,Hazelnut,Caramel Drizzle,High,74,60,23,18.9,22.1,6.71,570.35,4.8,21149,Medium,Yes,Yes,Yes,No,No,Yes,Croissant,Morning,Nutty,Cold,USA
SB00042,Classic Frappuccino,Frappuccino,Grande,Cold,"A handcrafted Classic Frappuccino prepared with premium Starbucks-style coffee or tea, whole milk, vanilla syrup and carefully balanced flavors.",Oat,1,Hazelnut,Chocolate Shavings,Medium,289,334,41,5.1,20.3,6.4,544.0,3.7,9944,Low,No,No,Yes,No,No,No,Cookie,Evening,Creamy,Cold,USA
SB00043,Mango Cappuccino,Cappuccino,Grande,Hot,"A handcrafted Mango Cappuccino prepared with premium Starbucks-style coffee or tea, whole milk, none syrup and carefully balanced flavors.",Skim,3,Caramel,None,Low,137,71,47,3.2,19.3,3.81,323.85,4.6,7502,Low,Yes,No,Yes,Yes,Yes,No,Blueberry Muffin,Afternoon,Nutty,Hot,Japan
SB00044,Mango Flat White,Flat White,Grande,Hot,"A handcrafted Mango Flat White prepared with premium Starbucks-style coffee or tea, soy milk, toffee nut syrup and carefully balanced flavors.",Almond,4,Hazelnut,None,Low,64,536,55,5.5,10.4,4.08,346.8,3.8,4564,Low,Yes,Yes,Yes,No,No,No,Croissant,Evening,Bold,Hot,Canada
SB00045,Vanilla Flat White,Flat White,Tall,Hot,"A handcrafted Vanilla Flat White prepared with premium Starbucks-style coffee or tea, whole milk, classic syrup and carefully balanced flavors.",Oat,1,None,Whipped Cream,Medium,84,267,70,1.8,15.2,5.06,430.1,3.7,38544,High,Yes,Yes,Yes,No,No,Yes,Cookie,Morning,Chocolatey,Hot,Japan
SB00046,Mocha Refresher,Refresher,Tall,Cold,"A handcrafted Mocha Refresher prepared with premium Starbucks-style coffee or tea, skim milk, caramel syrup and carefully balanced flavors.",Almond,3,Hazelnut,Whipped Cream,High,225,200,58,10.9,9.4,6.38,542.3,4.1,21443,Medium,Yes,Yes,Yes,No,Yes,Yes,Cheesecake,Morning,Nutty,Cold,Global
SB00047,Mango Cold Brew,Cold Brew,Venti,Cold,"A handcrafted Mango Cold Brew prepared with premium Starbucks-style coffee or tea, skim milk, vanilla syrup and carefully balanced flavors.",Almond,1,Classic,Whipped Cream,Medium,146,261,44,2.1,28.0,5.09,432.65,4.1,9417,Low,No,No,Yes,Yes,Yes,Yes,Croissant,Evening,Nutty,Cold,UK
SB00048,Matcha Americano,Americano,Tall,Cold,"A handcrafted Matcha Americano prepared with premium Starbucks-style coffee or tea, oat milk, classic syrup and carefully balanced flavors.",Almond,1,None,Chocolate Shavings,High,103,101,59,9.9,16.9,3.04,258.4,4.8,2427,Low,Yes,Yes,Yes,Yes,No,Yes,Cheesecake,Afternoon,Sweet,Cold,USA
SB00049,Matcha Americano,Americano,Grande,Cold,"A handcrafted Matcha Americano prepared with premium Starbucks-style coffee or tea, almond milk, hazelnut syrup and carefully balanced flavors.",Oat,0,Hazelnut,Caramel Drizzle,Low,167,143,42,8.3,5.5,6.39,543.15,4.3,29920,High,Yes,No,Yes,No,No,Yes,Croissant,Morning,Chocolatey,Cold,UK
SB00050,Matcha Tea,Tea,Grande,Hot,"A handcrafted Matcha Tea prepared with premium Starbucks-style coffee or tea, oat milk, classic syrup and carefully balanced flavors.",Coconut,1,Hazelnut,Whipped Cream,High,293,197,4,13.5,18.4,4.86,413.1,4.4,44326,Very High,Yes,No,Yes,Yes,No,No,Cheesecake,Afternoon,Fruity,Hot,Global
SB00051,Java Chip Macchiato,Macchiato,Venti,Cold,"A handcrafted Java Chip Macchiato prepared with premium Starbucks-style coffee or tea, almond milk, none syrup and carefully balanced flavors.",Skim,3,Vanilla,Whipped Cream,Low,169,391,69,19.8,17.4,6.84,581.4,4.1,47332,Very High,Yes,No,Yes,Yes,Yes,Yes,Cookie,Afternoon,Nutty,Cold,India
SB00052,Chai Mocha,Mocha,Tall,Hot,"A handcrafted Chai Mocha prepared with premium Starbucks-style coffee or tea, skim milk, toffee nut syrup and carefully balanced flavors.",Almond,3,Hazelnut,Chocolate Shavings,Medium,243,502,61,6.8,19.0,5.2,442.0,4.7,23247,Medium,No,No,Yes,No,Yes,Yes,Cookie,Afternoon,Chocolatey,Hot,USA
SB00053,Matcha Mocha,Mocha,Grande,Hot,"A handcrafted Matcha Mocha prepared with premium Starbucks-style coffee or tea, soy milk, toffee nut syrup and carefully balanced flavors.",Soy,3,Hazelnut,Whipped Cream,Medium,231,427,21,8.0,28.8,3.74,317.9,3.6,22944,Medium,No,Yes,Yes,Yes,No,No,Cookie,Evening,Sweet,Hot,India
SB00054,Vanilla Macchiato,Macchiato,Tall,Hot,"A handcrafted Vanilla Macchiato prepared with premium Starbucks-style coffee or tea, soy milk, none syrup and carefully balanced flavors.",Soy,0,None,Chocolate Shavings,High,274,116,43,6.9,20.8,4.63,393.55,4.3,10397,Medium,No,Yes,Yes,No,No,No,Croissant,Evening,Nutty,Hot,Canada
SB00055,Caramel Cappuccino,Cappuccino,Grande,Hot,"A handcrafted Caramel Cappuccino prepared with premium Starbucks-style coffee or tea, oat milk, none syrup and carefully balanced flavors.",Soy,0,None,Chocolate Shavings,Medium,232,194,30,16.0,14.9,3.81,323.85,4.0,38684,High,No,No,Yes,Yes,No,No,Cookie,Afternoon,Chocolatey,Hot,USA
SB00056,Classic Refresher,Refresher,Tall,Cold,"A handcrafted Classic Refresher prepared with premium Starbucks-style coffee or tea, coconut milk, hazelnut syrup and carefully balanced flavors.",Almond,1,Toffee Nut,Whipped Cream,Low,77,521,70,9.7,4.1,4.5,382.5,3.7,19525,Medium,Yes,Yes,Yes,No,No,Yes,Blueberry Muffin,Morning,Nutty,Cold,Canada
SB00057,Hazelnut Espresso,Espresso,Tall,Hot,"A handcrafted Hazelnut Espresso prepared with premium Starbucks-style coffee or tea, almond milk, none syrup and carefully balanced flavors.",Whole,1,Hazelnut,Whipped Cream,High,204,235,45,5.5,6.2,4.12,350.2,3.7,45983,Very High,No,Yes,Yes,No,Yes,Yes,Croissant,Afternoon,Sweet,Hot,Global
SB00058,Strawberry Americano,Americano,Tall,Hot,"A handcrafted Strawberry Americano prepared with premium Starbucks-style coffee or tea, oat milk, toffee nut syrup and carefully balanced flavors.",Soy,0,Caramel,Caramel Drizzle,High,157,469,32,8.1,19.2,7.71,655.35,4.9,12509,Medium,No,No,Yes,No,No,Yes,Cheesecake,Morning,Fruity,Hot,Global
SB00059,Chai Espresso,Espresso,Tall,Hot,"A handcrafted Chai Espresso prepared with premium Starbucks-style coffee or tea, whole milk, vanilla syrup and carefully balanced flavors.",Coconut,1,Caramel,Caramel Drizzle,Medium,168,195,33,2.5,21.8,4.25,361.25,4.6,18070,Medium,Yes,Yes,Yes,Yes,No,Yes,Blueberry Muffin,Evening,Creamy,Hot,Global
SB00060,Mocha Refresher,Refresher,Tall,Cold,"A handcrafted Mocha Refresher prepared with premium Starbucks-style coffee or tea, soy milk, vanilla syrup and carefully balanced flavors.",Soy,2,Hazelnut,None,Low,51,518,0,16.9,3.7,7.1,603.5,3.6,49032,Very High,Yes,No,Yes,No,Yes,Yes,Cheesecake,Evening,Bold,Cold,Canada
SB00061,Java Chip Macchiato,Macchiato,Venti,Cold,"A handcrafted Java Chip Macchiato prepared with premium Starbucks-style coffee or tea, soy milk, toffee nut syrup and carefully balanced flavors.",Whole,3,Vanilla,None,Low,137,313,22,3.8,25.1,5.1,433.5,4.1,35957,High,Yes,Yes,Yes,Yes,No,No,Cheesecake,Morning,Bold,Cold,USA
SB00062,Caramel Cappuccino,Cappuccino,Grande,Cold,"A handcrafted Caramel Cappuccino prepared with premium Starbucks-style coffee or tea, whole milk, hazelnut syrup and carefully balanced flavors.",Oat,3,Classic,None,Low,217,383,10,11.9,3.0,4.85,412.25,4.6,26245,High,No,Yes,Yes,Yes,Yes,No,Cheesecake,Morning,Bold,Cold,Japan
SB00063,Classic Flat White,Flat White,Grande,Hot,"A handcrafted Classic Flat White prepared with premium Starbucks-style coffee or tea, almond milk, none syrup and carefully balanced flavors.",Whole,3,Hazelnut,Caramel Drizzle,Low,28,180,2,10.6,22.6,5.05,429.25,4.9,44210,Very High,Yes,No,Yes,No,Yes,Yes,Cookie,Afternoon,Chocolatey,Hot,Japan
SB00064,Java Chip Flat White,Flat White,Grande,Hot,"A handcrafted Java Chip Flat White prepared with premium Starbucks-style coffee or tea, oat milk, toffee nut syrup and carefully balanced flavors.",Oat,1,Toffee Nut,Chocolate Shavings,Medium,188,458,50,11.9,23.6,6.27,532.95,3.7,6683,Low,Yes,No,Yes,No,Yes,No,Cheesecake,Morning,Nutty,Hot,Global
SB00065,Strawberry Cappuccino,Cappuccino,Grande,Cold,"A handcrafted Strawberry Cappuccino prepared with premium Starbucks-style coffee or tea, almond milk, toffee nut syrup and carefully balanced flavors.",Coconut,4,None,Whipped Cream,Medium,146,156,62,4.2,1.1,5.32,452.2,3.5,10493,Medium,Yes,No,Yes,No,No,Yes,Croissant,Morning,Bold,Cold,USA
SB00066,Vanilla Americano,Americano,Grande,Hot,"A handcrafted Vanilla Americano prepared with premium Starbucks-style coffee or tea, almond milk, hazelnut syrup and carefully balanced flavors.",Whole,1,Vanilla,Whipped Cream,Low,208,211,54,16.2,18.4,7.87,668.95,4.9,46555,Very High,No,Yes,Yes,Yes,Yes,Yes,Sandwich,Morning,Fruity,Hot,Japan
SB00067,Vanilla Cold Brew,Cold Brew,Grande,Cold,"A handcrafted Vanilla Cold Brew prepared with premium Starbucks-style coffee or tea, skim milk, toffee nut syrup and carefully balanced flavors.",Oat,2,Classic,Whipped Cream,High,120,175,12,6.6,28.7,7.1,603.5,4.4,46103,Very High,No,Yes,Yes,No,No,No,Cookie,Morning,Chocolatey,Cold,India
SB00068,Java Chip Cappuccino,Cappuccino,Venti,Hot,"A handcrafted Java Chip Cappuccino prepared with premium Starbucks-style coffee or tea, skim milk, toffee nut syrup and carefully balanced flavors.",Skim,4,None,Whipped Cream,Medium,124,67,36,16.4,1.7,8.11,689.35,4.4,26249,High,Yes,Yes,Yes,No,Yes,Yes,Croissant,Morning,Nutty,Hot,Canada
SB00069,Classic Latte,Latte,Grande,Hot,"A handcrafted Classic Latte prepared with premium Starbucks-style coffee or tea, soy milk, classic syrup and carefully balanced flavors.",Almond,2,Caramel,Chocolate Shavings,Medium,87,431,16,5.6,17.4,2.97,252.45,3.6,35787,High,No,No,Yes,Yes,Yes,Yes,Cookie,Morning,Bold,Hot,India
SB00070,Java Chip Macchiato,Macchiato,Venti,Cold,"A handcrafted Java Chip Macchiato prepared with premium Starbucks-style coffee or tea, coconut milk, vanilla syrup and carefully balanced flavors.",Oat,1,Vanilla,None,Low,127,186,27,6.6,5.4,2.75,233.75,4.2,26128,High,Yes,No,Yes,No,No,Yes,Blueberry Muffin,Morning,Creamy,Cold,UK
SB00071,Hazelnut Cappuccino,Cappuccino,Tall,Cold,"A handcrafted Hazelnut Cappuccino prepared with premium Starbucks-style coffee or tea, soy milk, hazelnut syrup and carefully balanced flavors.",Whole,3,Caramel,None,Low,221,194,11,12.4,5.1,2.98,253.3,3.5,34962,High,No,No,Yes,Yes,Yes,Yes,Cookie,Afternoon,Chocolatey,Cold,Canada
SB00072,Mocha Cappuccino,Cappuccino,Tall,Hot,"A handcrafted Mocha Cappuccino prepared with premium Starbucks-style coffee or tea, coconut milk, caramel syrup and carefully balanced flavors.",Oat,1,Caramel,Caramel Drizzle,Low,140,399,39,16.1,17.1,4.42,375.7,4.6,1170,Low,No,Yes,Yes,Yes,No,Yes,Croissant,Evening,Fruity,Hot,Japan
SB00073,Strawberry Mocha,Mocha,Venti,Cold,"A handcrafted Strawberry Mocha prepared with premium Starbucks-style coffee or tea, almond milk, vanilla syrup and carefully balanced flavors.",Oat,1,None,Whipped Cream,Low,262,49,17,4.1,21.9,6.07,515.95,3.8,27684,High,No,Yes,Yes,No,No,Yes,Cheesecake,Afternoon,Fruity,Cold,USA
SB00074,Matcha Americano,Americano,Grande,Hot,"A handcrafted Matcha Americano prepared with premium Starbucks-style coffee or tea, coconut milk, none syrup and carefully balanced flavors.",Skim,3,Vanilla,None,High,156,401,19,2.3,18.2,8.0,680.0,4.3,37933,High,Yes,Yes,Yes,No,Yes,No,Sandwich,Evening,Chocolatey,Hot,Canada
SB00075,Java Chip Cappuccino,Cappuccino,Tall,Cold,"A handcrafted Java Chip Cappuccino prepared with premium Starbucks-style coffee or tea, soy milk, toffee nut syrup and carefully balanced flavors.",Almond,3,Caramel,Whipped Cream,High,88,130,43,3.0,26.6,6.06,515.1,5.0,36083,High,Yes,Yes,Yes,No,No,Yes,Blueberry Muffin,Evening,Fruity,Cold,USA
SB00076,Vanilla Cold Brew,Cold Brew,Tall,Cold,"A handcrafted Vanilla Cold Brew prepared with premium Starbucks-style coffee or tea, skim milk, caramel syrup and carefully balanced flavors.",Soy,3,Hazelnut,Caramel Drizzle,Low,135,630,51,4.8,23.7,3.36,285.6,4.1,46808,Very High,Yes,No,Yes,Yes,No,Yes,Croissant,Afternoon,Fruity,Cold,Japan
SB00077,White Mocha Cold Brew,Cold Brew,Venti,Cold,"A handcrafted White Mocha Cold Brew prepared with premium Starbucks-style coffee or tea, oat milk, toffee nut syrup and carefully balanced flavors.",Coconut,1,Classic,Whipped Cream,High,122,136,33,2.9,9.1,3.52,299.2,3.7,14771,Medium,Yes,Yes,Yes,Yes,Yes,No,Croissant,Evening,Nutty,Cold,USA
SB00078,Matcha Refresher,Refresher,Tall,Cold,"A handcrafted Matcha Refresher prepared with premium Starbucks-style coffee or tea, whole milk, caramel syrup and carefully balanced flavors.",Coconut,0,Toffee Nut,Whipped Cream,Medium,137,201,36,10.1,25.1,2.51,213.35,3.6,22062,Medium,No,No,Yes,No,Yes,No,Croissant,Morning,Sweet,Cold,Global
SB00079,Chai Refresher,Refresher,Venti,Cold,"A handcrafted Chai Refresher prepared with premium Starbucks-style coffee or tea, soy milk, none syrup and carefully balanced flavors.",Almond,3,Hazelnut,Caramel Drizzle,Low,200,647,45,0.1,3.3,3.75,318.75,4.5,25648,High,Yes,No,Yes,Yes,Yes,No,Blueberry Muffin,Evening,Nutty,Cold,Canada
SB00080,Hazelnut Cold Brew,Cold Brew,Tall,Cold,"A handcrafted Hazelnut Cold Brew prepared with premium Starbucks-style coffee or tea, whole milk, vanilla syrup and carefully balanced flavors.",Whole,0,Vanilla,Whipped Cream,High,243,121,38,1.9,11.2,5.91,502.35,4.4,39379,High,No,Yes,Yes,Yes,Yes,No,Sandwich,Afternoon,Chocolatey,Cold,India
SB00081,White Mocha Tea,Tea,Tall,Hot,"A handcrafted White Mocha Tea prepared with premium Starbucks-style coffee or tea, coconut milk, classic syrup and carefully balanced flavors.",Almond,1,Toffee Nut,Chocolate Shavings,Medium,162,546,52,6.6,5.7,7.58,644.3,3.8,1482,Low,Yes,Yes,Yes,No,Yes,No,Cookie,Evening,Bold,Hot,India
SB00082,Classic Macchiato,Macchiato,Venti,Cold,"A handcrafted Classic Macchiato prepared with premium Starbucks-style coffee or tea, soy milk, classic syrup and carefully balanced flavors.",Whole,3,None,Chocolate Shavings,High,75,545,34,12.4,7.5,4.85,412.25,3.6,12513,Medium,No,No,Yes,No,Yes,No,Croissant,Evening,Fruity,Cold,USA
SB00083,Caramel Americano,Americano,Grande,Hot,"A handcrafted Caramel Americano prepared with premium Starbucks-style coffee or tea, soy milk, classic syrup and carefully balanced flavors.",Almond,3,Vanilla,None,Medium,255,308,3,1.2,1.2,4.15,352.75,3.6,49333,Very High,Yes,Yes,Yes,No,Yes,No,Blueberry Muffin,Morning,Creamy,Hot,India
SB00084,Matcha Americano,Americano,Tall,Hot,"A handcrafted Matcha Americano prepared with premium Starbucks-style coffee or tea, skim milk, classic syrup and carefully balanced flavors.",Oat,1,Caramel,Caramel Drizzle,High,26,331,38,16.1,14.0,3.24,275.4,4.9,26044,High,Yes,No,Yes,Yes,No,No,Blueberry Muffin,Afternoon,Creamy,Hot,Global
SB00085,Strawberry Cold Brew,Cold Brew,Tall,Cold,"A handcrafted Strawberry Cold Brew prepared with premium Starbucks-style coffee or tea, soy milk, none syrup and carefully balanced flavors.",Soy,4,Vanilla,None,High,141,211,49,5.9,9.0,3.37,286.45,4.1,10783,Medium,No,Yes,Yes,No,No,No,Blueberry Muffin,Afternoon,Sweet,Cold,Canada
SB00086,Chai Espresso,Espresso,Grande,Hot,"A handcrafted Chai Espresso prepared with premium Starbucks-style coffee or tea, soy milk, vanilla syrup and carefully balanced flavors.",Coconut,2,Hazelnut,Caramel Drizzle,High,227,195,33,11.6,0.9,6.25,531.25,3.8,1045,Low,Yes,Yes,Yes,Yes,Yes,No,Cheesecake,Evening,Sweet,Hot,Canada
SB00087,Classic Espresso,Espresso,Grande,Hot,"A handcrafted Classic Espresso prepared with premium Starbucks-style coffee or tea, whole milk, hazelnut syrup and carefully balanced flavors.",Soy,3,None,Whipped Cream,High,274,188,39,8.3,8.0,2.84,241.4,4.2,45630,Very High,No,Yes,Yes,Yes,No,No,Cheesecake,Morning,Bold,Hot,Canada
SB00088,Caramel Americano,Americano,Venti,Hot,"A handcrafted Caramel Americano prepared with premium Starbucks-style coffee or tea, whole milk, hazelnut syrup and carefully balanced flavors.",Skim,2,Vanilla,Chocolate Shavings,High,10,630,32,17.3,22.9,6.09,517.65,3.7,28060,High,No,Yes,Yes,No,Yes,Yes,Sandwich,Afternoon,Nutty,Hot,Japan
SB00089,Mocha Cold Brew,Cold Brew,Tall,Cold,"A handcrafted Mocha Cold Brew prepared with premium Starbucks-style coffee or tea, soy milk, classic syrup and carefully balanced flavors.",Skim,1,Toffee Nut,Caramel Drizzle,High,215,586,63,19.7,6.4,7.86,668.1,4.7,32513,High,Yes,Yes,Yes,Yes,Yes,Yes,Cheesecake,Evening,Bold,Cold,Canada
SB00090,Matcha Frappuccino,Frappuccino,Tall,Cold,"A handcrafted Matcha Frappuccino prepared with premium Starbucks-style coffee or tea, almond milk, classic syrup and carefully balanced flavors.",Soy,3,Vanilla,Whipped Cream,High,89,278,0,0.9,20.7,3.99,339.15,4.4,44949,Very High,Yes,No,Yes,Yes,No,No,Sandwich,Morning,Fruity,Cold,UK
SB00091,Mocha Cold Brew,Cold Brew,Venti,Cold,"A handcrafted Mocha Cold Brew prepared with premium Starbucks-style coffee or tea, skim milk, classic syrup and carefully balanced flavors.",Coconut,3,Hazelnut,Whipped Cream,High,24,583,20,18.6,20.0,3.25,276.25,3.7,24841,Medium,Yes,No,Yes,Yes,No,Yes,Cookie,Afternoon,Creamy,Cold,Japan
SB00092,Java Chip Cappuccino,Cappuccino,Grande,Hot,"A handcrafted Java Chip Cappuccino prepared with premium Starbucks-style coffee or tea, whole milk, toffee nut syrup and carefully balanced flavors.",Oat,2,Toffee Nut,Chocolate Shavings,Medium,269,309,37,14.9,8.7,2.8,238.0,4.8,14332,Medium,Yes,No,Yes,Yes,No,Yes,Cheesecake,Morning,Chocolatey,Hot,UK
SB00093,Strawberry Frappuccino,Frappuccino,Tall,Cold,"A handcrafted Strawberry Frappuccino prepared with premium Starbucks-style coffee or tea, soy milk, none syrup and carefully balanced flavors.",Soy,3,Classic,Caramel Drizzle,High,250,517,14,7.9,17.9,7.74,657.9,4.0,2667,Low,No,Yes,Yes,Yes,No,No,Blueberry Muffin,Afternoon,Sweet,Cold,USA
SB00094,White Mocha Macchiato,Macchiato,Grande,Hot,"A handcrafted White Mocha Macchiato prepared with premium Starbucks-style coffee or tea, coconut milk, vanilla syrup and carefully balanced flavors.",Coconut,1,Toffee Nut,None,High,139,596,46,17.8,15.4,6.69,568.65,5.0,19656,Medium,Yes,No,Yes,Yes,No,Yes,Blueberry Muffin,Morning,Creamy,Hot,India
SB00095,Hazelnut Refresher,Refresher,Grande,Cold,"A handcrafted Hazelnut Refresher prepared with premium Starbucks-style coffee or tea, soy milk, none syrup and carefully balanced flavors.",Oat,2,Vanilla,None,High,187,243,11,2.5,2.5,7.58,644.3,4.6,34956,High,No,No,Yes,Yes,No,Yes,Croissant,Afternoon,Creamy,Cold,Canada
SB00096,Caramel Espresso,Espresso,Tall,Hot,"A handcrafted Caramel Espresso prepared with premium Starbucks-style coffee or tea, almond milk, vanilla syrup and carefully balanced flavors.",Coconut,1,Toffee Nut,None,Medium,43,92,62,17.6,26.9,3.03,257.55,3.6,33256,High,Yes,Yes,Yes,No,Yes,Yes,Cheesecake,Evening,Sweet,Hot,India
SB00097,Classic Latte,Latte,Tall,Hot,"A handcrafted Classic Latte prepared with premium Starbucks-style coffee or tea, coconut milk, none syrup and carefully balanced flavors.",Almond,1,Vanilla,None,High,262,77,23,12.6,17.0,3.67,311.95,4.2,19977,Medium,No,No,Yes,Yes,No,No,Cookie,Afternoon,Fruity,Hot,UK
SB00098,Hazelnut Macchiato,Macchiato,Grande,Hot,"A handcrafted Hazelnut Macchiato prepared with premium Starbucks-style coffee or tea, coconut milk, vanilla syrup and carefully balanced flavors.",Coconut,3,Vanilla,Caramel Drizzle,Low,10,45,33,9.0,3.1,6.05,514.25,4.3,9817,Low,No,Yes,Yes,Yes,No,Yes,Croissant,Evening,Fruity,Hot,India
SB00099,Caramel Mocha,Mocha,Venti,Hot,"A handcrafted Caramel Mocha prepared with premium Starbucks-style coffee or tea, soy milk, toffee nut syrup and carefully balanced flavors.",Oat,2,None,None,High,119,423,20,9.4,1.2,4.9,416.5,4.3,13203,Medium,No,No,Yes,Yes,Yes,Yes,Blueberry Muffin,Morning,Chocolatey,Hot,UK
SB00100,Chai Tea,Tea,Tall,Cold,"A handcrafted Chai Tea prepared with premium Starbucks-style coffee or tea, soy milk, vanilla syrup and carefully balanced flavors.",Almond,1,Classic,Caramel Drizzle,High,280,181,33,10.2,3.1,7.85,667.25,3.5,4573,Low,Yes,Yes,Yes,Yes,Yes,No,Cheesecake,Evening,Fruity,Cold,Canada
SB00101,Strawberry Latte,Latte,Grande,Cold,"A handcrafted Strawberry Latte prepared with premium Starbucks-style coffee or tea, skim milk, none syrup and carefully balanced flavors.",Whole,2,Hazelnut,None,Medium,241,586,14,14.8,27.0,5.29,449.65,4.4,13616,Medium,No,No,Yes,Yes,No,No,Sandwich,Afternoon,Creamy,Cold,India
SB00102,Chai Tea,Tea,Venti,Hot,"A handcrafted Chai Tea prepared with premium Starbucks-style coffee or tea, coconut milk, toffee nut syrup and carefully balanced flavors.",Skim,4,Vanilla,Whipped Cream,High,6,130,31,16.1,14.1,4.47,379.95,4.7,5454,Low,Yes,Yes,Yes,No,No,No,Cheesecake,Afternoon,Creamy,Hot,Global
SB00103,Matcha Latte,Latte,Venti,Hot,"A handcrafted Matcha Latte prepared with premium Starbucks-style coffee or tea, whole milk, hazelnut syrup and carefully balanced flavors.",Oat,0,Vanilla,None,High,138,616,45,4.3,9.6,3.21,272.85,4.2,43711,Very High,No,No,Yes,Yes,No,No,Cookie,Morning,Sweet,Hot,USA
SB00104,Chai Americano,Americano,Grande,Cold,"A handcrafted Chai Americano prepared with premium Starbucks-style coffee or tea, almond milk, vanilla syrup and carefully balanced flavors.",Almond,2,Hazelnut,None,Medium,55,539,29,9.5,29.0,3.16,268.6,4.5,31794,High,No,No,Yes,Yes,Yes,No,Cookie,Afternoon,Fruity,Cold,India
SB00105,Mocha Flat White,Flat White,Venti,Cold,"A handcrafted Mocha Flat White prepared with premium Starbucks-style coffee or tea, coconut milk, toffee nut syrup and carefully balanced flavors.",Oat,0,None,Caramel Drizzle,Medium,242,349,49,17.9,7.4,3.38,287.3,4.2,41245,Very High,Yes,Yes,Yes,No,Yes,Yes,Sandwich,Afternoon,Bold,Cold,India
SB00106,Java Chip Americano,Americano,Tall,Hot,"A handcrafted Java Chip Americano prepared with premium Starbucks-style coffee or tea, coconut milk, none syrup and carefully balanced flavors.",Skim,3,Classic,Whipped Cream,Low,40,634,12,11.0,8.9,5.26,447.1,4.3,11484,Medium,Yes,Yes,Yes,Yes,No,Yes,Blueberry Muffin,Morning,Creamy,Hot,UK
SB00107,Matcha Refresher,Refresher,Tall,Cold,"A handcrafted Matcha Refresher prepared with premium Starbucks-style coffee or tea, coconut milk, caramel syrup and carefully balanced flavors.",Soy,0,Hazelnut,Chocolate Shavings,High,202,34,0,7.8,4.4,3.6,306.0,4.9,12247,Medium,Yes,No,Yes,No,Yes,No,Blueberry Muffin,Morning,Sweet,Cold,Canada
SB00108,Java Chip Espresso,Espresso,Tall,Cold,"A handcrafted Java Chip Espresso prepared with premium Starbucks-style coffee or tea, almond milk, toffee nut syrup and carefully balanced flavors.",Soy,4,Toffee Nut,Whipped Cream,Low,172,586,3,17.0,3.4,2.81,238.85,4.6,29539,High,Yes,Yes,Yes,No,Yes,Yes,Croissant,Morning,Creamy,Cold,Japan
SB00109,Chai Frappuccino,Frappuccino,Tall,Cold,"A handcrafted Chai Frappuccino prepared with premium Starbucks-style coffee or tea, oat milk, none syrup and carefully balanced flavors.",Oat,4,Caramel,Chocolate Shavings,Medium,11,71,28,15.0,16.7,3.49,296.65,4.8,5502,Low,No,Yes,Yes,No,Yes,Yes,Cookie,Afternoon,Sweet,Cold,Global
SB00110,Classic Americano,Americano,Grande,Hot,"A handcrafted Classic Americano prepared with premium Starbucks-style coffee or tea, soy milk, caramel syrup and carefully balanced flavors.",Soy,1,Vanilla,Caramel Drizzle,Low,244,84,39,1.0,3.5,3.77,320.45,4.1,11957,Medium,No,No,Yes,No,No,Yes,Blueberry Muffin,Evening,Chocolatey,Hot,USA
SB00111,White Mocha Mocha,Mocha,Grande,Hot,"A handcrafted White Mocha Mocha prepared with premium Starbucks-style coffee or tea, soy milk, vanilla syrup and carefully balanced flavors.",Skim,0,Caramel,Chocolate Shavings,Medium,82,638,42,15.1,24.5,8.17,694.45,4.4,49971,Very High,No,No,Yes,Yes,No,Yes,Cookie,Morning,Fruity,Hot,India
SB00112,Java Chip Frappuccino,Frappuccino,Venti,Cold,"A handcrafted Java Chip Frappuccino prepared with premium Starbucks-style coffee or tea, oat milk, hazelnut syrup and carefully balanced flavors.",Coconut,3,Hazelnut,None,Medium,217,320,38,14.5,11.9,7.1,603.5,5.0,17999,Medium,Yes,Yes,Yes,Yes,Yes,No,Cookie,Evening,Fruity,Cold,India
SB00113,Java Chip Cold Brew,Cold Brew,Tall,Cold,"A handcrafted Java Chip Cold Brew prepared with premium Starbucks-style coffee or tea, soy milk, vanilla syrup and carefully balanced flavors.",Coconut,0,Classic,Whipped Cream,Low,292,28,25,6.2,29.7,3.78,321.3,3.6,13865,Medium,No,Yes,Yes,No,No,No,Blueberry Muffin,Morning,Bold,Cold,India
SB00114,Vanilla Cappuccino,Cappuccino,Venti,Hot,"A handcrafted Vanilla Cappuccino prepared with premium Starbucks-style coffee or tea, whole milk, vanilla syrup and carefully balanced flavors.",Oat,0,Hazelnut,Chocolate Shavings,High,124,68,52,16.7,19.7,6.97,592.45,4.1,40381,Very High,No,No,Yes,No,No,No,Cookie,Morning,Nutty,Hot,Global
SB00115,Strawberry Espresso,Espresso,Tall,Hot,"A handcrafted Strawberry Espresso prepared with premium Starbucks-style coffee or tea, almond milk, caramel syrup and carefully balanced flavors.",Skim,1,Vanilla,Whipped Cream,Low,6,456,39,12.6,8.9,3.25,276.25,4.0,42148,Very High,No,No,Yes,Yes,No,No,Blueberry Muffin,Morning,Bold,Hot,Global
SB00116,Java Chip Macchiato,Macchiato,Venti,Hot,"A handcrafted Java Chip Macchiato prepared with premium Starbucks-style coffee or tea, coconut milk, classic syrup and carefully balanced flavors.",Almond,3,Caramel,Whipped Cream,Medium,158,112,63,3.5,25.5,6.29,534.65,4.5,26324,High,No,No,Yes,No,Yes,Yes,Blueberry Muffin,Evening,Bold,Hot,UK
SB00117,Classic Flat White,Flat White,Grande,Cold,"A handcrafted Classic Flat White prepared with premium Starbucks-style coffee or tea, whole milk, none syrup and carefully balanced flavors.",Skim,2,Caramel,Whipped Cream,Medium,291,308,24,17.2,21.0,5.58,474.3,4.8,26191,High,No,No,Yes,No,No,No,Blueberry Muffin,Evening,Sweet,Cold,Global
SB00118,Vanilla Frappuccino,Frappuccino,Tall,Cold,"A handcrafted Vanilla Frappuccino prepared with premium Starbucks-style coffee or tea, oat milk, vanilla syrup and carefully balanced flavors.",Whole,4,Toffee Nut,Caramel Drizzle,Medium,284,607,1,13.5,25.6,4.52,384.2,4.6,6547,Low,Yes,No,Yes,No,No,No,Croissant,Morning,Nutty,Cold,USA
SB00119,Matcha Americano,Americano,Tall,Hot,"A handcrafted Matcha Americano prepared with premium Starbucks-style coffee or tea, coconut milk, hazelnut syrup and carefully balanced flavors.",Oat,4,None,Chocolate Shavings,High,37,614,31,12.5,15.0,6.19,526.15,4.5,16845,Medium,No,Yes,Yes,No,Yes,Yes,Croissant,Morning,Chocolatey,Hot,Global
SB00120,Matcha Espresso,Espresso,Venti,Hot,"A handcrafted Matcha Espresso prepared with premium Starbucks-style coffee or tea, almond milk, classic syrup and carefully balanced flavors.",Skim,4,Classic,None,High,199,133,13,11.8,5.4,5.97,507.45,4.5,48834,Very High,Yes,Yes,Yes,No,Yes,No,Sandwich,Evening,Sweet,Hot,Global
SB00121,Hazelnut Americano,Americano,Tall,Cold,"A handcrafted Hazelnut Americano prepared with premium Starbucks-style coffee or tea, oat milk, none syrup and carefully balanced flavors.",Oat,2,Hazelnut,None,Medium,6,632,49,7.9,4.1,5.12,435.2,3.6,31920,High,Yes,Yes,Yes,No,Yes,Yes,Cheesecake,Afternoon,Nutty,Cold,USA
SB00122,Vanilla Flat White,Flat White,Tall,Cold,"A handcrafted Vanilla Flat White prepared with premium Starbucks-style coffee or tea, soy milk, none syrup and carefully balanced flavors.",Whole,1,Caramel,None,Low,116,568,29,5.5,24.5,7.13,606.05,4.0,3533,Low,No,No,Yes,Yes,Yes,No,Croissant,Morning,Fruity,Cold,Global
SB00123,Matcha Macchiato,Macchiato,Tall,Cold,"A handcrafted Matcha Macchiato prepared with premium Starbucks-style coffee or tea, whole milk, vanilla syrup and carefully balanced flavors.",Skim,3,Vanilla,Whipped Cream,Medium,197,106,51,6.0,27.3,4.73,402.05,4.5,11340,Medium,Yes,Yes,Yes,No,Yes,No,Cookie,Afternoon,Chocolatey,Cold,UK
SB00124,Mango Tea,Tea,Grande,Cold,"A handcrafted Mango Tea prepared with premium Starbucks-style coffee or tea, whole milk, toffee nut syrup and carefully balanced flavors.",Coconut,4,Toffee Nut,Caramel Drizzle,Low,190,441,55,9.2,21.4,5.2,442.0,3.7,10452,Medium,Yes,No,Yes,No,No,No,Cookie,Morning,Nutty,Cold,Japan
SB00125,Caramel Refresher,Refresher,Grande,Cold,"A handcrafted Caramel Refresher prepared with premium Starbucks-style coffee or tea, whole milk, classic syrup and carefully balanced flavors.",Soy,1,Vanilla,Whipped Cream,High,153,395,51,2.8,0.8,6.25,531.25,4.9,20121,Medium,No,No,Yes,Yes,Yes,No,Croissant,Evening,Fruity,Cold,Canada
SB00126,Chai Tea,Tea,Venti,Cold,"A handcrafted Chai Tea prepared with premium Starbucks-style coffee or tea, almond milk, hazelnut syrup and carefully balanced flavors.",Soy,3,Classic,Whipped Cream,Medium,61,428,19,9.7,2.2,5.53,470.05,4.8,38450,High,No,No,Yes,Yes,No,Yes,Sandwich,Morning,Bold,Cold,Global
SB00127,Vanilla Cold Brew,Cold Brew,Grande,Cold,"A handcrafted Vanilla Cold Brew prepared with premium Starbucks-style coffee or tea, oat milk, vanilla syrup and carefully balanced flavors.",Whole,2,Caramel,Chocolate Shavings,Medium,38,244,20,4.3,24.8,7.25,616.25,4.3,3977,Low,Yes,Yes,Yes,No,Yes,Yes,Cookie,Morning,Bold,Cold,India
SB00128,Mango Flat White,Flat White,Tall,Hot,"A handcrafted Mango Flat White prepared with premium Starbucks-style coffee or tea, almond milk, toffee nut syrup and carefully balanced flavors.",Whole,3,Hazelnut,None,Low,237,31,11,18.7,18.5,6.5,552.5,4.5,29208,High,Yes,No,Yes,No,Yes,No,Sandwich,Morning,Nutty,Hot,UK
SB00129,Hazelnut Mocha,Mocha,Tall,Cold,"A handcrafted Hazelnut Mocha prepared with premium Starbucks-style coffee or tea, soy milk, caramel syrup and carefully balanced flavors.",Whole,1,Classic,Caramel Drizzle,High,9,544,39,7.8,13.2,3.45,293.25,4.9,33638,High,No,No,Yes,No,Yes,Yes,Cheesecake,Evening,Creamy,Cold,India
SB00130,Mango Cappuccino,Cappuccino,Tall,Hot,"A handcrafted Mango Cappuccino prepared with premium Starbucks-style coffee or tea, soy milk, hazelnut syrup and carefully balanced flavors.",Oat,1,Hazelnut,Caramel Drizzle,Low,222,544,65,8.8,25.6,8.21,697.85,4.3,20295,Medium,Yes,No,Yes,No,Yes,Yes,Sandwich,Evening,Fruity,Hot,USA
SB00131,Matcha Espresso,Espresso,Grande,Cold,"A handcrafted Matcha Espresso prepared with premium Starbucks-style coffee or tea, whole milk, none syrup and carefully balanced flavors.",Skim,1,Caramel,Caramel Drizzle,Medium,279,97,50,3.9,11.5,3.91,332.35,4.5,31691,High,No,No,Yes,Yes,Yes,No,Cookie,Evening,Fruity,Cold,Japan
SB00132,Java Chip Latte,Latte,Grande,Cold,"A handcrafted Java Chip Latte prepared with premium Starbucks-style coffee or tea, skim milk, none syrup and carefully balanced flavors.",Skim,0,None,Caramel Drizzle,High,30,549,47,12.8,23.0,8.13,691.05,4.9,49221,Very High,No,No,Yes,Yes,No,Yes,Croissant,Afternoon,Sweet,Cold,India
SB00133,White Mocha Refresher,Refresher,Grande,Cold,"A handcrafted White Mocha Refresher prepared with premium Starbucks-style coffee or tea, skim milk, toffee nut syrup and carefully balanced flavors.",Skim,4,Caramel,Caramel Drizzle,Low,245,450,47,10.9,29.3,7.87,668.95,4.1,19943,Medium,No,No,Yes,No,No,Yes,Sandwich,Morning,Nutty,Cold,Global
SB00134,Vanilla Cappuccino,Cappuccino,Venti,Hot,"A handcrafted Vanilla Cappuccino prepared with premium Starbucks-style coffee or tea, oat milk, hazelnut syrup and carefully balanced flavors.",Skim,4,None,None,High,80,262,37,1.5,23.3,7.13,606.05,4.8,25170,High,No,Yes,Yes,No,No,No,Cheesecake,Evening,Chocolatey,Hot,UK
SB00135,Matcha Refresher,Refresher,Tall,Cold,"A handcrafted Matcha Refresher prepared with premium Starbucks-style coffee or tea, skim milk, classic syrup and carefully balanced flavors.",Almond,3,Toffee Nut,Whipped Cream,Low,178,97,36,0.0,26.2,4.78,406.3,3.8,9523,Low,Yes,Yes,Yes,No,Yes,No,Sandwich,Morning,Fruity,Cold,UK
SB00136,Hazelnut Espresso,Espresso,Grande,Cold,"A handcrafted Hazelnut Espresso prepared with premium Starbucks-style coffee or tea, whole milk, toffee nut syrup and carefully balanced flavors.",Whole,2,Toffee Nut,Whipped Cream,Low,261,637,60,1.5,11.9,7.33,623.05,4.2,29837,High,Yes,No,Yes,Yes,No,No,Cookie,Morning,Nutty,Cold,India
SB00137,Chai Cold Brew,Cold Brew,Grande,Cold,"A handcrafted Chai Cold Brew prepared with premium Starbucks-style coffee or tea, oat milk, vanilla syrup and carefully balanced flavors.",Skim,1,Vanilla,Caramel Drizzle,Low,105,285,51,10.4,4.3,7.62,647.7,3.8,12472,Medium,No,No,Yes,Yes,No,Yes,Croissant,Evening,Sweet,Cold,India
SB00138,Vanilla Macchiato,Macchiato,Venti,Cold,"A handcrafted Vanilla Macchiato prepared with premium Starbucks-style coffee or tea, soy milk, caramel syrup and carefully balanced flavors.",Skim,1,Hazelnut,None,Low,17,408,30,7.8,18.6,7.58,644.3,4.7,32245,High,No,Yes,Yes,No,No,Yes,Cookie,Evening,Nutty,Cold,UK
SB00139,White Mocha Cappuccino,Cappuccino,Tall,Hot,"A handcrafted White Mocha Cappuccino prepared with premium Starbucks-style coffee or tea, skim milk, toffee nut syrup and carefully balanced flavors.",Oat,1,Vanilla,None,High,160,302,45,16.8,9.8,5.39,458.15,4.1,44272,Very High,No,No,Yes,No,No,No,Sandwich,Morning,Nutty,Hot,India
SB00140,Strawberry Refresher,Refresher,Tall,Cold,"A handcrafted Strawberry Refresher prepared with premium Starbucks-style coffee or tea, coconut milk, toffee nut syrup and carefully balanced flavors.",Almond,3,None,Chocolate Shavings,High,65,206,52,10.7,22.1,4.41,374.85,4.2,43645,Very High,Yes,No,Yes,No,No,Yes,Cookie,Morning,Chocolatey,Cold,Global
SB00141,Mango Cold Brew,Cold Brew,Grande,Cold,"A handcrafted Mango Cold Brew prepared with premium Starbucks-style coffee or tea, soy milk, toffee nut syrup and carefully balanced flavors.",Skim,3,Hazelnut,None,High,174,615,31,17.1,6.0,7.99,679.15,3.9,36265,High,No,No,Yes,No,No,Yes,Cheesecake,Afternoon,Bold,Cold,Canada
SB00142,White Mocha Cappuccino,Cappuccino,Venti,Cold,"A handcrafted White Mocha Cappuccino prepared with premium Starbucks-style coffee or tea, soy milk, classic syrup and carefully balanced flavors.",Soy,1,Toffee Nut,Chocolate Shavings,High,26,158,11,4.6,1.5,8.29,704.65,3.5,6771,Low,Yes,No,Yes,Yes,No,Yes,Sandwich,Evening,Bold,Cold,Canada
SB00143,Java Chip Frappuccino,Frappuccino,Venti,Cold,"A handcrafted Java Chip Frappuccino prepared with premium Starbucks-style coffee or tea, whole milk, none syrup and carefully balanced flavors.",Whole,4,Vanilla,Caramel Drizzle,Medium,50,526,49,0.5,23.7,4.25,361.25,4.3,27234,High,No,No,Yes,Yes,Yes,No,Sandwich,Morning,Fruity,Cold,Japan
SB00144,Mango Espresso,Espresso,Venti,Cold,"A handcrafted Mango Espresso prepared with premium Starbucks-style coffee or tea, skim milk, vanilla syrup and carefully balanced flavors.",Soy,4,Hazelnut,Whipped Cream,Low,151,294,36,2.9,4.4,5.92,503.2,4.5,13415,Medium,Yes,Yes,Yes,Yes,Yes,No,Cookie,Morning,Bold,Cold,Canada
SB00145,Classic Espresso,Espresso,Grande,Cold,"A handcrafted Classic Espresso prepared with premium Starbucks-style coffee or tea, whole milk, caramel syrup and carefully balanced flavors.",Whole,1,None,None,High,36,75,54,7.6,10.2,3.72,316.2,4.1,13027,Medium,No,No,Yes,No,Yes,Yes,Sandwich,Afternoon,Bold,Cold,Canada
SB00146,Hazelnut Cappuccino,Cappuccino,Grande,Hot,"A handcrafted Hazelnut Cappuccino prepared with premium Starbucks-style coffee or tea, almond milk, toffee nut syrup and carefully balanced flavors.",Oat,2,Vanilla,None,Low,179,289,23,15.4,1.8,8.06,685.1,4.0,16028,Medium,No,No,Yes,Yes,No,Yes,Cheesecake,Morning,Creamy,Hot,Global
SB00147,Mango Macchiato,Macchiato,Venti,Hot,"A handcrafted Mango Macchiato prepared with premium Starbucks-style coffee or tea, coconut milk, vanilla syrup and carefully balanced flavors.",Oat,2,Caramel,Whipped Cream,Medium,17,23,50,4.4,18.9,5.11,434.35,3.7,32972,High,No,No,Yes,Yes,No,Yes,Cookie,Evening,Nutty,Hot,UK
SB00148,Vanilla Tea,Tea,Tall,Hot,"A handcrafted Vanilla Tea prepared with premium Starbucks-style coffee or tea, oat milk, caramel syrup and carefully balanced flavors.",Almond,2,Caramel,Chocolate Shavings,High,269,352,60,11.8,15.1,5.43,461.55,4.2,49839,Very High,Yes,No,Yes,Yes,No,Yes,Croissant,Afternoon,Chocolatey,Hot,Japan
SB00149,Mango Mocha,Mocha,Grande,Cold,"A handcrafted Mango Mocha prepared with premium Starbucks-style coffee or tea, almond milk, hazelnut syrup and carefully balanced flavors.",Whole,4,None,Caramel Drizzle,Medium,31,514,19,15.6,12.9,5.19,441.15,4.3,42454,Very High,No,Yes,Yes,Yes,Yes,No,Blueberry Muffin,Evening,Chocolatey,Cold,UK
SB00150,Java Chip Cold Brew,Cold Brew,Tall,Cold,"A handcrafted Java Chip Cold Brew prepared with premium Starbucks-style coffee or tea, soy milk, none syrup and carefully balanced flavors.",Soy,2,Vanilla,Caramel Drizzle,Medium,84,553,2,3.8,0.3,6.4,544.0,4.8,43145,Very High,Yes,Yes,Yes,Yes,No,Yes,Blueberry Muffin,Afternoon,Nutty,Cold,Japan
SB00151,Chai Americano,Americano,Venti,Cold,"A handcrafted Chai Americano prepared with premium Starbucks-style coffee or tea, oat milk, hazelnut syrup and carefully balanced flavors.",Skim,0,None,None,Low,52,311,48,11.9,12.8,5.55,471.75,4.5,36744,High,Yes,No,Yes,No,No,No,Croissant,Evening,Creamy,Cold,India
SB00152,Hazelnut Cold Brew,Cold Brew,Tall,Cold,"A handcrafted Hazelnut Cold Brew prepared with premium Starbucks-style coffee or tea, coconut milk, hazelnut syrup and carefully balanced flavors.",Skim,0,Caramel,None,Medium,44,314,22,3.8,5.2,5.9,501.5,4.2,37708,High,No,Yes,Yes,No,No,No,Croissant,Morning,Bold,Cold,Japan
SB00153,Classic Refresher,Refresher,Venti,Cold,"A handcrafted Classic Refresher prepared with premium Starbucks-style coffee or tea, coconut milk, toffee nut syrup and carefully balanced flavors.",Almond,0,Toffee Nut,None,High,266,486,24,17.8,13.1,5.2,442.0,3.7,42288,Very High,No,Yes,Yes,Yes,Yes,No,Sandwich,Morning,Sweet,Cold,USA
SB00154,Vanilla Cold Brew,Cold Brew,Venti,Cold,"A handcrafted Vanilla Cold Brew prepared with premium Starbucks-style coffee or tea, soy milk, hazelnut syrup and carefully balanced flavors.",Whole,0,Caramel,Caramel Drizzle,Low,178,491,2,5.5,2.9,5.55,471.75,4.6,49615,Very High,Yes,Yes,Yes,Yes,No,Yes,Croissant,Morning,Chocolatey,Cold,UK
SB00155,Mango Refresher,Refresher,Tall,Cold,"A handcrafted Mango Refresher prepared with premium Starbucks-style coffee or tea, coconut milk, toffee nut syrup and carefully balanced flavors.",Skim,1,Classic,Whipped Cream,Medium,215,501,69,1.3,27.2,6.54,555.9,4.9,48898,Very High,Yes,Yes,Yes,No,Yes,Yes,Sandwich,Evening,Chocolatey,Cold,Global
SB00156,Matcha Macchiato,Macchiato,Tall,Hot,"A handcrafted Matcha Macchiato prepared with premium Starbucks-style coffee or tea, soy milk, none syrup and carefully balanced flavors.",Whole,1,Classic,Caramel Drizzle,Medium,256,257,16,12.0,7.1,6.84,581.4,4.2,42615,Very High,Yes,No,Yes,Yes,Yes,No,Blueberry Muffin,Evening,Sweet,Hot,USA
SB00157,Caramel Mocha,Mocha,Grande,Hot,"A handcrafted Caramel Mocha prepared with premium Starbucks-style coffee or tea, skim milk, vanilla syrup and carefully balanced flavors.",Skim,1,None,Caramel Drizzle,Low,52,158,62,5.8,8.0,5.34,453.9,4.3,31280,High,Yes,No,Yes,Yes,No,Yes,Cookie,Afternoon,Sweet,Hot,Global
SB00158,Strawberry Tea,Tea,Venti,Hot,"A handcrafted Strawberry Tea prepared with premium Starbucks-style coffee or tea, oat milk, vanilla syrup and carefully balanced flavors.",Oat,4,Vanilla,Whipped Cream,Low,197,450,7,16.0,0.8,5.07,430.95,4.3,44404,Very High,Yes,Yes,Yes,No,Yes,No,Sandwich,Afternoon,Sweet,Hot,India
SB00159,Caramel Cold Brew,Cold Brew,Venti,Cold,"A handcrafted Caramel Cold Brew prepared with premium Starbucks-style coffee or tea, whole milk, none syrup and carefully balanced flavors.",Skim,1,Caramel,Caramel Drizzle,Medium,277,97,2,13.1,9.5,3.66,311.1,4.3,2091,Low,Yes,No,Yes,No,No,Yes,Blueberry Muffin,Evening,Bold,Cold,Global
SB00160,Vanilla Refresher,Refresher,Venti,Cold,"A handcrafted Vanilla Refresher prepared with premium Starbucks-style coffee or tea, oat milk, hazelnut syrup and carefully balanced flavors.",Soy,2,Hazelnut,Whipped Cream,High,144,128,60,6.7,29.6,6.57,558.45,5.0,15195,Medium,Yes,No,Yes,No,No,Yes,Cookie,Evening,Fruity,Cold,Canada
SB00161,Hazelnut Latte,Latte,Venti,Cold,"A handcrafted Hazelnut Latte prepared with premium Starbucks-style coffee or tea, skim milk, vanilla syrup and carefully balanced flavors.",Oat,1,Toffee Nut,Caramel Drizzle,Low,90,258,17,18.3,20.1,2.5,212.5,3.9,46342,Very High,Yes,No,Yes,No,No,No,Sandwich,Afternoon,Fruity,Cold,Japan
SB00162,Chai Cappuccino,Cappuccino,Grande,Hot,"A handcrafted Chai Cappuccino prepared with premium Starbucks-style coffee or tea, oat milk, caramel syrup and carefully balanced flavors.",Skim,2,Vanilla,Chocolate Shavings,Low,33,387,63,7.8,9.0,8.2,697.0,3.7,21774,Medium,No,Yes,Yes,No,Yes,Yes,Cheesecake,Evening,Bold,Hot,UK
SB00163,Caramel Frappuccino,Frappuccino,Tall,Cold,"A handcrafted Caramel Frappuccino prepared with premium Starbucks-style coffee or tea, soy milk, caramel syrup and carefully balanced flavors.",Skim,0,Toffee Nut,Whipped Cream,Low,176,582,59,0.6,7.7,3.6,306.0,3.9,6185,Low,Yes,Yes,Yes,Yes,Yes,Yes,Croissant,Evening,Bold,Cold,Japan
SB00164,Caramel Tea,Tea,Grande,Hot,"A handcrafted Caramel Tea prepared with premium Starbucks-style coffee or tea, soy milk, classic syrup and carefully balanced flavors.",Coconut,2,Caramel,Caramel Drizzle,Medium,241,428,20,18.3,20.8,6.33,538.05,4.1,20810,Medium,No,Yes,Yes,Yes,Yes,Yes,Croissant,Morning,Creamy,Hot,UK
SB00165,Caramel Mocha,Mocha,Tall,Hot,"A handcrafted Caramel Mocha prepared with premium Starbucks-style coffee or tea, oat milk, toffee nut syrup and carefully balanced flavors.",Almond,1,Toffee Nut,Caramel Drizzle,Low,239,216,4,11.3,22.1,2.93,249.05,3.5,19798,Medium,Yes,No,Yes,Yes,Yes,No,Sandwich,Morning,Sweet,Hot,Global
SB00166,Mocha Tea,Tea,Grande,Hot,"A handcrafted Mocha Tea prepared with premium Starbucks-style coffee or tea, oat milk, classic syrup and carefully balanced flavors.",Whole,4,Toffee Nut,Whipped Cream,Low,293,599,5,0.9,10.4,5.43,461.55,4.4,45032,Very High,Yes,Yes,Yes,Yes,Yes,No,Cookie,Afternoon,Chocolatey,Hot,Global
SB00167,Caramel Cappuccino,Cappuccino,Venti,Cold,"A handcrafted Caramel Cappuccino prepared with premium Starbucks-style coffee or tea, oat milk, toffee nut syrup and carefully balanced flavors.",Whole,1,Toffee Nut,None,Medium,287,299,30,6.1,27.5,7.2,612.0,4.8,16123,Medium,No,No,Yes,No,No,No,Sandwich,Afternoon,Chocolatey,Cold,Canada
SB00168,Chai Mocha,Mocha,Venti,Hot,"A handcrafted Chai Mocha prepared with premium Starbucks-style coffee or tea, skim milk, hazelnut syrup and carefully balanced flavors.",Almond,2,Classic,Whipped Cream,Low,293,215,21,18.6,11.2,6.05,514.25,4.6,19786,Medium,No,No,Yes,No,No,No,Sandwich,Morning,Creamy,Hot,Global
SB00169,Vanilla Flat White,Flat White,Tall,Cold,"A handcrafted Vanilla Flat White prepared with premium Starbucks-style coffee or tea, whole milk, vanilla syrup and carefully balanced flavors.",Soy,2,Classic,Caramel Drizzle,Low,189,183,70,12.0,11.1,8.12,690.2,4.7,31172,High,Yes,Yes,Yes,No,Yes,No,Cookie,Evening,Nutty,Cold,USA
SB00170,White Mocha Cappuccino,Cappuccino,Grande,Cold,"A handcrafted White Mocha Cappuccino prepared with premium Starbucks-style coffee or tea, skim milk, none syrup and carefully balanced flavors.",Soy,3,Classic,Whipped Cream,Low,75,540,1,9.5,22.4,5.23,444.55,4.2,23415,Medium,Yes,Yes,Yes,Yes,Yes,Yes,Sandwich,Morning,Fruity,Cold,Japan
SB00171,Mocha Refresher,Refresher,Tall,Cold,"A handcrafted Mocha Refresher prepared with premium Starbucks-style coffee or tea, skim milk, classic syrup and carefully balanced flavors.",Soy,0,None,Whipped Cream,High,283,389,40,13.6,20.4,4.14,351.9,3.6,22720,Medium,No,Yes,Yes,Yes,No,Yes,Cookie,Morning,Fruity,Cold,Canada
SB00172,Strawberry Americano,Americano,Venti,Cold,"A handcrafted Strawberry Americano prepared with premium Starbucks-style coffee or tea, oat milk, toffee nut syrup and carefully balanced flavors.",Skim,0,Vanilla,None,Medium,161,99,6,14.0,26.4,3.93,334.05,4.7,18213,Medium,Yes,Yes,Yes,Yes,No,Yes,Blueberry Muffin,Afternoon,Bold,Cold,USA
SB00173,White Mocha Frappuccino,Frappuccino,Grande,Cold,"A handcrafted White Mocha Frappuccino prepared with premium Starbucks-style coffee or tea, skim milk, caramel syrup and carefully balanced flavors.",Coconut,0,Toffee Nut,Chocolate Shavings,Low,133,554,60,10.7,28.7,3.52,299.2,4.9,7382,Low,Yes,No,Yes,No,No,No,Sandwich,Morning,Nutty,Cold,USA
SB00174,Hazelnut Refresher,Refresher,Grande,Cold,"A handcrafted Hazelnut Refresher prepared with premium Starbucks-style coffee or tea, skim milk, caramel syrup and carefully balanced flavors.",Soy,3,None,Whipped Cream,Medium,94,435,15,18.0,18.3,7.72,656.2,4.5,22402,Medium,Yes,No,Yes,Yes,No,No,Cheesecake,Evening,Creamy,Cold,Japan
SB00175,Matcha Latte,Latte,Venti,Hot,"A handcrafted Matcha Latte prepared with premium Starbucks-style coffee or tea, coconut milk, caramel syrup and carefully balanced flavors.",Whole,4,Caramel,Whipped Cream,Low,235,328,52,4.6,19.9,8.4,714.0,4.5,8604,Low,Yes,Yes,Yes,No,Yes,No,Sandwich,Evening,Chocolatey,Hot,USA
SB00176,Strawberry Tea,Tea,Tall,Hot,"A handcrafted Strawberry Tea prepared with premium Starbucks-style coffee or tea, coconut milk, hazelnut syrup and carefully balanced flavors.",Soy,3,Caramel,None,High,279,637,45,2.6,21.7,4.64,394.4,4.6,49201,Very High,Yes,No,Yes,Yes,No,Yes,Cookie,Morning,Bold,Hot,Japan
SB00177,Java Chip Latte,Latte,Tall,Hot,"A handcrafted Java Chip Latte prepared with premium Starbucks-style coffee or tea, skim milk, vanilla syrup and carefully balanced flavors.",Oat,4,Hazelnut,None,Medium,134,48,7,7.1,2.5,7.91,672.35,4.0,6765,Low,No,No,Yes,No,Yes,No,Cheesecake,Evening,Sweet,Hot,Canada
SB00178,Caramel Macchiato,Macchiato,Venti,Cold,"A handcrafted Caramel Macchiato prepared with premium Starbucks-style coffee or tea, almond milk, toffee nut syrup and carefully balanced flavors.",Almond,2,Toffee Nut,None,Low,244,516,20,13.3,3.7,7.55,641.75,4.0,27180,High,No,Yes,Yes,No,No,Yes,Sandwich,Morning,Sweet,Cold,UK
SB00179,Mango Cold Brew,Cold Brew,Venti,Cold,"A handcrafted Mango Cold Brew prepared with premium Starbucks-style coffee or tea, skim milk, caramel syrup and carefully balanced flavors.",Whole,4,Toffee Nut,Chocolate Shavings,Medium,278,549,19,8.3,14.9,7.64,649.4,4.4,9112,Low,Yes,Yes,Yes,No,Yes,No,Croissant,Morning,Fruity,Cold,USA
SB00180,Matcha Latte,Latte,Tall,Cold,"A handcrafted Matcha Latte prepared with premium Starbucks-style coffee or tea, soy milk, vanilla syrup and carefully balanced flavors.",Skim,1,Toffee Nut,Caramel Drizzle,High,203,190,65,8.6,21.9,3.44,292.4,4.6,1599,Low,No,Yes,Yes,No,No,Yes,Croissant,Evening,Creamy,Cold,UK
SB00181,White Mocha Flat White,Flat White,Venti,Cold,"A handcrafted White Mocha Flat White prepared with premium Starbucks-style coffee or tea, oat milk, none syrup and carefully balanced flavors.",Soy,2,Vanilla,None,Medium,148,127,2,13.2,24.8,4.65,395.25,4.7,12854,Medium,Yes,No,Yes,No,Yes,Yes,Blueberry Muffin,Evening,Creamy,Cold,USA
SB00182,Java Chip Espresso,Espresso,Tall,Hot,"A handcrafted Java Chip Espresso prepared with premium Starbucks-style coffee or tea, oat milk, hazelnut syrup and carefully balanced flavors.",Whole,2,Toffee Nut,None,Low,241,353,8,13.9,12.4,8.22,698.7,3.7,24952,Medium,Yes,No,Yes,No,Yes,Yes,Sandwich,Afternoon,Sweet,Hot,USA
SB00183,White Mocha Mocha,Mocha,Tall,Hot,"A handcrafted White Mocha Mocha prepared with premium Starbucks-style coffee or tea, oat milk, caramel syrup and carefully balanced flavors.",Whole,0,Vanilla,Whipped Cream,High,152,75,24,0.7,14.1,6.97,592.45,4.5,40560,Very High,No,Yes,Yes,Yes,Yes,Yes,Croissant,Afternoon,Fruity,Hot,Global
SB00184,Mocha Americano,Americano,Tall,Cold,"A handcrafted Mocha Americano prepared with premium Starbucks-style coffee or tea, oat milk, caramel syrup and carefully balanced flavors.",Oat,0,Classic,None,High,167,598,28,14.4,24.5,7.01,595.85,4.9,28891,High,No,No,Yes,Yes,No,No,Croissant,Morning,Bold,Cold,Canada
SB00185,Strawberry Americano,Americano,Venti,Hot,"A handcrafted Strawberry Americano prepared with premium Starbucks-style coffee or tea, almond milk, classic syrup and carefully balanced flavors.",Coconut,1,Classic,Whipped Cream,Low,197,580,46,2.8,0.7,4.98,423.3,4.5,5266,Low,No,Yes,Yes,No,No,No,Cookie,Afternoon,Nutty,Hot,UK
SB00186,Matcha Cappuccino,Cappuccino,Tall,Cold,"A handcrafted Matcha Cappuccino prepared with premium Starbucks-style coffee or tea, whole milk, none syrup and carefully balanced flavors.",Whole,3,Caramel,Whipped Cream,Low,113,196,20,3.3,17.8,3.58,304.3,4.7,12402,Medium,Yes,No,Yes,Yes,Yes,No,Cheesecake,Afternoon,Nutty,Cold,Japan
SB00187,Vanilla Espresso,Espresso,Grande,Hot,"A handcrafted Vanilla Espresso prepared with premium Starbucks-style coffee or tea, almond milk, toffee nut syrup and carefully balanced flavors.",Almond,4,Hazelnut,None,Medium,155,415,19,19.6,6.7,5.94,504.9,4.3,18281,Medium,No,Yes,Yes,Yes,No,Yes,Croissant,Evening,Fruity,Hot,UK
SB00188,Classic Cold Brew,Cold Brew,Venti,Cold,"A handcrafted Classic Cold Brew prepared with premium Starbucks-style coffee or tea, skim milk, hazelnut syrup and carefully balanced flavors.",Oat,2,Hazelnut,None,High,224,142,36,15.7,8.0,6.77,575.45,3.6,41812,Very High,Yes,No,Yes,Yes,No,Yes,Cookie,Afternoon,Nutty,Cold,USA
SB00189,Chai Cold Brew,Cold Brew,Grande,Cold,"A handcrafted Chai Cold Brew prepared with premium Starbucks-style coffee or tea, skim milk, none syrup and carefully balanced flavors.",Whole,4,Toffee Nut,Caramel Drizzle,Low,123,540,2,12.9,25.5,7.67,651.95,4.7,16541,Medium,No,No,Yes,No,No,No,Blueberry Muffin,Afternoon,Chocolatey,Cold,Canada
SB00190,Strawberry Cold Brew,Cold Brew,Grande,Cold,"A handcrafted Strawberry Cold Brew prepared with premium Starbucks-style coffee or tea, almond milk, none syrup and carefully balanced flavors.",Whole,0,Caramel,None,Low,260,221,52,7.1,8.8,4.3,365.5,4.5,41609,Very High,Yes,Yes,Yes,No,Yes,Yes,Croissant,Afternoon,Chocolatey,Cold,USA
SB00191,Caramel Latte,Latte,Grande,Hot,"A handcrafted Caramel Latte prepared with premium Starbucks-style coffee or tea, almond milk, hazelnut syrup and carefully balanced flavors.",Coconut,1,Vanilla,Chocolate Shavings,Medium,213,649,37,2.1,24.2,6.54,555.9,4.4,46647,Very High,No,No,Yes,No,No,Yes,Croissant,Evening,Chocolatey,Hot,UK
SB00192,Caramel Flat White,Flat White,Tall,Cold,"A handcrafted Caramel Flat White prepared with premium Starbucks-style coffee or tea, soy milk, caramel syrup and carefully balanced flavors.",Whole,0,Classic,None,Medium,142,473,59,4.5,6.9,7.66,651.1,3.5,21447,Medium,No,No,Yes,No,Yes,No,Blueberry Muffin,Evening,Chocolatey,Cold,Japan
SB00193,White Mocha Espresso,Espresso,Venti,Hot,"A handcrafted White Mocha Espresso prepared with premium Starbucks-style coffee or tea, coconut milk, caramel syrup and carefully balanced flavors.",Skim,2,None,None,Medium,21,321,70,6.3,20.4,4.51,383.35,3.9,6725,Low,No,No,Yes,No,No,Yes,Blueberry Muffin,Afternoon,Nutty,Hot,Canada
SB00194,Matcha Cappuccino,Cappuccino,Tall,Hot,"A handcrafted Matcha Cappuccino prepared with premium Starbucks-style coffee or tea, coconut milk, classic syrup and carefully balanced flavors.",Coconut,2,Hazelnut,None,High,146,172,37,18.0,29.7,7.76,659.6,3.6,949,Low,No,No,Yes,Yes,Yes,No,Cookie,Evening,Bold,Hot,USA
SB00195,Strawberry Espresso,Espresso,Tall,Cold,"A handcrafted Strawberry Espresso prepared with premium Starbucks-style coffee or tea, almond milk, none syrup and carefully balanced flavors.",Whole,1,Caramel,Chocolate Shavings,Low,175,47,7,0.3,28.6,7.51,638.35,4.7,7810,Low,Yes,Yes,Yes,Yes,Yes,Yes,Croissant,Afternoon,Chocolatey,Cold,Canada
SB00196,White Mocha Espresso,Espresso,Venti,Hot,"A handcrafted White Mocha Espresso prepared with premium Starbucks-style coffee or tea, soy milk, caramel syrup and carefully balanced flavors.",Soy,3,Toffee Nut,Caramel Drizzle,Medium,120,458,59,18.9,10.9,2.99,254.15,3.7,11578,Medium,No,Yes,Yes,No,Yes,No,Cheesecake,Afternoon,Sweet,Hot,Global
SB00197,Caramel Refresher,Refresher,Grande,Cold,"A handcrafted Caramel Refresher prepared with premium Starbucks-style coffee or tea, soy milk, hazelnut syrup and carefully balanced flavors.",Skim,4,Toffee Nut,Chocolate Shavings,Low,97,566,43,8.8,20.1,3.7,314.5,4.3,825,Low,Yes,No,Yes,Yes,Yes,No,Cookie,Morning,Sweet,Cold,Global
SB00198,White Mocha Macchiato,Macchiato,Tall,Hot,"A handcrafted White Mocha Macchiato prepared with premium Starbucks-style coffee or tea, whole milk, hazelnut syrup and carefully balanced flavors.",Coconut,4,Hazelnut,Chocolate Shavings,Medium,27,184,15,0.0,16.5,8.36,710.6,4.3,1028,Low,No,Yes,Yes,No,No,Yes,Sandwich,Morning,Sweet,Hot,Canada
SB00199,Matcha Macchiato,Macchiato,Tall,Cold,"A handcrafted Matcha Macchiato prepared with premium Starbucks-style coffee or tea, coconut milk, classic syrup and carefully balanced flavors.",Skim,1,Caramel,Whipped Cream,Low,52,591,56,2.7,16.6,4.42,375.7,4.5,29589,High,No,No,Yes,No,No,No,Blueberry Muffin,Evening,Fruity,Cold,Global
SB00200,Mocha Macchiato,Macchiato,Venti,Cold,"A handcrafted Mocha Macchiato prepared with premium Starbucks-style coffee or tea, coconut milk, classic syrup and carefully balanced flavors.",Whole,2,Hazelnut,None,Medium,94,602,7,15.6,24.6,4.49,381.65,4.3,49690,Very High,Yes,No,Yes,Yes,Yes,Yes,Croissant,Morning,Sweet,Cold,Global
SB00201,Mocha Tea,Tea,Tall,Hot,"A handcrafted Mocha Tea prepared with premium Starbucks-style coffee or tea, coconut milk, toffee nut syrup and carefully balanced flavors.",Coconut,2,Toffee Nut,Caramel Drizzle,Medium,41,183,17,13.0,20.2,3.89,330.65,3.8,49392,Very High,No,Yes,Yes,Yes,Yes,No,Cookie,Evening,Sweet,Hot,Canada
SB00202,Strawberry Frappuccino,Frappuccino,Grande,Cold,"A handcrafted Strawberry Frappuccino prepared with premium Starbucks-style coffee or tea, whole milk, toffee nut syrup and carefully balanced flavors.",Whole,4,Vanilla,Whipped Cream,Medium,32,406,8,16.2,3.6,8.03,682.55,4.1,12613,Medium,Yes,Yes,Yes,Yes,Yes,Yes,Cheesecake,Afternoon,Fruity,Cold,USA
SB00203,Chai Flat White,Flat White,Venti,Cold,"A handcrafted Chai Flat White prepared with premium Starbucks-style coffee or tea, almond milk, none syrup and carefully balanced flavors.",Oat,3,Toffee Nut,Whipped Cream,Low,193,279,0,14.0,17.7,4.13,351.05,4.8,9247,Low,Yes,Yes,Yes,Yes,No,Yes,Sandwich,Morning,Creamy,Cold,Japan
SB00204,Chai Cappuccino,Cappuccino,Grande,Cold,"A handcrafted Chai Cappuccino prepared with premium Starbucks-style coffee or tea, almond milk, caramel syrup and carefully balanced flavors.",Soy,3,Hazelnut,None,High,244,119,42,12.4,1.3,7.07,600.95,4.2,24133,Medium,No,Yes,Yes,No,Yes,Yes,Cheesecake,Evening,Chocolatey,Cold,UK
SB00205,Vanilla Espresso,Espresso,Tall,Hot,"A handcrafted Vanilla Espresso prepared with premium Starbucks-style coffee or tea, oat milk, caramel syrup and carefully balanced flavors.",Coconut,0,Vanilla,Whipped Cream,Medium,148,222,44,1.7,1.5,5.0,425.0,3.7,36731,High,Yes,No,Yes,Yes,Yes,Yes,Croissant,Afternoon,Chocolatey,Hot,UK
SB00206,Strawberry Latte,Latte,Venti,Cold,"A handcrafted Strawberry Latte prepared with premium Starbucks-style coffee or tea, whole milk, none syrup and carefully balanced flavors.",Skim,3,Toffee Nut,Whipped Cream,High,148,57,23,19.1,7.3,4.45,378.25,3.5,31597,High,Yes,No,Yes,Yes,Yes,No,Cookie,Evening,Sweet,Cold,Japan
SB00207,Matcha Mocha,Mocha,Tall,Hot,"A handcrafted Matcha Mocha prepared with premium Starbucks-style coffee or tea, almond milk, vanilla syrup and carefully balanced flavors.",Whole,1,Vanilla,None,Medium,232,92,3,6.7,7.9,5.34,453.9,4.5,18095,Medium,Yes,No,Yes,Yes,No,Yes,Croissant,Afternoon,Sweet,Hot,Global
SB00208,Mocha Mocha,Mocha,Grande,Cold,"A handcrafted Mocha Mocha prepared with premium Starbucks-style coffee or tea, coconut milk, hazelnut syrup and carefully balanced flavors.",Oat,0,None,Caramel Drizzle,Medium,283,468,40,13.0,3.3,4.22,358.7,4.3,42838,Very High,No,No,Yes,No,No,No,Blueberry Muffin,Evening,Chocolatey,Cold,India
SB00209,Hazelnut Cappuccino,Cappuccino,Grande,Cold,"A handcrafted Hazelnut Cappuccino prepared with premium Starbucks-style coffee or tea, coconut milk, vanilla syrup and carefully balanced flavors.",Skim,1,Toffee Nut,Caramel Drizzle,Medium,280,178,62,7.0,19.1,4.7,399.5,3.8,18691,Medium,Yes,Yes,Yes,Yes,Yes,No,Cheesecake,Evening,Bold,Cold,India
SB00210,Mocha Mocha,Mocha,Grande,Cold,"A handcrafted Mocha Mocha prepared with premium Starbucks-style coffee or tea, whole milk, vanilla syrup and carefully balanced flavors.",Almond,2,Toffee Nut,None,Low,12,599,20,13.5,16.6,5.51,468.35,4.1,852,Low,No,No,Yes,Yes,Yes,No,Croissant,Evening,Creamy,Cold,Japan
SB00211,Classic Cold Brew,Cold Brew,Tall,Cold,"A handcrafted Classic Cold Brew prepared with premium Starbucks-style coffee or tea, soy milk, vanilla syrup and carefully balanced flavors.",Whole,0,Classic,Caramel Drizzle,Low,121,219,51,5.9,25.9,5.96,506.6,4.8,13927,Medium,No,No,Yes,No,No,No,Croissant,Afternoon,Chocolatey,Cold,Japan
SB00212,Classic Tea,Tea,Venti,Hot,"A handcrafted Classic Tea prepared with premium Starbucks-style coffee or tea, almond milk, caramel syrup and carefully balanced flavors.",Soy,4,Caramel,Chocolate Shavings,High,91,127,25,2.9,25.9,3.12,265.2,4.9,30971,High,Yes,No,Yes,Yes,Yes,Yes,Croissant,Afternoon,Bold,Hot,UK
SB00213,Vanilla Mocha,Mocha,Tall,Cold,"A handcrafted Vanilla Mocha prepared with premium Starbucks-style coffee or tea, skim milk, none syrup and carefully balanced flavors.",Oat,3,Classic,Chocolate Shavings,High,113,650,6,13.3,10.1,6.17,524.45,4.0,49169,Very High,No,No,Yes,No,Yes,No,Croissant,Evening,Fruity,Cold,UK
SB00214,Matcha Latte,Latte,Tall,Cold,"A handcrafted Matcha Latte prepared with premium Starbucks-style coffee or tea, whole milk, classic syrup and carefully balanced flavors.",Whole,4,Caramel,Caramel Drizzle,Medium,106,139,36,6.8,2.9,6.39,543.15,4.9,31898,High,Yes,Yes,Yes,No,Yes,No,Cookie,Afternoon,Nutty,Cold,USA
SB00215,Chai Americano,Americano,Venti,Cold,"A handcrafted Chai Americano prepared with premium Starbucks-style coffee or tea, oat milk, classic syrup and carefully balanced flavors.",Whole,3,Toffee Nut,Chocolate Shavings,High,109,600,42,14.6,23.5,4.0,340.0,3.9,38332,High,Yes,Yes,Yes,No,No,Yes,Cookie,Evening,Fruity,Cold,Canada
SB00216,White Mocha Cold Brew,Cold Brew,Tall,Cold,"A handcrafted White Mocha Cold Brew prepared with premium Starbucks-style coffee or tea, soy milk, toffee nut syrup and carefully balanced flavors.",Skim,2,None,Caramel Drizzle,Medium,185,592,51,17.2,19.6,5.2,442.0,4.4,30182,High,No,Yes,Yes,No,No,Yes,Croissant,Afternoon,Fruity,Cold,Japan
SB00217,Strawberry Cold Brew,Cold Brew,Grande,Cold,"A handcrafted Strawberry Cold Brew prepared with premium Starbucks-style coffee or tea, skim milk, vanilla syrup and carefully balanced flavors.",Almond,0,Toffee Nut,Whipped Cream,Medium,89,599,69,3.6,7.6,6.46,549.1,5.0,22776,Medium,Yes,No,Yes,No,Yes,Yes,Cookie,Afternoon,Nutty,Cold,USA
SB00218,Java Chip Espresso,Espresso,Grande,Hot,"A handcrafted Java Chip Espresso prepared with premium Starbucks-style coffee or tea, almond milk, vanilla syrup and carefully balanced flavors.",Almond,1,Toffee Nut,Chocolate Shavings,Low,69,586,18,2.3,1.0,7.86,668.1,4.7,47958,Very High,No,No,Yes,No,No,Yes,Sandwich,Evening,Chocolatey,Hot,India
SB00219,Matcha Mocha,Mocha,Grande,Cold,"A handcrafted Matcha Mocha prepared with premium Starbucks-style coffee or tea, whole milk, caramel syrup and carefully balanced flavors.",Soy,4,Toffee Nut,Chocolate Shavings,High,67,545,31,8.7,16.5,3.88,329.8,4.8,10009,Medium,No,Yes,Yes,Yes,No,No,Blueberry Muffin,Evening,Bold,Cold,Japan
SB00220,Chai Latte,Latte,Venti,Hot,"A handcrafted Chai Latte prepared with premium Starbucks-style coffee or tea, almond milk, caramel syrup and carefully balanced flavors.",Skim,0,Caramel,None,Medium,142,147,28,10.4,10.8,6.29,534.65,4.5,46228,Very High,No,Yes,Yes,Yes,Yes,Yes,Sandwich,Morning,Nutty,Hot,Global
SB00221,Caramel Espresso,Espresso,Venti,Hot,"A handcrafted Caramel Espresso prepared with premium Starbucks-style coffee or tea, soy milk, hazelnut syrup and carefully balanced flavors.",Skim,3,Hazelnut,Caramel Drizzle,Medium,231,283,23,7.3,27.8,5.9,501.5,4.1,19844,Medium,No,Yes,Yes,Yes,No,No,Cookie,Evening,Nutty,Hot,India
SB00222,Hazelnut Mocha,Mocha,Grande,Cold,"A handcrafted Hazelnut Mocha prepared with premium Starbucks-style coffee or tea, almond milk, none syrup and carefully balanced flavors.",Whole,1,None,Caramel Drizzle,Medium,6,186,31,7.5,16.5,5.15,437.75,3.7,30446,High,No,Yes,Yes,Yes,No,No,Blueberry Muffin,Morning,Bold,Cold,India
SB00223,Strawberry Mocha,Mocha,Grande,Cold,"A handcrafted Strawberry Mocha prepared with premium Starbucks-style coffee or tea, oat milk, vanilla syrup and carefully balanced flavors.",Oat,2,Classic,None,High,159,471,23,13.4,19.4,5.17,439.45,3.6,32592,High,Yes,No,Yes,No,No,Yes,Blueberry Muffin,Evening,Sweet,Cold,Global
SB00224,Mango Tea,Tea,Venti,Cold,"A handcrafted Mango Tea prepared with premium Starbucks-style coffee or tea, oat milk, none syrup and carefully balanced flavors.",Soy,1,Caramel,None,Medium,265,519,50,1.1,7.6,2.91,247.35,4.2,5410,Low,No,No,Yes,Yes,Yes,No,Sandwich,Afternoon,Sweet,Cold,India
SB00225,Hazelnut Mocha,Mocha,Venti,Cold,"A handcrafted Hazelnut Mocha prepared with premium Starbucks-style coffee or tea, whole milk, vanilla syrup and carefully balanced flavors.",Whole,4,Hazelnut,Caramel Drizzle,High,12,647,32,4.0,7.2,4.94,419.9,4.2,4542,Low,No,Yes,Yes,Yes,Yes,No,Croissant,Morning,Creamy,Cold,USA
SB00226,Classic Cold Brew,Cold Brew,Tall,Cold,"A handcrafted Classic Cold Brew prepared with premium Starbucks-style coffee or tea, coconut milk, caramel syrup and carefully balanced flavors.",Coconut,4,Classic,Caramel Drizzle,Medium,299,498,60,8.7,22.1,2.77,235.45,4.1,31649,High,Yes,No,Yes,No,Yes,No,Croissant,Morning,Creamy,Cold,Canada
SB00227,Strawberry Tea,Tea,Venti,Cold,"A handcrafted Strawberry Tea prepared with premium Starbucks-style coffee or tea, whole milk, none syrup and carefully balanced flavors.",Soy,1,Vanilla,None,Medium,296,212,7,8.6,17.7,3.4,289.0,4.5,35531,High,Yes,Yes,Yes,Yes,No,Yes,Croissant,Afternoon,Bold,Cold,India
SB00228,Hazelnut Tea,Tea,Venti,Cold,"A handcrafted Hazelnut Tea prepared with premium Starbucks-style coffee or tea, soy milk, vanilla syrup and carefully balanced flavors.",Whole,4,Caramel,Whipped Cream,Medium,96,484,38,13.0,28.6,5.14,436.9,3.5,14455,Medium,Yes,No,Yes,Yes,No,Yes,Cookie,Evening,Bold,Cold,India
SB00229,Mango Refresher,Refresher,Tall,Cold,"A handcrafted Mango Refresher prepared with premium Starbucks-style coffee or tea, almond milk, caramel syrup and carefully balanced flavors.",Whole,3,Vanilla,None,High,86,61,18,3.2,29.9,3.47,294.95,3.7,29012,High,No,No,Yes,Yes,No,No,Sandwich,Morning,Creamy,Cold,India
SB00230,Chai Frappuccino,Frappuccino,Tall,Cold,"A handcrafted Chai Frappuccino prepared with premium Starbucks-style coffee or tea, oat milk, caramel syrup and carefully balanced flavors.",Coconut,2,Caramel,Whipped Cream,High,258,330,57,3.2,8.5,4.73,402.05,4.0,5842,Low,No,No,Yes,No,Yes,Yes,Blueberry Muffin,Afternoon,Bold,Cold,India
SB00231,White Mocha Latte,Latte,Tall,Hot,"A handcrafted White Mocha Latte prepared with premium Starbucks-style coffee or tea, coconut milk, caramel syrup and carefully balanced flavors.",Soy,1,Classic,Caramel Drizzle,Low,153,212,26,3.7,9.1,7.77,660.45,4.9,49568,Very High,Yes,Yes,Yes,No,Yes,No,Sandwich,Morning,Creamy,Hot,Japan
SB00232,Java Chip Espresso,Espresso,Venti,Cold,"A handcrafted Java Chip Espresso prepared with premium Starbucks-style coffee or tea, coconut milk, classic syrup and carefully balanced flavors.",Soy,1,Caramel,None,High,125,140,65,5.6,24.6,4.73,402.05,4.0,726,Low,No,Yes,Yes,Yes,Yes,No,Croissant,Morning,Sweet,Cold,India
SB00233,Vanilla Frappuccino,Frappuccino,Venti,Cold,"A handcrafted Vanilla Frappuccino prepared with premium Starbucks-style coffee or tea, skim milk, caramel syrup and carefully balanced flavors.",Whole,3,Classic,None,High,177,281,65,13.3,27.7,6.48,550.8,4.0,17192,Medium,No,Yes,Yes,No,No,No,Sandwich,Morning,Bold,Cold,Canada
SB00234,Chai Refresher,Refresher,Grande,Cold,"A handcrafted Chai Refresher prepared with premium Starbucks-style coffee or tea, whole milk, none syrup and carefully balanced flavors.",Almond,2,Classic,None,High,118,49,43,10.7,24.8,7.72,656.2,3.9,33497,High,No,No,Yes,No,No,Yes,Cookie,Evening,Fruity,Cold,Japan
SB00235,White Mocha Cappuccino,Cappuccino,Venti,Hot,"A handcrafted White Mocha Cappuccino prepared with premium Starbucks-style coffee or tea, soy milk, toffee nut syrup and carefully balanced flavors.",Whole,2,Vanilla,Whipped Cream,Low,89,247,60,18.8,13.7,6.94,589.9,4.1,21152,Medium,No,Yes,Yes,No,Yes,No,Sandwich,Evening,Fruity,Hot,India
SB00236,Classic Tea,Tea,Venti,Cold,"A handcrafted Classic Tea prepared with premium Starbucks-style coffee or tea, almond milk, classic syrup and carefully balanced flavors.",Almond,1,Toffee Nut,Whipped Cream,High,97,55,26,19.9,23.4,6.61,561.85,4.7,24548,Medium,No,No,Yes,Yes,No,No,Croissant,Morning,Chocolatey,Cold,Global
SB00237,White Mocha Cappuccino,Cappuccino,Tall,Cold,"A handcrafted White Mocha Cappuccino prepared with premium Starbucks-style coffee or tea, soy milk, hazelnut syrup and carefully balanced flavors.",Whole,3,Classic,Caramel Drizzle,High,264,343,36,16.5,14.4,3.77,320.45,3.8,4428,Low,Yes,No,Yes,No,No,No,Croissant,Afternoon,Bold,Cold,USA
SB00238,Caramel Latte,Latte,Venti,Cold,"A handcrafted Caramel Latte prepared with premium Starbucks-style coffee or tea, almond milk, none syrup and carefully balanced flavors.",Oat,3,Classic,Caramel Drizzle,Medium,125,271,6,4.1,27.7,6.65,565.25,4.4,47151,Very High,No,Yes,Yes,Yes,Yes,No,Cheesecake,Afternoon,Nutty,Cold,Global
SB00239,Mocha Espresso,Espresso,Venti,Hot,"A handcrafted Mocha Espresso prepared with premium Starbucks-style coffee or tea, whole milk, caramel syrup and carefully balanced flavors.",Soy,2,Hazelnut,Chocolate Shavings,Medium,23,146,50,3.4,17.2,6.43,546.55,3.9,36964,High,No,No,Yes,No,Yes,Yes,Croissant,Afternoon,Creamy,Hot,UK
SB00240,Classic Frappuccino,Frappuccino,Grande,Cold,"A handcrafted Classic Frappuccino prepared with premium Starbucks-style coffee or tea, soy milk, vanilla syrup and carefully balanced flavors.",Skim,3,Caramel,None,High,163,317,10,3.6,11.9,2.89,245.65,4.2,17878,Medium,Yes,No,Yes,No,Yes,Yes,Sandwich,Morning,Bold,Cold,Japan
SB00241,Caramel Mocha,Mocha,Grande,Cold,"A handcrafted Caramel Mocha prepared with premium Starbucks-style coffee or tea, skim milk, classic syrup and carefully balanced flavors.",Skim,2,Caramel,Chocolate Shavings,Low,87,231,57,17.1,14.6,7.91,672.35,3.8,19743,Medium,No,Yes,Yes,No,No,Yes,Blueberry Muffin,Afternoon,Nutty,Cold,Canada
SB00242,Vanilla Cold Brew,Cold Brew,Grande,Cold,"A handcrafted Vanilla Cold Brew prepared with premium Starbucks-style coffee or tea, coconut milk, toffee nut syrup and carefully balanced flavors.",Coconut,4,Vanilla,None,Low,189,404,35,1.7,14.9,3.15,267.75,4.7,11554,Medium,Yes,Yes,Yes,Yes,No,No,Sandwich,Morning,Fruity,Cold,Canada
SB00243,Caramel Macchiato,Macchiato,Tall,Hot,"A handcrafted Caramel Macchiato prepared with premium Starbucks-style coffee or tea, whole milk, toffee nut syrup and carefully balanced flavors.",Skim,4,Hazelnut,Chocolate Shavings,Low,14,416,19,8.9,29.0,3.78,321.3,4.7,5150,Low,No,No,Yes,No,Yes,Yes,Cookie,Evening,Chocolatey,Hot,Canada
SB00244,Vanilla Latte,Latte,Tall,Hot,"A handcrafted Vanilla Latte prepared with premium Starbucks-style coffee or tea, soy milk, vanilla syrup and carefully balanced flavors.",Whole,2,Vanilla,Chocolate Shavings,Medium,98,499,41,11.6,6.1,7.03,597.55,3.9,3739,Low,Yes,No,Yes,Yes,No,No,Croissant,Afternoon,Nutty,Hot,USA
SB00245,Matcha Cold Brew,Cold Brew,Tall,Cold,"A handcrafted Matcha Cold Brew prepared with premium Starbucks-style coffee or tea, whole milk, toffee nut syrup and carefully balanced flavors.",Soy,0,Caramel,None,Medium,123,256,66,15.3,27.3,3.63,308.55,3.6,19038,Medium,Yes,Yes,Yes,Yes,No,Yes,Blueberry Muffin,Evening,Chocolatey,Cold,Japan
SB00246,Mango Americano,Americano,Grande,Cold,"A handcrafted Mango Americano prepared with premium Starbucks-style coffee or tea, skim milk, caramel syrup and carefully balanced flavors.",Soy,0,Vanilla,Chocolate Shavings,Medium,107,52,27,0.2,29.0,5.31,451.35,4.8,47801,Very High,No,No,Yes,Yes,Yes,Yes,Cookie,Afternoon,Chocolatey,Cold,Japan
SB00247,Java Chip Refresher,Refresher,Venti,Cold,"A handcrafted Java Chip Refresher prepared with premium Starbucks-style coffee or tea, soy milk, caramel syrup and carefully balanced flavors.",Whole,1,Toffee Nut,None,Low,152,254,35,15.7,20.9,5.06,430.1,3.7,7852,Low,No,Yes,Yes,Yes,Yes,Yes,Cheesecake,Morning,Fruity,Cold,Canada
SB00248,Caramel Latte,Latte,Venti,Cold,"A handcrafted Caramel Latte prepared with premium Starbucks-style coffee or tea, oat milk, hazelnut syrup and carefully balanced flavors.",Coconut,0,Caramel,None,Medium,97,160,61,17.2,21.5,2.71,230.35,3.8,16347,Medium,Yes,No,Yes,No,Yes,No,Cookie,Morning,Fruity,Cold,Canada
SB00249,Caramel Americano,Americano,Grande,Cold,"A handcrafted Caramel Americano prepared with premium Starbucks-style coffee or tea, almond milk, toffee nut syrup and carefully balanced flavors.",Soy,0,Hazelnut,Caramel Drizzle,High,227,419,12,12.5,0.9,8.01,680.85,4.3,1303,Low,No,No,Yes,No,Yes,Yes,Cheesecake,Evening,Sweet,Cold,Japan
SB00250,Hazelnut Mocha,Mocha,Grande,Cold,"A handcrafted Hazelnut Mocha prepared with premium Starbucks-style coffee or tea, skim milk, classic syrup and carefully balanced flavors.",Almond,1,Hazelnut,Whipped Cream,High,17,633,57,2.4,20.8,4.24,360.4,4.7,45872,Very High,Yes,No,Yes,Yes,No,No,Sandwich,Evening,Chocolatey,Cold,Global
SB00251,Vanilla Cold Brew,Cold Brew,Venti,Cold,"A handcrafted Vanilla Cold Brew prepared with premium Starbucks-style coffee or tea, almond milk, none syrup and carefully balanced flavors.",Almond,1,None,Chocolate Shavings,Medium,246,90,5,15.6,4.9,4.57,388.45,3.8,39945,High,Yes,Yes,Yes,Yes,Yes,Yes,Blueberry Muffin,Evening,Creamy,Cold,Japan
SB00252,Strawberry Frappuccino,Frappuccino,Grande,Cold,"A handcrafted Strawberry Frappuccino prepared with premium Starbucks-style coffee or tea, skim milk, caramel syrup and carefully balanced flavors.",Oat,4,Vanilla,None,Low,158,137,14,9.2,1.0,4.25,361.25,4.8,13835,Medium,No,No,Yes,No,Yes,Yes,Cheesecake,Afternoon,Bold,Cold,USA
SB00253,Java Chip Americano,Americano,Tall,Hot,"A handcrafted Java Chip Americano prepared with premium Starbucks-style coffee or tea, coconut milk, vanilla syrup and carefully balanced flavors.",Oat,1,Vanilla,None,Low,194,71,36,13.5,4.4,7.81,663.85,4.2,19018,Medium,Yes,No,Yes,Yes,No,No,Cookie,Afternoon,Bold,Hot,UK
SB00254,Java Chip Latte,Latte,Grande,Cold,"A handcrafted Java Chip Latte prepared with premium Starbucks-style coffee or tea, soy milk, vanilla syrup and carefully balanced flavors.",Coconut,1,None,Whipped Cream,Medium,219,352,55,2.6,22.6,3.19,271.15,5.0,43704,Very High,Yes,Yes,Yes,Yes,No,No,Blueberry Muffin,Afternoon,Chocolatey,Cold,India
SB00255,Vanilla Cappuccino,Cappuccino,Tall,Hot,"A handcrafted Vanilla Cappuccino prepared with premium Starbucks-style coffee or tea, almond milk, hazelnut syrup and carefully balanced flavors.",Almond,0,Classic,Chocolate Shavings,High,44,571,49,2.8,6.5,6.65,565.25,4.7,16035,Medium,Yes,Yes,Yes,No,Yes,Yes,Croissant,Evening,Nutty,Hot,India
SB00256,Strawberry Cappuccino,Cappuccino,Venti,Hot,"A handcrafted Strawberry Cappuccino prepared with premium Starbucks-style coffee or tea, coconut milk, toffee nut syrup and carefully balanced flavors.",Soy,0,Vanilla,Chocolate Shavings,Medium,145,534,40,13.6,18.8,5.47,464.95,4.7,41813,Very High,No,Yes,Yes,No,No,Yes,Blueberry Muffin,Evening,Chocolatey,Hot,UK
SB00257,Java Chip Frappuccino,Frappuccino,Tall,Cold,"A handcrafted Java Chip Frappuccino prepared with premium Starbucks-style coffee or tea, oat milk, caramel syrup and carefully balanced flavors.",Soy,2,Classic,Caramel Drizzle,High,299,527,65,18.6,24.6,4.8,408.0,5.0,1079,Low,Yes,No,Yes,Yes,No,Yes,Sandwich,Morning,Sweet,Cold,Japan
SB00258,Strawberry Cappuccino,Cappuccino,Grande,Hot,"A handcrafted Strawberry Cappuccino prepared with premium Starbucks-style coffee or tea, soy milk, caramel syrup and carefully balanced flavors.",Soy,3,Vanilla,Chocolate Shavings,Medium,33,413,27,6.8,6.5,7.9,671.5,4.3,16374,Medium,No,Yes,Yes,No,No,Yes,Cookie,Evening,Sweet,Hot,India
SB00259,Strawberry Tea,Tea,Tall,Hot,"A handcrafted Strawberry Tea prepared with premium Starbucks-style coffee or tea, oat milk, vanilla syrup and carefully balanced flavors.",Whole,2,Classic,Whipped Cream,Low,134,425,56,15.8,9.9,4.06,345.1,4.0,16461,Medium,Yes,No,Yes,Yes,Yes,Yes,Blueberry Muffin,Morning,Bold,Hot,Japan
SB00260,Caramel Cold Brew,Cold Brew,Tall,Cold,"A handcrafted Caramel Cold Brew prepared with premium Starbucks-style coffee or tea, skim milk, caramel syrup and carefully balanced flavors.",Whole,1,None,None,High,255,494,60,5.9,25.3,5.58,474.3,4.3,36976,High,Yes,No,Yes,Yes,Yes,No,Sandwich,Evening,Chocolatey,Cold,Japan
SB00261,Chai Tea,Tea,Venti,Cold,"A handcrafted Chai Tea prepared with premium Starbucks-style coffee or tea, soy milk, none syrup and carefully balanced flavors.",Whole,4,Caramel,None,High,92,648,1,10.3,20.1,5.07,430.95,3.7,6163,Low,Yes,No,Yes,Yes,No,Yes,Croissant,Afternoon,Fruity,Cold,Global
SB00262,Hazelnut Frappuccino,Frappuccino,Venti,Cold,"A handcrafted Hazelnut Frappuccino prepared with premium Starbucks-style coffee or tea, whole milk, vanilla syrup and carefully balanced flavors.",Oat,1,None,None,Low,57,134,70,11.0,11.4,5.92,503.2,4.4,32110,High,No,No,Yes,No,No,No,Cheesecake,Evening,Creamy,Cold,USA
SB00263,Java Chip Americano,Americano,Venti,Cold,"A handcrafted Java Chip Americano prepared with premium Starbucks-style coffee or tea, soy milk, classic syrup and carefully balanced flavors.",Whole,4,Hazelnut,Whipped Cream,High,237,626,33,16.0,10.1,5.73,487.05,4.3,33135,High,Yes,Yes,Yes,Yes,Yes,Yes,Blueberry Muffin,Evening,Sweet,Cold,Canada
SB00264,Caramel Latte,Latte,Tall,Hot,"A handcrafted Caramel Latte prepared with premium Starbucks-style coffee or tea, skim milk, toffee nut syrup and carefully balanced flavors.",Coconut,2,Toffee Nut,Whipped Cream,Low,178,637,54,5.4,18.6,8.11,689.35,3.7,1209,Low,No,No,Yes,Yes,No,No,Cheesecake,Evening,Chocolatey,Hot,India
SB00265,Mocha Flat White,Flat White,Grande,Hot,"A handcrafted Mocha Flat White prepared with premium Starbucks-style coffee or tea, whole milk, vanilla syrup and carefully balanced flavors.",Coconut,2,Caramel,Whipped Cream,Low,197,375,10,14.1,22.0,7.37,626.45,3.8,10905,Medium,Yes,No,Yes,Yes,No,No,Blueberry Muffin,Evening,Bold,Hot,USA
SB00266,Caramel Latte,Latte,Venti,Hot,"A handcrafted Caramel Latte prepared with premium Starbucks-style coffee or tea, oat milk, classic syrup and carefully balanced flavors.",Whole,1,Classic,Chocolate Shavings,Low,166,385,51,12.4,9.6,3.94,334.9,4.0,29053,High,No,No,Yes,No,Yes,No,Croissant,Evening,Sweet,Hot,Global
SB00267,Chai Cold Brew,Cold Brew,Venti,Cold,"A handcrafted Chai Cold Brew prepared with premium Starbucks-style coffee or tea, skim milk, vanilla syrup and carefully balanced flavors.",Oat,2,Vanilla,Caramel Drizzle,High,262,569,57,12.4,10.2,3.79,322.15,4.1,26664,High,Yes,No,Yes,Yes,Yes,No,Cookie,Morning,Sweet,Cold,UK
SB00268,Vanilla Macchiato,Macchiato,Venti,Cold,"A handcrafted Vanilla Macchiato prepared with premium Starbucks-style coffee or tea, oat milk, vanilla syrup and carefully balanced flavors.",Whole,3,Vanilla,None,Low,298,23,11,2.7,3.8,5.64,479.4,4.5,4188,Low,No,No,Yes,No,No,No,Cookie,Evening,Fruity,Cold,Global
SB00269,Strawberry Macchiato,Macchiato,Tall,Hot,"A handcrafted Strawberry Macchiato prepared with premium Starbucks-style coffee or tea, whole milk, vanilla syrup and carefully balanced flavors.",Almond,1,Hazelnut,Chocolate Shavings,High,251,331,23,15.5,3.9,8.21,697.85,3.7,39130,High,No,Yes,Yes,No,No,Yes,Sandwich,Morning,Nutty,Hot,Canada
SB00270,Vanilla Espresso,Espresso,Venti,Cold,"A handcrafted Vanilla Espresso prepared with premium Starbucks-style coffee or tea, whole milk, hazelnut syrup and carefully balanced flavors.",Oat,3,Hazelnut,Caramel Drizzle,Low,197,458,54,16.1,7.5,5.15,437.75,4.3,10482,Medium,Yes,Yes,Yes,Yes,No,No,Sandwich,Morning,Fruity,Cold,UK
SB00271,Matcha Tea,Tea,Tall,Hot,"A handcrafted Matcha Tea prepared with premium Starbucks-style coffee or tea, coconut milk, hazelnut syrup and carefully balanced flavors.",Coconut,1,Hazelnut,Chocolate Shavings,Medium,162,309,53,12.9,5.6,5.49,466.65,3.9,20249,Medium,No,Yes,Yes,No,No,Yes,Sandwich,Afternoon,Sweet,Hot,Japan
SB00272,Mango Macchiato,Macchiato,Tall,Cold,"A handcrafted Mango Macchiato prepared with premium Starbucks-style coffee or tea, oat milk, classic syrup and carefully balanced flavors.",Soy,3,Classic,None,Medium,48,400,21,4.2,0.7,5.58,474.3,3.6,625,Low,Yes,Yes,Yes,Yes,Yes,Yes,Cookie,Morning,Creamy,Cold,Japan
SB00273,Caramel Flat White,Flat White,Tall,Hot,"A handcrafted Caramel Flat White prepared with premium Starbucks-style coffee or tea, skim milk, classic syrup and carefully balanced flavors.",Whole,4,Toffee Nut,Whipped Cream,Medium,86,643,69,6.5,28.8,2.74,232.9,4.0,11081,Medium,Yes,Yes,Yes,Yes,No,Yes,Croissant,Afternoon,Chocolatey,Hot,USA
SB00274,Caramel Tea,Tea,Grande,Cold,"A handcrafted Caramel Tea prepared with premium Starbucks-style coffee or tea, almond milk, caramel syrup and carefully balanced flavors.",Whole,1,Toffee Nut,None,Low,24,613,48,9.0,26.0,7.91,672.35,4.6,42841,Very High,Yes,No,Yes,No,Yes,No,Blueberry Muffin,Afternoon,Nutty,Cold,India
SB00275,Mango Cold Brew,Cold Brew,Grande,Cold,"A handcrafted Mango Cold Brew prepared with premium Starbucks-style coffee or tea, oat milk, hazelnut syrup and carefully balanced flavors.",Skim,1,Caramel,Whipped Cream,High,133,136,9,3.4,8.2,6.1,518.5,4.0,33165,High,No,No,Yes,Yes,Yes,No,Cheesecake,Morning,Bold,Cold,Global
SB00276,Caramel Espresso,Espresso,Grande,Cold,"A handcrafted Caramel Espresso prepared with premium Starbucks-style coffee or tea, coconut milk, none syrup and carefully balanced flavors.",Soy,4,Vanilla,None,Low,49,25,55,1.9,17.0,4.92,418.2,4.5,10378,Medium,Yes,No,Yes,Yes,No,No,Croissant,Evening,Sweet,Cold,Global
SB00277,Vanilla Espresso,Espresso,Venti,Cold,"A handcrafted Vanilla Espresso prepared with premium Starbucks-style coffee or tea, skim milk, toffee nut syrup and carefully balanced flavors.",Almond,4,Vanilla,Chocolate Shavings,High,29,27,58,7.0,0.1,7.35,624.75,4.8,39518,High,No,Yes,Yes,No,Yes,No,Cookie,Evening,Bold,Cold,Japan
SB00278,Chai Mocha,Mocha,Tall,Cold,"A handcrafted Chai Mocha prepared with premium Starbucks-style coffee or tea, coconut milk, hazelnut syrup and carefully balanced flavors.",Whole,3,Vanilla,Chocolate Shavings,High,25,239,36,9.7,7.0,5.33,453.05,3.7,41068,Very High,Yes,No,Yes,No,No,Yes,Blueberry Muffin,Afternoon,Fruity,Cold,Japan
SB00279,Hazelnut Macchiato,Macchiato,Tall,Cold,"A handcrafted Hazelnut Macchiato prepared with premium Starbucks-style coffee or tea, whole milk, hazelnut syrup and carefully balanced flavors.",Whole,3,Caramel,Whipped Cream,High,267,549,63,14.0,6.0,3.27,277.95,3.5,32138,High,No,No,Yes,Yes,Yes,Yes,Blueberry Muffin,Morning,Creamy,Cold,USA
SB00280,Java Chip Americano,Americano,Grande,Cold,"A handcrafted Java Chip Americano prepared with premium Starbucks-style coffee or tea, skim milk, vanilla syrup and carefully balanced flavors.",Oat,4,Caramel,None,High,217,121,66,16.1,7.9,4.78,406.3,4.1,47718,Very High,No,Yes,Yes,No,No,No,Croissant,Evening,Chocolatey,Cold,Global
SB00281,Classic Frappuccino,Frappuccino,Venti,Cold,"A handcrafted Classic Frappuccino prepared with premium Starbucks-style coffee or tea, whole milk, toffee nut syrup and carefully balanced flavors.",Almond,2,Classic,None,High,223,227,41,10.9,25.3,6.35,539.75,4.7,22987,Medium,No,No,Yes,No,Yes,Yes,Cookie,Afternoon,Chocolatey,Cold,USA
SB00282,Caramel Macchiato,Macchiato,Grande,Cold,"A handcrafted Caramel Macchiato prepared with premium Starbucks-style coffee or tea, oat milk, classic syrup and carefully balanced flavors.",Coconut,0,Toffee Nut,Caramel Drizzle,High,113,307,14,1.5,24.3,4.18,355.3,4.9,523,Low,Yes,No,Yes,Yes,No,No,Cookie,Evening,Sweet,Cold,India
SB00283,Strawberry Espresso,Espresso,Grande,Hot,"A handcrafted Strawberry Espresso prepared with premium Starbucks-style coffee or tea, almond milk, caramel syrup and carefully balanced flavors.",Coconut,3,Vanilla,Whipped Cream,High,257,611,61,17.0,14.7,4.29,364.65,4.4,38161,High,Yes,No,Yes,No,Yes,No,Cookie,Evening,Creamy,Hot,Global
SB00284,Chai Latte,Latte,Venti,Hot,"A handcrafted Chai Latte prepared with premium Starbucks-style coffee or tea, whole milk, vanilla syrup and carefully balanced flavors.",Almond,4,Classic,None,High,242,417,39,19.5,8.6,4.69,398.65,4.2,36682,High,Yes,No,Yes,No,Yes,Yes,Croissant,Morning,Nutty,Hot,Global
SB00285,Mocha Flat White,Flat White,Tall,Hot,"A handcrafted Mocha Flat White prepared with premium Starbucks-style coffee or tea, skim milk, toffee nut syrup and carefully balanced flavors.",Whole,3,None,Chocolate Shavings,Low,271,621,31,16.5,25.5,4.21,357.85,4.0,28860,High,Yes,Yes,Yes,Yes,No,No,Blueberry Muffin,Morning,Fruity,Hot,Global
SB00286,Java Chip Mocha,Mocha,Venti,Cold,"A handcrafted Java Chip Mocha prepared with premium Starbucks-style coffee or tea, coconut milk, classic syrup and carefully balanced flavors.",Oat,4,Vanilla,Whipped Cream,High,53,80,43,11.8,19.0,4.94,419.9,4.9,12755,Medium,No,No,Yes,Yes,No,Yes,Sandwich,Afternoon,Sweet,Cold,Global
SB00287,Java Chip Tea,Tea,Grande,Cold,"A handcrafted Java Chip Tea prepared with premium Starbucks-style coffee or tea, whole milk, classic syrup and carefully balanced flavors.",Oat,1,Classic,Chocolate Shavings,Medium,107,304,6,13.1,11.1,4.49,381.65,3.7,1575,Low,No,Yes,Yes,Yes,No,Yes,Cheesecake,Afternoon,Nutty,Cold,Global
SB00288,Strawberry Latte,Latte,Grande,Cold,"A handcrafted Strawberry Latte prepared with premium Starbucks-style coffee or tea, skim milk, hazelnut syrup and carefully balanced flavors.",Soy,1,Hazelnut,Caramel Drizzle,High,117,27,31,7.3,14.1,8.02,681.7,4.9,1428,Low,Yes,No,Yes,Yes,Yes,Yes,Sandwich,Morning,Nutty,Cold,Japan
SB00289,Strawberry Mocha,Mocha,Tall,Hot,"A handcrafted Strawberry Mocha prepared with premium Starbucks-style coffee or tea, coconut milk, vanilla syrup and carefully balanced flavors.",Oat,1,Hazelnut,Whipped Cream,High,240,428,55,0.1,14.7,4.21,357.85,4.0,27592,High,No,No,Yes,Yes,No,Yes,Sandwich,Morning,Creamy,Hot,India
SB00290,Classic Cold Brew,Cold Brew,Grande,Cold,"A handcrafted Classic Cold Brew prepared with premium Starbucks-style coffee or tea, skim milk, hazelnut syrup and carefully balanced flavors.",Oat,3,Hazelnut,Chocolate Shavings,Medium,181,319,7,18.0,23.1,3.39,288.15,4.4,49561,Very High,Yes,Yes,Yes,No,Yes,Yes,Cookie,Morning,Creamy,Cold,UK
SB00291,Matcha Cold Brew,Cold Brew,Venti,Cold,"A handcrafted Matcha Cold Brew prepared with premium Starbucks-style coffee or tea, almond milk, caramel syrup and carefully balanced flavors.",Coconut,2,Hazelnut,Caramel Drizzle,Low,163,282,5,18.1,6.3,8.21,697.85,4.9,3301,Low,Yes,No,Yes,Yes,Yes,No,Croissant,Afternoon,Sweet,Cold,India
SB00292,Hazelnut Espresso,Espresso,Tall,Hot,"A handcrafted Hazelnut Espresso prepared with premium Starbucks-style coffee or tea, coconut milk, toffee nut syrup and carefully balanced flavors.",Oat,4,Toffee Nut,Whipped Cream,High,105,132,36,19.4,15.9,4.46,379.1,4.0,24827,Medium,Yes,Yes,Yes,Yes,No,No,Cookie,Afternoon,Creamy,Hot,India
SB00293,Java Chip Espresso,Espresso,Grande,Hot,"A handcrafted Java Chip Espresso prepared with premium Starbucks-style coffee or tea, whole milk, classic syrup and carefully balanced flavors.",Skim,1,Vanilla,Caramel Drizzle,High,138,586,63,11.7,11.0,3.29,279.65,4.8,1929,Low,Yes,No,Yes,Yes,Yes,Yes,Blueberry Muffin,Morning,Sweet,Hot,India
SB00294,Mocha Frappuccino,Frappuccino,Tall,Cold,"A handcrafted Mocha Frappuccino prepared with premium Starbucks-style coffee or tea, coconut milk, toffee nut syrup and carefully balanced flavors.",Skim,2,Hazelnut,None,High,124,392,28,11.6,9.8,7.67,651.95,3.8,7197,Low,Yes,No,Yes,No,No,Yes,Blueberry Muffin,Afternoon,Bold,Cold,Global
SB00295,Vanilla Flat White,Flat White,Grande,Hot,"A handcrafted Vanilla Flat White prepared with premium Starbucks-style coffee or tea, oat milk, toffee nut syrup and carefully balanced flavors.",Coconut,0,Caramel,Caramel Drizzle,Medium,34,352,7,13.8,23.2,3.48,295.8,4.7,14291,Medium,No,Yes,Yes,No,No,No,Cheesecake,Morning,Bold,Hot,Japan
SB00296,Java Chip Macchiato,Macchiato,Venti,Hot,"A handcrafted Java Chip Macchiato prepared with premium Starbucks-style coffee or tea, skim milk, vanilla syrup and carefully balanced flavors.",Coconut,0,Toffee Nut,Whipped Cream,Low,287,485,21,10.0,4.4,2.66,226.1,4.7,43268,Very High,Yes,No,Yes,Yes,Yes,No,Sandwich,Afternoon,Bold,Hot,Canada
SB00297,Caramel Cappuccino,Cappuccino,Tall,Hot,"A handcrafted Caramel Cappuccino prepared with premium Starbucks-style coffee or tea, whole milk, hazelnut syrup and carefully balanced flavors.",Oat,4,Hazelnut,Whipped Cream,Medium,13,470,12,15.5,2.6,4.36,370.6,5.0,18094,Medium,Yes,No,Yes,No,No,Yes,Cookie,Evening,Fruity,Hot,Canada
SB00298,Hazelnut Frappuccino,Frappuccino,Tall,Cold,"A handcrafted Hazelnut Frappuccino prepared with premium Starbucks-style coffee or tea, skim milk, none syrup and carefully balanced flavors.",Whole,1,None,None,Low,49,187,68,5.6,28.7,4.73,402.05,4.1,21901,Medium,No,Yes,Yes,No,Yes,Yes,Cheesecake,Afternoon,Chocolatey,Cold,Global
SB00299,Java Chip Espresso,Espresso,Venti,Cold,"A handcrafted Java Chip Espresso prepared with premium Starbucks-style coffee or tea, skim milk, vanilla syrup and carefully balanced flavors.",Whole,1,Vanilla,None,Medium,34,405,48,2.7,21.4,6.38,542.3,4.6,20407,Medium,No,Yes,Yes,Yes,Yes,Yes,Sandwich,Afternoon,Bold,Cold,Canada
SB00300,Mango Espresso,Espresso,Grande,Hot,"A handcrafted Mango Espresso prepared with premium Starbucks-style coffee or tea, coconut milk, vanilla syrup and carefully balanced flavors.",Oat,3,Classic,Chocolate Shavings,Low,151,215,37,15.6,27.1,6.84,581.4,4.4,2403,Low,No,Yes,Yes,Yes,Yes,Yes,Cookie,Afternoon,Bold,Hot,Japan
SB00301,Mocha Mocha,Mocha,Venti,Hot,"A handcrafted Mocha Mocha prepared with premium Starbucks-style coffee or tea, whole milk, vanilla syrup and carefully balanced flavors.",Coconut,4,Classic,None,Medium,213,502,0,15.7,27.7,3.8,323.0,4.7,34037,High,No,Yes,Yes,Yes,No,Yes,Blueberry Muffin,Afternoon,Chocolatey,Hot,USA
SB00302,White Mocha Latte,Latte,Tall,Cold,"A handcrafted White Mocha Latte prepared with premium Starbucks-style coffee or tea, coconut milk, caramel syrup and carefully balanced flavors.",Whole,3,Caramel,None,Medium,170,514,48,1.9,23.7,3.83,325.55,4.9,47256,Very High,Yes,Yes,Yes,No,Yes,Yes,Cheesecake,Morning,Bold,Cold,UK
SB00303,Chai Mocha,Mocha,Venti,Cold,"A handcrafted Chai Mocha prepared with premium Starbucks-style coffee or tea, whole milk, classic syrup and carefully balanced flavors.",Soy,2,None,Caramel Drizzle,Low,9,43,2,11.9,9.0,5.45,463.25,4.1,45140,Very High,Yes,No,Yes,Yes,Yes,Yes,Sandwich,Evening,Chocolatey,Cold,India
SB00304,Java Chip Americano,Americano,Tall,Hot,"A handcrafted Java Chip Americano prepared with premium Starbucks-style coffee or tea, oat milk, none syrup and carefully balanced flavors.",Skim,2,None,Caramel Drizzle,Medium,113,548,7,9.7,2.1,5.62,477.7,4.0,46065,Very High,Yes,Yes,Yes,No,No,No,Cheesecake,Evening,Sweet,Hot,Japan
SB00305,White Mocha Cold Brew,Cold Brew,Grande,Cold,"A handcrafted White Mocha Cold Brew prepared with premium Starbucks-style coffee or tea, almond milk, classic syrup and carefully balanced flavors.",Coconut,4,Hazelnut,None,Medium,121,267,54,6.0,17.3,4.79,407.15,4.6,49473,Very High,Yes,Yes,Yes,Yes,Yes,No,Cheesecake,Evening,Fruity,Cold,USA
SB00306,Mocha Tea,Tea,Grande,Hot,"A handcrafted Mocha Tea prepared with premium Starbucks-style coffee or tea, oat milk, caramel syrup and carefully balanced flavors.",Soy,4,None,Chocolate Shavings,Medium,239,90,29,0.6,8.2,7.0,595.0,4.0,38788,High,Yes,Yes,Yes,No,No,No,Cookie,Evening,Creamy,Hot,Global
SB00307,White Mocha Macchiato,Macchiato,Venti,Cold,"A handcrafted White Mocha Macchiato prepared with premium Starbucks-style coffee or tea, soy milk, hazelnut syrup and carefully balanced flavors.",Skim,4,Vanilla,None,Medium,209,220,25,0.1,21.8,6.65,565.25,3.5,42001,Very High,Yes,Yes,Yes,No,Yes,Yes,Blueberry Muffin,Afternoon,Creamy,Cold,Global
SB00308,Chai Cold Brew,Cold Brew,Venti,Cold,"A handcrafted Chai Cold Brew prepared with premium Starbucks-style coffee or tea, oat milk, none syrup and carefully balanced flavors.",Whole,0,Classic,Chocolate Shavings,Medium,60,546,11,12.1,27.4,3.57,303.45,4.8,24369,Medium,No,Yes,Yes,Yes,Yes,No,Cheesecake,Afternoon,Fruity,Cold,Japan
SB00309,Strawberry Latte,Latte,Tall,Hot,"A handcrafted Strawberry Latte prepared with premium Starbucks-style coffee or tea, whole milk, classic syrup and carefully balanced flavors.",Whole,4,Hazelnut,None,Low,185,125,29,8.1,12.2,4.15,352.75,4.0,7184,Low,Yes,No,Yes,No,No,No,Cheesecake,Evening,Sweet,Hot,USA
SB00310,Matcha Frappuccino,Frappuccino,Tall,Cold,"A handcrafted Matcha Frappuccino prepared with premium Starbucks-style coffee or tea, soy milk, vanilla syrup and carefully balanced flavors.",Soy,3,Toffee Nut,None,Medium,99,341,49,14.3,3.8,4.75,403.75,3.6,37996,High,No,Yes,Yes,No,No,No,Croissant,Morning,Fruity,Cold,India
SB00311,Mango Latte,Latte,Tall,Hot,"A handcrafted Mango Latte prepared with premium Starbucks-style coffee or tea, skim milk, caramel syrup and carefully balanced flavors.",Whole,1,Toffee Nut,Whipped Cream,Medium,169,637,2,17.6,14.1,4.59,390.15,4.3,31673,High,No,Yes,Yes,No,Yes,Yes,Croissant,Afternoon,Bold,Hot,UK
SB00312,Java Chip Frappuccino,Frappuccino,Venti,Cold,"A handcrafted Java Chip Frappuccino prepared with premium Starbucks-style coffee or tea, skim milk, vanilla syrup and carefully balanced flavors.",Almond,1,Caramel,Caramel Drizzle,Low,30,87,17,14.8,27.6,8.06,685.1,4.6,48957,Very High,No,No,Yes,No,Yes,Yes,Sandwich,Evening,Nutty,Cold,India
SB00313,White Mocha Frappuccino,Frappuccino,Tall,Cold,"A handcrafted White Mocha Frappuccino prepared with premium Starbucks-style coffee or tea, soy milk, vanilla syrup and carefully balanced flavors.",Oat,4,Vanilla,None,High,126,150,48,15.0,1.2,7.88,669.8,4.3,14786,Medium,Yes,Yes,Yes,Yes,Yes,Yes,Blueberry Muffin,Morning,Bold,Cold,Global
SB00314,Hazelnut Refresher,Refresher,Venti,Cold,"A handcrafted Hazelnut Refresher prepared with premium Starbucks-style coffee or tea, oat milk, classic syrup and carefully balanced flavors.",Skim,4,Vanilla,Chocolate Shavings,Low,281,579,54,3.5,26.2,2.95,250.75,4.3,40450,Very High,Yes,Yes,Yes,No,Yes,Yes,Cheesecake,Evening,Bold,Cold,India
SB00315,Classic Mocha,Mocha,Venti,Cold,"A handcrafted Classic Mocha prepared with premium Starbucks-style coffee or tea, oat milk, toffee nut syrup and carefully balanced flavors.",Oat,1,Toffee Nut,Caramel Drizzle,High,172,242,50,12.6,18.8,2.73,232.05,3.5,25226,High,Yes,Yes,Yes,No,Yes,Yes,Croissant,Morning,Creamy,Cold,Japan
SB00316,White Mocha Tea,Tea,Tall,Hot,"A handcrafted White Mocha Tea prepared with premium Starbucks-style coffee or tea, oat milk, classic syrup and carefully balanced flavors.",Oat,3,Hazelnut,Chocolate Shavings,Medium,42,495,68,6.3,12.0,3.26,277.1,3.6,30712,High,No,No,Yes,Yes,Yes,Yes,Cookie,Evening,Fruity,Hot,USA
SB00317,Classic Tea,Tea,Tall,Cold,"A handcrafted Classic Tea prepared with premium Starbucks-style coffee or tea, almond milk, toffee nut syrup and carefully balanced flavors.",Soy,2,Caramel,Chocolate Shavings,Medium,277,462,32,8.0,19.4,4.74,402.9,4.0,48237,Very High,No,No,Yes,Yes,No,Yes,Blueberry Muffin,Afternoon,Sweet,Cold,Japan
SB00318,Vanilla Refresher,Refresher,Venti,Cold,"A handcrafted Vanilla Refresher prepared with premium Starbucks-style coffee or tea, oat milk, vanilla syrup and carefully balanced flavors.",Whole,2,None,Whipped Cream,High,249,608,45,7.1,2.7,3.25,276.25,4.3,4488,Low,No,Yes,Yes,No,No,No,Cookie,Morning,Nutty,Cold,UK
SB00319,Strawberry Refresher,Refresher,Venti,Cold,"A handcrafted Strawberry Refresher prepared with premium Starbucks-style coffee or tea, oat milk, caramel syrup and carefully balanced flavors.",Soy,4,Classic,None,Low,134,466,31,19.4,21.9,3.55,301.75,3.7,48971,Very High,Yes,Yes,Yes,Yes,No,Yes,Blueberry Muffin,Afternoon,Fruity,Cold,Global
SB00320,Classic Frappuccino,Frappuccino,Grande,Cold,"A handcrafted Classic Frappuccino prepared with premium Starbucks-style coffee or tea, oat milk, none syrup and carefully balanced flavors.",Soy,4,Hazelnut,Chocolate Shavings,High,19,108,21,7.0,26.2,4.6,391.0,4.1,45788,Very High,Yes,No,Yes,Yes,Yes,Yes,Cheesecake,Afternoon,Bold,Cold,Global
SB00321,Java Chip Latte,Latte,Grande,Cold,"A handcrafted Java Chip Latte prepared with premium Starbucks-style coffee or tea, almond milk, classic syrup and carefully balanced flavors.",Coconut,3,Classic,None,Low,78,34,59,12.2,2.5,3.97,337.45,4.3,45228,Very High,No,Yes,Yes,Yes,No,Yes,Blueberry Muffin,Evening,Fruity,Cold,Canada
SB00322,Mocha Flat White,Flat White,Venti,Hot,"A handcrafted Mocha Flat White prepared with premium Starbucks-style coffee or tea, almond milk, classic syrup and carefully balanced flavors.",Skim,0,Classic,Chocolate Shavings,Low,271,312,59,18.0,23.6,6.6,561.0,4.3,26638,High,No,Yes,Yes,No,No,Yes,Croissant,Morning,Fruity,Hot,Japan
SB00323,Java Chip Americano,Americano,Tall,Hot,"A handcrafted Java Chip Americano prepared with premium Starbucks-style coffee or tea, skim milk, toffee nut syrup and carefully balanced flavors.",Soy,1,Toffee Nut,Caramel Drizzle,Medium,87,45,45,13.2,20.9,6.03,512.55,4.7,45221,Very High,No,Yes,Yes,No,Yes,Yes,Cookie,Evening,Chocolatey,Hot,Japan
SB00324,Hazelnut Mocha,Mocha,Grande,Hot,"A handcrafted Hazelnut Mocha prepared with premium Starbucks-style coffee or tea, almond milk, hazelnut syrup and carefully balanced flavors.",Skim,3,Hazelnut,Caramel Drizzle,Medium,245,311,70,14.5,27.6,4.45,378.25,4.7,35492,High,Yes,Yes,Yes,Yes,Yes,No,Cookie,Afternoon,Creamy,Hot,India
SB00325,Vanilla Espresso,Espresso,Venti,Cold,"A handcrafted Vanilla Espresso prepared with premium Starbucks-style coffee or tea, skim milk, none syrup and carefully balanced flavors.",Oat,0,Caramel,Caramel Drizzle,Low,58,157,49,6.2,7.7,6.23,529.55,4.9,40431,Very High,No,Yes,Yes,Yes,No,Yes,Cheesecake,Evening,Sweet,Cold,Japan
SB00326,White Mocha Espresso,Espresso,Venti,Cold,"A handcrafted White Mocha Espresso prepared with premium Starbucks-style coffee or tea, almond milk, vanilla syrup and carefully balanced flavors.",Almond,4,Vanilla,Chocolate Shavings,Medium,109,275,4,9.4,16.2,8.09,687.65,4.3,18246,Medium,No,Yes,Yes,No,Yes,Yes,Blueberry Muffin,Evening,Chocolatey,Cold,India
SB00327,Mocha Latte,Latte,Tall,Hot,"A handcrafted Mocha Latte prepared with premium Starbucks-style coffee or tea, whole milk, caramel syrup and carefully balanced flavors.",Coconut,1,Toffee Nut,Whipped Cream,High,262,169,45,15.4,10.1,2.85,242.25,4.9,38013,High,No,No,Yes,Yes,No,No,Cheesecake,Morning,Chocolatey,Hot,Japan
SB00328,Hazelnut Tea,Tea,Tall,Hot,"A handcrafted Hazelnut Tea prepared with premium Starbucks-style coffee or tea, coconut milk, hazelnut syrup and carefully balanced flavors.",Whole,3,Hazelnut,None,Low,211,212,21,6.2,14.6,3.18,270.3,4.7,45762,Very High,Yes,No,Yes,No,No,No,Cookie,Morning,Creamy,Hot,India
SB00329,Hazelnut Cold Brew,Cold Brew,Venti,Cold,"A handcrafted Hazelnut Cold Brew prepared with premium Starbucks-style coffee or tea, oat milk, hazelnut syrup and carefully balanced flavors.",Skim,0,Classic,Caramel Drizzle,Low,195,621,0,19.6,7.8,4.54,385.9,4.5,4617,Low,Yes,No,Yes,No,Yes,Yes,Sandwich,Evening,Sweet,Cold,USA
SB00330,Vanilla Mocha,Mocha,Tall,Cold,"A handcrafted Vanilla Mocha prepared with premium Starbucks-style coffee or tea, whole milk, toffee nut syrup and carefully balanced flavors.",Oat,4,None,Whipped Cream,Medium,158,367,18,11.5,29.0,4.12,350.2,4.4,45891,Very High,Yes,No,Yes,No,No,No,Cheesecake,Afternoon,Chocolatey,Cold,Global
SB00331,Caramel Espresso,Espresso,Grande,Hot,"A handcrafted Caramel Espresso prepared with premium Starbucks-style coffee or tea, oat milk, none syrup and carefully balanced flavors.",Soy,1,None,Whipped Cream,High,171,562,22,11.5,11.7,3.96,336.6,3.9,29679,High,Yes,Yes,Yes,Yes,Yes,Yes,Sandwich,Afternoon,Chocolatey,Hot,Canada
SB00332,Caramel Macchiato,Macchiato,Grande,Hot,"A handcrafted Caramel Macchiato prepared with premium Starbucks-style coffee or tea, almond milk, none syrup and carefully balanced flavors.",Coconut,1,Toffee Nut,Chocolate Shavings,Medium,8,369,53,12.2,16.0,2.79,237.15,4.8,21077,Medium,Yes,Yes,Yes,No,No,Yes,Cookie,Evening,Creamy,Hot,UK
SB00333,Matcha Tea,Tea,Grande,Cold,"A handcrafted Matcha Tea prepared with premium Starbucks-style coffee or tea, coconut milk, none syrup and carefully balanced flavors.",Skim,0,None,Whipped Cream,Low,279,295,33,15.8,20.3,5.59,475.15,4.7,1881,Low,Yes,Yes,Yes,No,Yes,No,Cookie,Afternoon,Fruity,Cold,Canada
SB00334,Java Chip Latte,Latte,Venti,Cold,"A handcrafted Java Chip Latte prepared with premium Starbucks-style coffee or tea, oat milk, none syrup and carefully balanced flavors.",Soy,2,Classic,Chocolate Shavings,Low,122,487,58,8.1,28.7,6.09,517.65,4.4,29624,High,No,No,Yes,Yes,No,No,Sandwich,Afternoon,Nutty,Cold,UK
SB00335,Mocha Tea,Tea,Tall,Cold,"A handcrafted Mocha Tea prepared with premium Starbucks-style coffee or tea, skim milk, toffee nut syrup and carefully balanced flavors.",Skim,2,None,Chocolate Shavings,Medium,250,611,51,11.3,13.2,4.99,424.15,3.8,44135,Very High,Yes,Yes,Yes,Yes,No,No,Blueberry Muffin,Morning,Fruity,Cold,UK
SB00336,White Mocha Tea,Tea,Grande,Cold,"A handcrafted White Mocha Tea prepared with premium Starbucks-style coffee or tea, coconut milk, none syrup and carefully balanced flavors.",Soy,2,Classic,Chocolate Shavings,High,76,328,43,16.4,26.4,7.86,668.1,4.4,43869,Very High,No,Yes,Yes,No,No,No,Sandwich,Morning,Sweet,Cold,Global
SB00337,Matcha Macchiato,Macchiato,Tall,Cold,"A handcrafted Matcha Macchiato prepared with premium Starbucks-style coffee or tea, coconut milk, none syrup and carefully balanced flavors.",Whole,1,Caramel,Chocolate Shavings,Medium,227,615,47,14.9,17.5,7.37,626.45,3.7,47920,Very High,No,Yes,Yes,No,No,Yes,Croissant,Afternoon,Nutty,Cold,India
SB00338,Classic Cold Brew,Cold Brew,Grande,Cold,"A handcrafted Classic Cold Brew prepared with premium Starbucks-style coffee or tea, soy milk, toffee nut syrup and carefully balanced flavors.",Almond,0,None,None,Low,65,396,58,18.3,22.6,7.7,654.5,4.2,45934,Very High,Yes,No,Yes,Yes,No,Yes,Cookie,Afternoon,Creamy,Cold,USA
SB00339,Strawberry Cappuccino,Cappuccino,Venti,Cold,"A handcrafted Strawberry Cappuccino prepared with premium Starbucks-style coffee or tea, almond milk, toffee nut syrup and carefully balanced flavors.",Whole,3,None,Chocolate Shavings,High,199,372,15,1.3,25.5,8.22,698.7,4.0,1608,Low,Yes,No,Yes,No,Yes,No,Cookie,Morning,Nutty,Cold,India
SB00340,Classic Americano,Americano,Venti,Cold,"A handcrafted Classic Americano prepared with premium Starbucks-style coffee or tea, coconut milk, none syrup and carefully balanced flavors.",Coconut,3,None,None,Low,93,505,51,15.9,8.3,4.72,401.2,4.4,7061,Low,No,Yes,Yes,No,Yes,No,Cookie,Evening,Sweet,Cold,UK
SB00341,Hazelnut Latte,Latte,Venti,Cold,"A handcrafted Hazelnut Latte prepared with premium Starbucks-style coffee or tea, whole milk, vanilla syrup and carefully balanced flavors.",Coconut,3,Hazelnut,Whipped Cream,Medium,204,449,17,11.0,18.8,4.59,390.15,3.7,46224,Very High,Yes,Yes,Yes,No,No,No,Sandwich,Morning,Creamy,Cold,Japan
SB00342,Hazelnut Frappuccino,Frappuccino,Venti,Cold,"A handcrafted Hazelnut Frappuccino prepared with premium Starbucks-style coffee or tea, skim milk, classic syrup and carefully balanced flavors.",Skim,0,Toffee Nut,None,Medium,125,417,39,0.5,23.3,7.6,646.0,4.9,27445,High,Yes,Yes,Yes,No,No,Yes,Sandwich,Morning,Nutty,Cold,UK
SB00343,Classic Tea,Tea,Tall,Hot,"A handcrafted Classic Tea prepared with premium Starbucks-style coffee or tea, soy milk, none syrup and carefully balanced flavors.",Skim,1,Caramel,None,Medium,144,548,42,12.0,26.1,4.98,423.3,4.1,47317,Very High,No,Yes,Yes,Yes,Yes,Yes,Blueberry Muffin,Evening,Creamy,Hot,Canada
SB00344,Vanilla Cappuccino,Cappuccino,Grande,Hot,"A handcrafted Vanilla Cappuccino prepared with premium Starbucks-style coffee or tea, almond milk, none syrup and carefully balanced flavors.",Skim,1,Vanilla,None,Low,22,73,36,17.9,2.9,4.61,391.85,4.0,19075,Medium,Yes,Yes,Yes,Yes,Yes,Yes,Blueberry Muffin,Afternoon,Creamy,Hot,Japan
SB00345,Mocha Mocha,Mocha,Venti,Cold,"A handcrafted Mocha Mocha prepared with premium Starbucks-style coffee or tea, oat milk, caramel syrup and carefully balanced flavors.",Almond,2,Toffee Nut,Caramel Drizzle,Medium,54,233,20,3.6,29.4,4.49,381.65,4.6,44627,Very High,No,No,Yes,Yes,No,Yes,Cheesecake,Afternoon,Bold,Cold,UK
SB00346,Java Chip Americano,Americano,Venti,Hot,"A handcrafted Java Chip Americano prepared with premium Starbucks-style coffee or tea, skim milk, hazelnut syrup and carefully balanced flavors.",Skim,4,Hazelnut,None,Medium,227,95,66,11.3,19.5,7.38,627.3,4.6,12315,Medium,Yes,No,Yes,No,No,No,Blueberry Muffin,Evening,Creamy,Hot,Canada
SB00347,White Mocha Latte,Latte,Grande,Cold,"A handcrafted White Mocha Latte prepared with premium Starbucks-style coffee or tea, coconut milk, classic syrup and carefully balanced flavors.",Coconut,4,Toffee Nut,Whipped Cream,Low,22,507,10,13.1,21.6,8.09,687.65,4.3,1550,Low,Yes,Yes,Yes,No,Yes,No,Cheesecake,Evening,Creamy,Cold,UK
SB00348,Caramel Frappuccino,Frappuccino,Venti,Cold,"A handcrafted Caramel Frappuccino prepared with premium Starbucks-style coffee or tea, almond milk, vanilla syrup and carefully balanced flavors.",Soy,2,None,None,Medium,70,96,65,10.4,15.0,7.08,601.8,4.4,42202,Very High,Yes,Yes,Yes,No,No,Yes,Sandwich,Afternoon,Bold,Cold,Canada
SB00349,Vanilla Espresso,Espresso,Venti,Cold,"A handcrafted Vanilla Espresso prepared with premium Starbucks-style coffee or tea, oat milk, toffee nut syrup and carefully balanced flavors.",Soy,0,Toffee Nut,Caramel Drizzle,High,230,492,66,11.2,9.3,6.93,589.05,3.5,7773,Low,Yes,Yes,Yes,No,Yes,No,Sandwich,Afternoon,Creamy,Cold,Japan
SB00350,Mango Mocha,Mocha,Venti,Cold,"A handcrafted Mango Mocha prepared with premium Starbucks-style coffee or tea, skim milk, classic syrup and carefully balanced flavors.",Soy,0,Hazelnut,Caramel Drizzle,High,189,105,31,17.9,14.1,7.46,634.1,4.4,34085,High,Yes,Yes,Yes,Yes,No,Yes,Blueberry Muffin,Evening,Nutty,Cold,UK
SB00351,Chai Cappuccino,Cappuccino,Venti,Hot,"A handcrafted Chai Cappuccino prepared with premium Starbucks-style coffee or tea, soy milk, caramel syrup and carefully balanced flavors.",Whole,0,Caramel,Whipped Cream,Medium,64,584,17,15.7,22.5,7.15,607.75,4.3,16647,Medium,Yes,No,Yes,No,No,Yes,Croissant,Morning,Creamy,Hot,UK
SB00352,Matcha Tea,Tea,Venti,Hot,"A handcrafted Matcha Tea prepared with premium Starbucks-style coffee or tea, almond milk, hazelnut syrup and carefully balanced flavors.",Oat,4,Caramel,None,Low,153,319,60,3.1,22.7,4.3,365.5,3.7,49307,Very High,No,Yes,Yes,No,Yes,Yes,Croissant,Evening,Fruity,Hot,Canada
SB00353,White Mocha Latte,Latte,Tall,Hot,"A handcrafted White Mocha Latte prepared with premium Starbucks-style coffee or tea, soy milk, hazelnut syrup and carefully balanced flavors.",Whole,4,None,Caramel Drizzle,Medium,67,195,35,16.3,22.5,4.89,415.65,3.9,46597,Very High,No,Yes,Yes,Yes,Yes,No,Cookie,Evening,Bold,Hot,Canada
SB00354,Vanilla Cappuccino,Cappuccino,Venti,Hot,"A handcrafted Vanilla Cappuccino prepared with premium Starbucks-style coffee or tea, whole milk, none syrup and carefully balanced flavors.",Soy,2,None,None,Low,141,535,28,10.2,21.5,4.67,396.95,4.9,32269,High,No,No,Yes,Yes,Yes,No,Croissant,Afternoon,Creamy,Hot,Canada
SB00355,Classic Cappuccino,Cappuccino,Venti,Cold,"A handcrafted Classic Cappuccino prepared with premium Starbucks-style coffee or tea, skim milk, caramel syrup and carefully balanced flavors.",Almond,3,Caramel,Caramel Drizzle,Medium,169,644,11,17.2,15.7,8.45,718.25,4.0,31656,High,Yes,Yes,Yes,No,No,No,Cookie,Morning,Nutty,Cold,UK
SB00356,Mocha Americano,Americano,Grande,Cold,"A handcrafted Mocha Americano prepared with premium Starbucks-style coffee or tea, oat milk, hazelnut syrup and carefully balanced flavors.",Almond,4,Classic,None,High,195,415,51,14.3,8.4,4.93,419.05,4.9,17717,Medium,No,No,Yes,No,Yes,Yes,Croissant,Evening,Sweet,Cold,Japan
SB00357,Caramel Americano,Americano,Venti,Hot,"A handcrafted Caramel Americano prepared with premium Starbucks-style coffee or tea, soy milk, vanilla syrup and carefully balanced flavors.",Oat,1,None,Chocolate Shavings,Low,46,571,52,6.1,23.3,6.17,524.45,4.9,924,Low,No,Yes,Yes,Yes,Yes,No,Blueberry Muffin,Afternoon,Bold,Hot,India
SB00358,Strawberry Flat White,Flat White,Venti,Hot,"A handcrafted Strawberry Flat White prepared with premium Starbucks-style coffee or tea, coconut milk, toffee nut syrup and carefully balanced flavors.",Coconut,1,Caramel,None,Medium,66,35,17,17.2,18.1,6.95,590.75,4.8,42467,Very High,No,Yes,Yes,No,No,No,Blueberry Muffin,Evening,Creamy,Hot,UK
SB00359,Chai Flat White,Flat White,Tall,Hot,"A handcrafted Chai Flat White prepared with premium Starbucks-style coffee or tea, soy milk, classic syrup and carefully balanced flavors.",Oat,1,Toffee Nut,None,Low,151,48,10,13.6,6.6,4.7,399.5,4.1,22798,Medium,Yes,No,Yes,Yes,Yes,No,Blueberry Muffin,Evening,Fruity,Hot,India
SB00360,Strawberry Cappuccino,Cappuccino,Grande,Cold,"A handcrafted Strawberry Cappuccino prepared with premium Starbucks-style coffee or tea, soy milk, caramel syrup and carefully balanced flavors.",Soy,3,Vanilla,Chocolate Shavings,Low,77,70,19,15.5,16.3,3.9,331.5,4.4,32536,High,No,No,Yes,No,No,Yes,Sandwich,Afternoon,Nutty,Cold,Japan
SB00361,Hazelnut Macchiato,Macchiato,Venti,Hot,"A handcrafted Hazelnut Macchiato prepared with premium Starbucks-style coffee or tea, almond milk, toffee nut syrup and carefully balanced flavors.",Almond,3,Caramel,None,Low,131,207,16,3.8,5.5,7.5,637.5,3.7,23088,Medium,No,Yes,Yes,No,No,No,Cookie,Morning,Bold,Hot,Japan
SB00362,Chai Frappuccino,Frappuccino,Grande,Cold,"A handcrafted Chai Frappuccino prepared with premium Starbucks-style coffee or tea, skim milk, hazelnut syrup and carefully balanced flavors.",Soy,4,Vanilla,Chocolate Shavings,Low,251,551,13,16.3,26.2,4.13,351.05,3.9,42932,Very High,Yes,Yes,Yes,Yes,No,Yes,Cookie,Evening,Chocolatey,Cold,India
SB00363,Mocha Tea,Tea,Grande,Cold,"A handcrafted Mocha Tea prepared with premium Starbucks-style coffee or tea, soy milk, toffee nut syrup and carefully balanced flavors.",Soy,3,Caramel,Caramel Drizzle,Medium,29,91,9,17.7,22.5,8.11,689.35,5.0,30207,High,Yes,Yes,Yes,Yes,No,No,Croissant,Afternoon,Chocolatey,Cold,Canada
SB00364,Chai Macchiato,Macchiato,Venti,Cold,"A handcrafted Chai Macchiato prepared with premium Starbucks-style coffee or tea, almond milk, none syrup and carefully balanced flavors.",Coconut,0,Toffee Nut,None,High,224,378,34,0.3,8.8,4.95,420.75,3.7,45481,Very High,No,Yes,Yes,No,No,Yes,Croissant,Evening,Fruity,Cold,Global
SB00365,Mocha Cold Brew,Cold Brew,Grande,Cold,"A handcrafted Mocha Cold Brew prepared with premium Starbucks-style coffee or tea, coconut milk, hazelnut syrup and carefully balanced flavors.",Coconut,0,Toffee Nut,None,Low,88,72,11,5.2,7.3,6.18,525.3,4.6,13230,Medium,No,No,Yes,No,No,Yes,Blueberry Muffin,Morning,Chocolatey,Cold,Canada
SB00366,Java Chip Cappuccino,Cappuccino,Venti,Hot,"A handcrafted Java Chip Cappuccino prepared with premium Starbucks-style coffee or tea, coconut milk, vanilla syrup and carefully balanced flavors.",Soy,2,Toffee Nut,Chocolate Shavings,Medium,96,631,6,7.7,28.8,7.78,661.3,3.9,23372,Medium,Yes,Yes,Yes,No,No,No,Croissant,Evening,Nutty,Hot,Global
SB00367,Vanilla Macchiato,Macchiato,Grande,Hot,"A handcrafted Vanilla Macchiato prepared with premium Starbucks-style coffee or tea, skim milk, caramel syrup and carefully balanced flavors.",Almond,2,Vanilla,None,Low,58,512,38,3.4,26.3,8.1,688.5,4.8,16307,Medium,No,No,Yes,No,Yes,Yes,Sandwich,Afternoon,Chocolatey,Hot,Canada
SB00368,Java Chip Americano,Americano,Grande,Cold,"A handcrafted Java Chip Americano prepared with premium Starbucks-style coffee or tea, oat milk, none syrup and carefully balanced flavors.",Oat,2,None,Chocolate Shavings,High,11,141,7,0.3,8.5,6.26,532.1,4.3,42624,Very High,No,No,Yes,No,No,No,Croissant,Evening,Bold,Cold,USA
SB00369,Hazelnut Espresso,Espresso,Venti,Cold,"A handcrafted Hazelnut Espresso prepared with premium Starbucks-style coffee or tea, oat milk, vanilla syrup and carefully balanced flavors.",Almond,1,Toffee Nut,Whipped Cream,Low,257,103,65,1.6,9.8,3.99,339.15,3.8,45646,Very High,Yes,No,Yes,Yes,No,Yes,Cheesecake,Afternoon,Sweet,Cold,Global
SB00370,Hazelnut Tea,Tea,Tall,Cold,"A handcrafted Hazelnut Tea prepared with premium Starbucks-style coffee or tea, coconut milk, none syrup and carefully balanced flavors.",Whole,4,Caramel,None,High,29,83,54,7.5,3.3,5.48,465.8,4.1,27667,High,No,Yes,Yes,No,No,Yes,Croissant,Morning,Creamy,Cold,USA
SB00371,Chai Refresher,Refresher,Venti,Cold,"A handcrafted Chai Refresher prepared with premium Starbucks-style coffee or tea, coconut milk, caramel syrup and carefully balanced flavors.",Soy,1,Hazelnut,Whipped Cream,High,236,302,54,7.8,0.7,7.13,606.05,4.7,25583,High,Yes,Yes,Yes,No,Yes,No,Sandwich,Morning,Sweet,Cold,Japan
SB00372,White Mocha Latte,Latte,Grande,Cold,"A handcrafted White Mocha Latte prepared with premium Starbucks-style coffee or tea, oat milk, hazelnut syrup and carefully balanced flavors.",Almond,4,Toffee Nut,None,High,175,302,8,10.6,26.4,7.5,637.5,3.9,16161,Medium,No,No,Yes,No,Yes,No,Croissant,Afternoon,Creamy,Cold,UK
SB00373,Caramel Latte,Latte,Tall,Hot,"A handcrafted Caramel Latte prepared with premium Starbucks-style coffee or tea, coconut milk, hazelnut syrup and carefully balanced flavors.",Skim,1,Classic,Whipped Cream,Low,256,494,11,5.6,21.7,7.89,670.65,3.6,36977,High,No,Yes,Yes,No,Yes,Yes,Sandwich,Morning,Bold,Hot,UK
SB00374,Classic Macchiato,Macchiato,Grande,Hot,"A handcrafted Classic Macchiato prepared with premium Starbucks-style coffee or tea, soy milk, vanilla syrup and carefully balanced flavors.",Oat,3,Classic,None,High,174,613,4,9.5,13.4,6.05,514.25,4.1,46858,Very High,No,No,Yes,Yes,No,No,Sandwich,Morning,Creamy,Hot,Canada
SB00375,White Mocha Macchiato,Macchiato,Venti,Hot,"A handcrafted White Mocha Macchiato prepared with premium Starbucks-style coffee or tea, oat milk, toffee nut syrup and carefully balanced flavors.",Coconut,0,Hazelnut,None,Low,292,342,23,2.5,1.0,5.44,462.4,4.5,15482,Medium,Yes,No,Yes,Yes,Yes,No,Blueberry Muffin,Afternoon,Fruity,Hot,USA
SB00376,Hazelnut Cappuccino,Cappuccino,Venti,Hot,"A handcrafted Hazelnut Cappuccino prepared with premium Starbucks-style coffee or tea, soy milk, none syrup and carefully balanced flavors.",Soy,4,None,None,High,95,218,23,16.8,0.1,4.43,376.55,4.4,29916,High,Yes,Yes,Yes,No,Yes,No,Cookie,Evening,Bold,Hot,UK
SB00377,Java Chip Mocha,Mocha,Grande,Cold,"A handcrafted Java Chip Mocha prepared with premium Starbucks-style coffee or tea, whole milk, caramel syrup and carefully balanced flavors.",Whole,4,None,None,Medium,73,106,37,13.1,27.2,7.05,599.25,4.4,45520,Very High,Yes,No,Yes,No,No,No,Blueberry Muffin,Afternoon,Bold,Cold,Global
SB00378,Mango Americano,Americano,Grande,Hot,"A handcrafted Mango Americano prepared with premium Starbucks-style coffee or tea, almond milk, caramel syrup and carefully balanced flavors.",Skim,3,Hazelnut,Whipped Cream,Medium,65,560,58,13.5,21.1,6.52,554.2,4.6,38542,High,No,Yes,Yes,No,Yes,No,Sandwich,Morning,Bold,Hot,Global
SB00379,Vanilla Mocha,Mocha,Grande,Hot,"A handcrafted Vanilla Mocha prepared with premium Starbucks-style coffee or tea, whole milk, hazelnut syrup and carefully balanced flavors.",Almond,2,Caramel,Whipped Cream,Low,0,370,57,11.6,23.3,8.43,716.55,3.8,29754,High,No,No,Yes,No,Yes,No,Cookie,Afternoon,Bold,Hot,India
SB00380,Hazelnut Cold Brew,Cold Brew,Venti,Cold,"A handcrafted Hazelnut Cold Brew prepared with premium Starbucks-style coffee or tea, soy milk, classic syrup and carefully balanced flavors.",Oat,0,Toffee Nut,None,High,85,124,32,12.3,0.9,5.31,451.35,3.9,4654,Low,No,Yes,Yes,Yes,No,Yes,Croissant,Evening,Creamy,Cold,UK
SB00381,Classic Mocha,Mocha,Venti,Hot,"A handcrafted Classic Mocha prepared with premium Starbucks-style coffee or tea, soy milk, hazelnut syrup and carefully balanced flavors.",Coconut,1,Hazelnut,Chocolate Shavings,High,237,521,44,7.9,16.8,6.76,574.6,4.9,38761,High,No,Yes,Yes,No,Yes,No,Sandwich,Morning,Bold,Hot,UK
SB00382,Mocha Frappuccino,Frappuccino,Tall,Cold,"A handcrafted Mocha Frappuccino prepared with premium Starbucks-style coffee or tea, whole milk, caramel syrup and carefully balanced flavors.",Oat,1,Caramel,Caramel Drizzle,Medium,219,42,13,7.6,16.5,6.55,556.75,4.1,16212,Medium,No,No,Yes,Yes,No,No,Sandwich,Afternoon,Sweet,Cold,UK
SB00383,Classic Frappuccino,Frappuccino,Grande,Cold,"A handcrafted Classic Frappuccino prepared with premium Starbucks-style coffee or tea, almond milk, vanilla syrup and carefully balanced flavors.",Coconut,2,Vanilla,Caramel Drizzle,Low,120,400,15,17.4,20.1,5.41,459.85,3.5,27767,High,Yes,No,Yes,Yes,No,No,Croissant,Evening,Chocolatey,Cold,Japan
SB00384,Java Chip Americano,Americano,Tall,Hot,"A handcrafted Java Chip Americano prepared with premium Starbucks-style coffee or tea, skim milk, hazelnut syrup and carefully balanced flavors.",Coconut,1,Vanilla,Whipped Cream,High,60,28,33,6.1,11.7,4.19,356.15,3.6,8181,Low,No,No,Yes,No,Yes,No,Cookie,Evening,Creamy,Hot,Canada
SB00385,Caramel Mocha,Mocha,Grande,Cold,"A handcrafted Caramel Mocha prepared with premium Starbucks-style coffee or tea, almond milk, hazelnut syrup and carefully balanced flavors.",Soy,4,Hazelnut,Caramel Drizzle,High,199,518,59,2.3,18.5,4.83,410.55,4.3,42540,Very High,No,Yes,Yes,Yes,No,Yes,Sandwich,Evening,Sweet,Cold,Canada
SB00386,White Mocha Macchiato,Macchiato,Grande,Hot,"A handcrafted White Mocha Macchiato prepared with premium Starbucks-style coffee or tea, almond milk, none syrup and carefully balanced flavors.",Soy,4,Hazelnut,Chocolate Shavings,High,138,474,60,2.4,17.9,6.29,534.65,4.1,26295,High,Yes,Yes,Yes,Yes,Yes,Yes,Croissant,Afternoon,Fruity,Hot,UK
SB00387,Caramel Espresso,Espresso,Grande,Cold,"A handcrafted Caramel Espresso prepared with premium Starbucks-style coffee or tea, oat milk, vanilla syrup and carefully balanced flavors.",Skim,4,Caramel,Caramel Drizzle,Medium,133,555,6,4.6,28.1,5.29,449.65,4.3,33619,High,Yes,No,Yes,No,Yes,Yes,Cheesecake,Afternoon,Creamy,Cold,Japan
SB00388,Matcha Mocha,Mocha,Venti,Hot,"A handcrafted Matcha Mocha prepared with premium Starbucks-style coffee or tea, coconut milk, classic syrup and carefully balanced flavors.",Skim,1,Classic,Caramel Drizzle,Medium,99,332,13,12.5,24.1,5.23,444.55,4.7,41002,Very High,No,Yes,Yes,No,Yes,No,Blueberry Muffin,Morning,Fruity,Hot,Japan
SB00389,Mango Latte,Latte,Grande,Cold,"A handcrafted Mango Latte prepared with premium Starbucks-style coffee or tea, soy milk, none syrup and carefully balanced flavors.",Whole,3,Vanilla,None,High,68,583,53,1.4,16.1,5.54,470.9,3.6,42905,Very High,No,Yes,Yes,Yes,Yes,Yes,Blueberry Muffin,Evening,Creamy,Cold,UK
SB00390,Java Chip Frappuccino,Frappuccino,Tall,Cold,"A handcrafted Java Chip Frappuccino prepared with premium Starbucks-style coffee or tea, coconut milk, none syrup and carefully balanced flavors.",Whole,0,Vanilla,None,Medium,97,591,57,12.8,24.6,6.68,567.8,3.7,6500,Low,No,Yes,Yes,No,Yes,Yes,Croissant,Afternoon,Creamy,Cold,India
SB00391,Matcha Mocha,Mocha,Tall,Hot,"A handcrafted Matcha Mocha prepared with premium Starbucks-style coffee or tea, whole milk, none syrup and carefully balanced flavors.",Soy,0,Hazelnut,None,Medium,60,61,35,13.3,3.9,5.07,430.95,3.9,30996,High,No,No,Yes,No,Yes,No,Cheesecake,Morning,Bold,Hot,Canada
SB00392,Classic Americano,Americano,Venti,Hot,"A handcrafted Classic Americano prepared with premium Starbucks-style coffee or tea, oat milk, toffee nut syrup and carefully balanced flavors.",Skim,1,Hazelnut,None,Medium,64,325,43,11.6,22.3,6.53,555.05,4.6,7980,Low,No,No,Yes,Yes,No,No,Sandwich,Evening,Creamy,Hot,USA
SB00393,Strawberry Tea,Tea,Grande,Cold,"A handcrafted Strawberry Tea prepared with premium Starbucks-style coffee or tea, coconut milk, classic syrup and carefully balanced flavors.",Soy,1,Vanilla,Chocolate Shavings,High,105,411,61,18.5,17.1,5.1,433.5,4.8,4964,Low,No,No,Yes,No,No,Yes,Cookie,Morning,Creamy,Cold,India
SB00394,Hazelnut Cappuccino,Cappuccino,Venti,Hot,"A handcrafted Hazelnut Cappuccino prepared with premium Starbucks-style coffee or tea, oat milk, vanilla syrup and carefully balanced flavors.",Skim,0,None,Whipped Cream,Low,282,231,53,13.3,14.5,3.84,326.4,4.5,33266,High,Yes,No,Yes,Yes,No,Yes,Sandwich,Evening,Fruity,Hot,Global
SB00395,Strawberry Refresher,Refresher,Grande,Cold,"A handcrafted Strawberry Refresher prepared with premium Starbucks-style coffee or tea, coconut milk, vanilla syrup and carefully balanced flavors.",Soy,4,Classic,Whipped Cream,Low,247,282,38,14.3,13.9,5.84,496.4,4.9,35583,High,No,Yes,Yes,No,Yes,No,Sandwich,Morning,Fruity,Cold,USA
SB00396,Classic Espresso,Espresso,Venti,Hot,"A handcrafted Classic Espresso prepared with premium Starbucks-style coffee or tea, almond milk, none syrup and carefully balanced flavors.",Soy,2,Caramel,Whipped Cream,High,259,270,24,7.7,7.4,3.19,271.15,3.5,40336,Very High,No,Yes,Yes,No,No,No,Cookie,Morning,Nutty,Hot,India
SB00397,White Mocha Latte,Latte,Grande,Cold,"A handcrafted White Mocha Latte prepared with premium Starbucks-style coffee or tea, almond milk, classic syrup and carefully balanced flavors.",Whole,1,Caramel,Chocolate Shavings,High,37,99,39,12.4,11.5,5.93,504.05,4.0,1873,Low,Yes,Yes,Yes,Yes,Yes,No,Sandwich,Morning,Fruity,Cold,Canada
SB00398,Vanilla Tea,Tea,Grande,Cold,"A handcrafted Vanilla Tea prepared with premium Starbucks-style coffee or tea, coconut milk, toffee nut syrup and carefully balanced flavors.",Oat,2,Caramel,Whipped Cream,Low,126,199,32,8.8,6.3,5.24,445.4,3.6,40709,Very High,Yes,No,Yes,Yes,Yes,No,Blueberry Muffin,Morning,Bold,Cold,USA
SB00399,Classic Latte,Latte,Grande,Cold,"A handcrafted Classic Latte prepared with premium Starbucks-style coffee or tea, skim milk, vanilla syrup and carefully balanced flavors.",Soy,3,Vanilla,Caramel Drizzle,High,182,469,7,12.0,1.8,5.92,503.2,4.8,21966,Medium,Yes,No,Yes,Yes,Yes,No,Sandwich,Morning,Nutty,Cold,USA
SB00400,Java Chip Flat White,Flat White,Venti,Hot,"A handcrafted Java Chip Flat White prepared with premium Starbucks-style coffee or tea, coconut milk, hazelnut syrup and carefully balanced flavors.",Coconut,3,None,Caramel Drizzle,High,252,152,38,5.8,8.7,4.25,361.25,4.5,39946,High,No,No,Yes,No,Yes,No,Sandwich,Afternoon,Creamy,Hot,USA
SB00401,Matcha Cold Brew,Cold Brew,Venti,Cold,"A handcrafted Matcha Cold Brew prepared with premium Starbucks-style coffee or tea, oat milk, vanilla syrup and carefully balanced flavors.",Skim,1,Vanilla,Chocolate Shavings,High,286,336,42,19.7,26.3,5.51,468.35,4.8,21811,Medium,Yes,No,Yes,No,No,No,Cheesecake,Evening,Bold,Cold,UK
SB00402,Classic Cold Brew,Cold Brew,Venti,Cold,"A handcrafted Classic Cold Brew prepared with premium Starbucks-style coffee or tea, soy milk, toffee nut syrup and carefully balanced flavors.",Whole,4,Caramel,Whipped Cream,Medium,216,339,62,17.7,10.7,7.13,606.05,3.6,25410,High,No,No,Yes,No,Yes,No,Cheesecake,Morning,Nutty,Cold,Global
SB00403,Mango Tea,Tea,Tall,Hot,"A handcrafted Mango Tea prepared with premium Starbucks-style coffee or tea, soy milk, vanilla syrup and carefully balanced flavors.",Skim,3,Vanilla,Caramel Drizzle,Low,188,395,63,10.7,24.2,3.54,300.9,3.9,31360,High,No,Yes,Yes,Yes,Yes,Yes,Cheesecake,Afternoon,Creamy,Hot,USA
SB00404,Matcha Frappuccino,Frappuccino,Grande,Cold,"A handcrafted Matcha Frappuccino prepared with premium Starbucks-style coffee or tea, skim milk, classic syrup and carefully balanced flavors.",Oat,3,Classic,Chocolate Shavings,Low,161,485,22,7.8,13.9,3.81,323.85,4.4,14492,Medium,Yes,Yes,Yes,No,No,No,Cheesecake,Afternoon,Bold,Cold,UK
SB00405,Java Chip Americano,Americano,Tall,Hot,"A handcrafted Java Chip Americano prepared with premium Starbucks-style coffee or tea, skim milk, classic syrup and carefully balanced flavors.",Whole,1,Classic,Chocolate Shavings,Low,257,627,36,13.8,8.1,6.42,545.7,4.4,4441,Low,Yes,Yes,Yes,Yes,No,No,Blueberry Muffin,Evening,Sweet,Hot,Canada
SB00406,Strawberry Refresher,Refresher,Tall,Cold,"A handcrafted Strawberry Refresher prepared with premium Starbucks-style coffee or tea, soy milk, caramel syrup and carefully balanced flavors.",Coconut,4,Vanilla,Chocolate Shavings,Low,193,599,28,11.2,23.7,6.92,588.2,4.2,46189,Very High,No,Yes,Yes,No,Yes,Yes,Croissant,Evening,Bold,Cold,Canada
SB00407,Vanilla Frappuccino,Frappuccino,Venti,Cold,"A handcrafted Vanilla Frappuccino prepared with premium Starbucks-style coffee or tea, coconut milk, hazelnut syrup and carefully balanced flavors.",Coconut,1,Vanilla,Chocolate Shavings,High,100,381,59,10.7,14.6,6.34,538.9,3.9,11986,Medium,No,No,Yes,Yes,No,No,Blueberry Muffin,Afternoon,Fruity,Cold,Global
SB00408,Java Chip Americano,Americano,Venti,Hot,"A handcrafted Java Chip Americano prepared with premium Starbucks-style coffee or tea, almond milk, classic syrup and carefully balanced flavors.",Coconut,3,Classic,Caramel Drizzle,Low,69,170,68,2.5,3.3,7.27,617.95,4.8,48684,Very High,Yes,Yes,Yes,No,No,No,Cookie,Morning,Bold,Hot,India
SB00409,Chai Tea,Tea,Grande,Hot,"A handcrafted Chai Tea prepared with premium Starbucks-style coffee or tea, whole milk, classic syrup and carefully balanced flavors.",Skim,0,Caramel,None,Medium,281,215,9,13.8,6.6,2.98,253.3,4.4,43836,Very High,No,Yes,Yes,Yes,Yes,Yes,Sandwich,Morning,Chocolatey,Hot,India
SB00410,Chai Americano,Americano,Tall,Hot,"A handcrafted Chai Americano prepared with premium Starbucks-style coffee or tea, oat milk, caramel syrup and carefully balanced flavors.",Skim,0,Hazelnut,Whipped Cream,High,94,250,46,10.5,8.4,7.15,607.75,4.2,10304,Medium,Yes,Yes,Yes,No,Yes,Yes,Cheesecake,Morning,Nutty,Hot,India
SB00411,Mocha Cappuccino,Cappuccino,Tall,Hot,"A handcrafted Mocha Cappuccino prepared with premium Starbucks-style coffee or tea, skim milk, hazelnut syrup and carefully balanced flavors.",Skim,1,None,None,Low,101,93,65,8.5,2.4,3.08,261.8,4.1,31349,High,No,Yes,Yes,No,Yes,No,Croissant,Morning,Creamy,Hot,USA
SB00412,Matcha Mocha,Mocha,Venti,Cold,"A handcrafted Matcha Mocha prepared with premium Starbucks-style coffee or tea, oat milk, none syrup and carefully balanced flavors.",Almond,3,None,None,Medium,7,123,37,1.1,15.1,5.17,439.45,4.5,8826,Low,No,Yes,Yes,Yes,No,No,Croissant,Afternoon,Nutty,Cold,USA
SB00413,White Mocha Cold Brew,Cold Brew,Tall,Cold,"A handcrafted White Mocha Cold Brew prepared with premium Starbucks-style coffee or tea, soy milk, vanilla syrup and carefully balanced flavors.",Oat,1,Toffee Nut,Chocolate Shavings,High,195,625,34,19.3,1.8,2.69,228.65,4.0,35820,High,Yes,No,Yes,Yes,No,Yes,Croissant,Afternoon,Chocolatey,Cold,Global
SB00414,Java Chip Americano,Americano,Tall,Hot,"A handcrafted Java Chip Americano prepared with premium Starbucks-style coffee or tea, almond milk, vanilla syrup and carefully balanced flavors.",Soy,3,Toffee Nut,Caramel Drizzle,Medium,208,180,37,16.8,23.1,7.81,663.85,4.5,11338,Medium,No,Yes,Yes,Yes,No,No,Cheesecake,Evening,Fruity,Hot,Canada
SB00415,White Mocha Flat White,Flat White,Tall,Hot,"A handcrafted White Mocha Flat White prepared with premium Starbucks-style coffee or tea, coconut milk, classic syrup and carefully balanced flavors.",Oat,3,Classic,Chocolate Shavings,Low,233,587,65,5.6,4.1,7.75,658.75,3.7,36933,High,No,No,Yes,Yes,No,Yes,Cheesecake,Afternoon,Fruity,Hot,India
SB00416,Hazelnut Americano,Americano,Tall,Cold,"A handcrafted Hazelnut Americano prepared with premium Starbucks-style coffee or tea, almond milk, classic syrup and carefully balanced flavors.",Coconut,1,Classic,Caramel Drizzle,Low,134,516,7,10.1,4.5,3.11,264.35,3.6,48941,Very High,No,No,Yes,Yes,Yes,Yes,Sandwich,Morning,Nutty,Cold,Japan
SB00417,Matcha Refresher,Refresher,Venti,Cold,"A handcrafted Matcha Refresher prepared with premium Starbucks-style coffee or tea, coconut milk, vanilla syrup and carefully balanced flavors.",Whole,0,Hazelnut,Whipped Cream,Low,260,623,27,9.1,16.9,5.19,441.15,3.8,32348,High,Yes,No,Yes,Yes,Yes,No,Cheesecake,Afternoon,Bold,Cold,UK
SB00418,Chai Mocha,Mocha,Tall,Hot,"A handcrafted Chai Mocha prepared with premium Starbucks-style coffee or tea, oat milk, toffee nut syrup and carefully balanced flavors.",Skim,2,Toffee Nut,Caramel Drizzle,High,210,411,68,16.4,12.1,3.7,314.5,4.0,31737,High,Yes,Yes,Yes,No,No,No,Cheesecake,Afternoon,Fruity,Hot,Canada
SB00419,Mango Latte,Latte,Grande,Hot,"A handcrafted Mango Latte prepared with premium Starbucks-style coffee or tea, whole milk, vanilla syrup and carefully balanced flavors.",Almond,4,Vanilla,Chocolate Shavings,High,46,297,61,15.4,1.8,2.77,235.45,3.6,48552,Very High,Yes,Yes,Yes,No,Yes,Yes,Cheesecake,Afternoon,Creamy,Hot,India
SB00420,Mocha Macchiato,Macchiato,Grande,Hot,"A handcrafted Mocha Macchiato prepared with premium Starbucks-style coffee or tea, soy milk, toffee nut syrup and carefully balanced flavors.",Oat,3,Vanilla,Caramel Drizzle,Low,22,585,12,9.0,26.2,4.53,385.05,4.8,36908,High,No,Yes,Yes,No,No,No,Cookie,Evening,Sweet,Hot,UK
SB00421,Hazelnut Tea,Tea,Tall,Hot,"A handcrafted Hazelnut Tea prepared with premium Starbucks-style coffee or tea, coconut milk, caramel syrup and carefully balanced flavors.",Soy,0,None,Chocolate Shavings,High,20,549,26,18.6,28.5,5.01,425.85,4.4,29202,High,No,Yes,Yes,Yes,Yes,No,Cookie,Afternoon,Sweet,Hot,Japan
SB00422,Matcha Frappuccino,Frappuccino,Venti,Cold,"A handcrafted Matcha Frappuccino prepared with premium Starbucks-style coffee or tea, skim milk, toffee nut syrup and carefully balanced flavors.",Whole,1,Vanilla,None,Medium,216,401,5,8.2,3.7,2.58,219.3,4.0,47965,Very High,Yes,Yes,Yes,No,Yes,Yes,Cheesecake,Afternoon,Sweet,Cold,India
SB00423,Strawberry Tea,Tea,Tall,Cold,"A handcrafted Strawberry Tea prepared with premium Starbucks-style coffee or tea, oat milk, vanilla syrup and carefully balanced flavors.",Almond,4,Caramel,Caramel Drizzle,Medium,145,523,40,16.5,4.3,5.51,468.35,3.8,34806,High,No,Yes,Yes,No,No,Yes,Sandwich,Afternoon,Nutty,Cold,Global
SB00424,Chai Espresso,Espresso,Venti,Hot,"A handcrafted Chai Espresso prepared with premium Starbucks-style coffee or tea, soy milk, none syrup and carefully balanced flavors.",Whole,2,Caramel,Caramel Drizzle,Medium,71,342,31,8.2,12.9,7.75,658.75,4.1,36713,High,Yes,Yes,Yes,Yes,No,No,Croissant,Afternoon,Creamy,Hot,Japan
SB00425,Strawberry Flat White,Flat White,Tall,Hot,"A handcrafted Strawberry Flat White prepared with premium Starbucks-style coffee or tea, oat milk, hazelnut syrup and carefully balanced flavors.",Skim,4,Caramel,None,High,262,219,24,19.0,29.3,3.59,305.15,4.6,30442,High,Yes,No,Yes,Yes,No,Yes,Cheesecake,Afternoon,Creamy,Hot,Japan
SB00426,Strawberry Latte,Latte,Venti,Hot,"A handcrafted Strawberry Latte prepared with premium Starbucks-style coffee or tea, almond milk, none syrup and carefully balanced flavors.",Coconut,0,None,Caramel Drizzle,Medium,43,359,11,14.8,11.4,6.36,540.6,4.5,41399,Very High,No,Yes,Yes,Yes,No,Yes,Cheesecake,Afternoon,Chocolatey,Hot,Japan
SB00427,Java Chip Mocha,Mocha,Grande,Cold,"A handcrafted Java Chip Mocha prepared with premium Starbucks-style coffee or tea, whole milk, hazelnut syrup and carefully balanced flavors.",Soy,3,Classic,Whipped Cream,High,229,614,25,2.0,15.9,5.45,463.25,3.9,36052,High,No,Yes,Yes,Yes,Yes,Yes,Blueberry Muffin,Morning,Sweet,Cold,Canada
SB00428,Java Chip Espresso,Espresso,Grande,Cold,"A handcrafted Java Chip Espresso prepared with premium Starbucks-style coffee or tea, skim milk, hazelnut syrup and carefully balanced flavors.",Oat,0,Classic,None,Medium,266,298,10,17.2,20.5,2.88,244.8,3.6,41469,Very High,Yes,No,Yes,Yes,Yes,No,Cheesecake,Evening,Sweet,Cold,India
SB00429,Mocha Frappuccino,Frappuccino,Grande,Cold,"A handcrafted Mocha Frappuccino prepared with premium Starbucks-style coffee or tea, skim milk, caramel syrup and carefully balanced flavors.",Skim,4,Toffee Nut,Chocolate Shavings,High,9,89,40,19.5,8.5,3.39,288.15,3.8,42286,Very High,No,Yes,Yes,Yes,Yes,No,Croissant,Afternoon,Creamy,Cold,India
SB00430,Strawberry Espresso,Espresso,Grande,Hot,"A handcrafted Strawberry Espresso prepared with premium Starbucks-style coffee or tea, almond milk, toffee nut syrup and carefully balanced flavors.",Coconut,1,Classic,Whipped Cream,Medium,18,512,35,11.6,10.7,5.44,462.4,3.5,35340,High,Yes,Yes,Yes,Yes,No,No,Cheesecake,Morning,Bold,Hot,UK
SB00431,Vanilla Flat White,Flat White,Venti,Cold,"A handcrafted Vanilla Flat White prepared with premium Starbucks-style coffee or tea, whole milk, toffee nut syrup and carefully balanced flavors.",Coconut,3,Caramel,Chocolate Shavings,Medium,253,82,54,19.4,13.9,3.33,283.05,4.2,14693,Medium,Yes,No,Yes,Yes,Yes,No,Blueberry Muffin,Evening,Chocolatey,Cold,UK
SB00432,Vanilla Mocha,Mocha,Tall,Cold,"A handcrafted Vanilla Mocha prepared with premium Starbucks-style coffee or tea, oat milk, caramel syrup and carefully balanced flavors.",Skim,1,Hazelnut,Caramel Drizzle,Medium,265,95,38,18.4,7.2,6.7,569.5,4.7,36617,High,Yes,Yes,Yes,No,No,No,Cheesecake,Afternoon,Bold,Cold,UK
SB00433,Vanilla Cappuccino,Cappuccino,Venti,Cold,"A handcrafted Vanilla Cappuccino prepared with premium Starbucks-style coffee or tea, almond milk, classic syrup and carefully balanced flavors.",Skim,1,None,None,High,32,159,33,3.2,10.9,5.14,436.9,4.3,42161,Very High,No,Yes,Yes,Yes,Yes,Yes,Sandwich,Morning,Creamy,Cold,Japan
SB00434,Vanilla Americano,Americano,Grande,Hot,"A handcrafted Vanilla Americano prepared with premium Starbucks-style coffee or tea, coconut milk, classic syrup and carefully balanced flavors.",Soy,4,Hazelnut,None,Medium,278,74,68,4.7,1.9,4.05,344.25,5.0,30285,High,Yes,Yes,Yes,No,Yes,Yes,Croissant,Evening,Fruity,Hot,India
SB00435,Chai Cold Brew,Cold Brew,Venti,Cold,"A handcrafted Chai Cold Brew prepared with premium Starbucks-style coffee or tea, coconut milk, vanilla syrup and carefully balanced flavors.",Skim,0,Vanilla,None,High,43,570,44,14.7,14.2,3.39,288.15,4.4,32296,High,No,Yes,Yes,Yes,Yes,No,Croissant,Evening,Bold,Cold,USA
SB00436,Mocha Tea,Tea,Grande,Hot,"A handcrafted Mocha Tea prepared with premium Starbucks-style coffee or tea, oat milk, classic syrup and carefully balanced flavors.",Almond,3,Vanilla,None,High,174,387,40,18.8,27.2,8.09,687.65,4.3,13554,Medium,Yes,No,Yes,Yes,No,Yes,Blueberry Muffin,Evening,Nutty,Hot,UK
SB00437,White Mocha Americano,Americano,Tall,Hot,"A handcrafted White Mocha Americano prepared with premium Starbucks-style coffee or tea, whole milk, toffee nut syrup and carefully balanced flavors.",Oat,1,Toffee Nut,Whipped Cream,Medium,115,600,40,9.1,12.2,4.81,408.85,4.0,2465,Low,Yes,No,Yes,Yes,Yes,No,Sandwich,Morning,Creamy,Hot,Global
SB00438,Strawberry Tea,Tea,Venti,Hot,"A handcrafted Strawberry Tea prepared with premium Starbucks-style coffee or tea, soy milk, hazelnut syrup and carefully balanced flavors.",Soy,2,Caramel,None,High,238,268,44,17.6,25.5,2.96,251.6,3.7,7211,Low,Yes,Yes,Yes,Yes,Yes,Yes,Cookie,Afternoon,Creamy,Hot,Japan
SB00439,White Mocha Cold Brew,Cold Brew,Grande,Cold,"A handcrafted White Mocha Cold Brew prepared with premium Starbucks-style coffee or tea, skim milk, none syrup and carefully balanced flavors.",Coconut,2,Caramel,Whipped Cream,High,132,430,46,3.9,20.8,3.31,281.35,4.6,15152,Medium,No,No,Yes,No,No,Yes,Sandwich,Afternoon,Bold,Cold,Canada
SB00440,Mocha Americano,Americano,Venti,Cold,"A handcrafted Mocha Americano prepared with premium Starbucks-style coffee or tea, whole milk, classic syrup and carefully balanced flavors.",Skim,1,Caramel,Caramel Drizzle,Medium,33,282,41,5.7,13.7,8.26,702.1,5.0,10760,Medium,Yes,Yes,Yes,No,Yes,No,Croissant,Afternoon,Chocolatey,Cold,USA
SB00441,Mocha Refresher,Refresher,Venti,Cold,"A handcrafted Mocha Refresher prepared with premium Starbucks-style coffee or tea, skim milk, none syrup and carefully balanced flavors.",Skim,3,Toffee Nut,Whipped Cream,Low,164,132,36,7.5,25.9,3.42,290.7,4.7,17002,Medium,No,Yes,Yes,Yes,Yes,No,Cheesecake,Morning,Bold,Cold,UK
SB00442,Vanilla Cappuccino,Cappuccino,Tall,Cold,"A handcrafted Vanilla Cappuccino prepared with premium Starbucks-style coffee or tea, oat milk, caramel syrup and carefully balanced flavors.",Soy,3,Classic,Caramel Drizzle,Medium,179,494,50,13.8,11.3,5.87,498.95,4.7,23306,Medium,Yes,No,Yes,Yes,Yes,Yes,Cookie,Evening,Chocolatey,Cold,Canada
SB00443,Caramel Cold Brew,Cold Brew,Grande,Cold,"A handcrafted Caramel Cold Brew prepared with premium Starbucks-style coffee or tea, whole milk, hazelnut syrup and carefully balanced flavors.",Oat,0,Vanilla,Caramel Drizzle,Low,209,568,42,6.2,22.8,6.99,594.15,3.7,39029,High,No,Yes,Yes,Yes,Yes,Yes,Cookie,Morning,Creamy,Cold,India
SB00444,Mocha Refresher,Refresher,Tall,Cold,"A handcrafted Mocha Refresher prepared with premium Starbucks-style coffee or tea, coconut milk, toffee nut syrup and carefully balanced flavors.",Oat,2,Vanilla,None,High,30,145,55,16.8,25.7,6.22,528.7,3.7,4152,Low,No,Yes,Yes,No,Yes,No,Croissant,Morning,Bold,Cold,Japan
SB00445,Matcha Americano,Americano,Venti,Hot,"A handcrafted Matcha Americano prepared with premium Starbucks-style coffee or tea, skim milk, toffee nut syrup and carefully balanced flavors.",Whole,4,Classic,Caramel Drizzle,Medium,78,171,57,11.1,21.4,6.99,594.15,4.6,28253,High,No,No,Yes,No,Yes,Yes,Croissant,Morning,Chocolatey,Hot,Global
SB00446,Hazelnut Tea,Tea,Grande,Cold,"A handcrafted Hazelnut Tea prepared with premium Starbucks-style coffee or tea, soy milk, vanilla syrup and carefully balanced flavors.",Soy,2,Caramel,Chocolate Shavings,High,300,90,30,3.7,27.9,3.77,320.45,4.9,34190,High,Yes,No,Yes,Yes,No,No,Sandwich,Afternoon,Fruity,Cold,Canada
SB00447,Chai Flat White,Flat White,Venti,Hot,"A handcrafted Chai Flat White prepared with premium Starbucks-style coffee or tea, soy milk, hazelnut syrup and carefully balanced flavors.",Almond,0,Classic,Chocolate Shavings,High,201,334,34,1.8,1.2,5.62,477.7,4.7,46038,Very High,Yes,No,Yes,No,No,Yes,Blueberry Muffin,Afternoon,Nutty,Hot,Canada
SB00448,Hazelnut Espresso,Espresso,Grande,Hot,"A handcrafted Hazelnut Espresso prepared with premium Starbucks-style coffee or tea, skim milk, caramel syrup and carefully balanced flavors.",Soy,3,None,None,Low,262,42,29,7.2,10.7,4.45,378.25,4.8,1007,Low,Yes,Yes,Yes,Yes,No,No,Croissant,Evening,Bold,Hot,UK
SB00449,Caramel Tea,Tea,Venti,Hot,"A handcrafted Caramel Tea prepared with premium Starbucks-style coffee or tea, coconut milk, classic syrup and carefully balanced flavors.",Coconut,0,None,Chocolate Shavings,Medium,185,106,45,17.9,0.2,3.49,296.65,4.1,48237,Very High,No,Yes,Yes,Yes,No,Yes,Croissant,Evening,Nutty,Hot,India
SB00450,Mango Cappuccino,Cappuccino,Venti,Cold,"A handcrafted Mango Cappuccino prepared with premium Starbucks-style coffee or tea, whole milk, toffee nut syrup and carefully balanced flavors.",Almond,3,Toffee Nut,Chocolate Shavings,High,172,563,26,15.3,22.1,3.44,292.4,4.4,32638,High,No,No,Yes,Yes,No,No,Blueberry Muffin,Morning,Nutty,Cold,USA
SB00451,Mocha Latte,Latte,Tall,Cold,"A handcrafted Mocha Latte prepared with premium Starbucks-style coffee or tea, whole milk, vanilla syrup and carefully balanced flavors.",Skim,2,Classic,None,High,102,70,5,0.8,15.6,5.53,470.05,4.7,17926,Medium,Yes,No,Yes,No,Yes,No,Cheesecake,Evening,Sweet,Cold,Japan
SB00452,White Mocha Macchiato,Macchiato,Grande,Cold,"A handcrafted White Mocha Macchiato prepared with premium Starbucks-style coffee or tea, almond milk, caramel syrup and carefully balanced flavors.",Oat,4,Classic,Chocolate Shavings,Low,282,184,58,4.5,26.3,5.5,467.5,3.8,44488,Very High,Yes,No,Yes,No,No,No,Blueberry Muffin,Morning,Creamy,Cold,Japan
SB00453,Mocha Cappuccino,Cappuccino,Venti,Cold,"A handcrafted Mocha Cappuccino prepared with premium Starbucks-style coffee or tea, coconut milk, vanilla syrup and carefully balanced flavors.",Coconut,2,None,Whipped Cream,High,283,281,48,5.9,15.3,3.62,307.7,3.9,36956,High,No,No,Yes,No,Yes,No,Cheesecake,Morning,Sweet,Cold,USA
SB00454,Classic Frappuccino,Frappuccino,Venti,Cold,"A handcrafted Classic Frappuccino prepared with premium Starbucks-style coffee or tea, coconut milk, caramel syrup and carefully balanced flavors.",Oat,1,Caramel,None,High,209,629,24,15.9,26.7,5.06,430.1,4.0,40855,Very High,Yes,Yes,Yes,Yes,Yes,Yes,Cookie,Evening,Nutty,Cold,Canada
SB00455,Strawberry Latte,Latte,Tall,Hot,"A handcrafted Strawberry Latte prepared with premium Starbucks-style coffee or tea, coconut milk, caramel syrup and carefully balanced flavors.",Coconut,0,Caramel,Whipped Cream,Low,222,611,70,10.9,6.8,8.24,700.4,3.7,42415,Very High,No,Yes,Yes,Yes,No,Yes,Cheesecake,Afternoon,Bold,Hot,Global
SB00456,Classic Cold Brew,Cold Brew,Grande,Cold,"A handcrafted Classic Cold Brew prepared with premium Starbucks-style coffee or tea, coconut milk, classic syrup and carefully balanced flavors.",Coconut,1,Caramel,Caramel Drizzle,Medium,223,543,68,9.4,25.2,2.68,227.8,4.3,5432,Low,No,Yes,Yes,No,Yes,Yes,Sandwich,Evening,Chocolatey,Cold,Japan
SB00457,Hazelnut Frappuccino,Frappuccino,Tall,Cold,"A handcrafted Hazelnut Frappuccino prepared with premium Starbucks-style coffee or tea, whole milk, none syrup and carefully balanced flavors.",Oat,2,Caramel,Whipped Cream,Low,234,186,68,12.4,21.8,6.94,589.9,3.9,5226,Low,No,Yes,Yes,Yes,No,Yes,Croissant,Morning,Creamy,Cold,Global
SB00458,White Mocha Tea,Tea,Tall,Cold,"A handcrafted White Mocha Tea prepared with premium Starbucks-style coffee or tea, coconut milk, caramel syrup and carefully balanced flavors.",Skim,3,Vanilla,Chocolate Shavings,Low,231,576,3,19.5,18.8,4.05,344.25,4.3,27226,High,No,No,Yes,Yes,No,No,Cookie,Morning,Chocolatey,Cold,USA
SB00459,Classic Cold Brew,Cold Brew,Tall,Cold,"A handcrafted Classic Cold Brew prepared with premium Starbucks-style coffee or tea, coconut milk, none syrup and carefully balanced flavors.",Coconut,4,Hazelnut,None,Low,133,461,64,4.0,11.1,7.91,672.35,4.0,30180,High,Yes,Yes,Yes,Yes,No,No,Cookie,Morning,Bold,Cold,UK
SB00460,Caramel Americano,Americano,Grande,Hot,"A handcrafted Caramel Americano prepared with premium Starbucks-style coffee or tea, coconut milk, hazelnut syrup and carefully balanced flavors.",Soy,2,Caramel,None,High,44,85,41,8.5,2.2,3.3,280.5,4.2,44455,Very High,Yes,Yes,Yes,Yes,Yes,No,Cheesecake,Evening,Creamy,Hot,Global
SB00461,Strawberry Refresher,Refresher,Tall,Cold,"A handcrafted Strawberry Refresher prepared with premium Starbucks-style coffee or tea, skim milk, vanilla syrup and carefully balanced flavors.",Skim,0,None,None,Medium,71,64,13,16.7,18.7,4.61,391.85,4.4,10077,Medium,Yes,No,Yes,No,Yes,No,Cookie,Afternoon,Creamy,Cold,Global
SB00462,Java Chip Cappuccino,Cappuccino,Grande,Cold,"A handcrafted Java Chip Cappuccino prepared with premium Starbucks-style coffee or tea, soy milk, caramel syrup and carefully balanced flavors.",Soy,2,Classic,Whipped Cream,Low,89,126,58,2.6,21.5,6.39,543.15,3.9,36904,High,Yes,Yes,Yes,Yes,No,No,Cookie,Afternoon,Nutty,Cold,Global
SB00463,Vanilla Mocha,Mocha,Venti,Cold,"A handcrafted Vanilla Mocha prepared with premium Starbucks-style coffee or tea, whole milk, hazelnut syrup and carefully balanced flavors.",Coconut,1,Toffee Nut,None,High,82,264,28,4.2,0.9,4.33,368.05,4.3,15410,Medium,No,Yes,Yes,No,Yes,Yes,Sandwich,Evening,Creamy,Cold,USA
SB00464,Mango Mocha,Mocha,Grande,Hot,"A handcrafted Mango Mocha prepared with premium Starbucks-style coffee or tea, soy milk, caramel syrup and carefully balanced flavors.",Skim,3,Vanilla,Chocolate Shavings,Medium,151,54,29,12.4,27.0,8.22,698.7,4.3,30049,High,No,No,Yes,No,Yes,Yes,Cheesecake,Morning,Bold,Hot,UK
SB00465,Mango Tea,Tea,Grande,Cold,"A handcrafted Mango Tea prepared with premium Starbucks-style coffee or tea, oat milk, caramel syrup and carefully balanced flavors.",Whole,0,Caramel,Whipped Cream,Medium,6,174,39,1.0,12.0,5.91,502.35,4.4,27465,High,No,No,Yes,Yes,No,No,Croissant,Evening,Nutty,Cold,USA
SB00466,Chai Latte,Latte,Tall,Hot,"A handcrafted Chai Latte prepared with premium Starbucks-style coffee or tea, coconut milk, hazelnut syrup and carefully balanced flavors.",Oat,1,Toffee Nut,Whipped Cream,High,269,628,26,12.8,2.6,6.66,566.1,4.7,23365,Medium,No,Yes,Yes,No,No,Yes,Blueberry Muffin,Morning,Chocolatey,Hot,USA
SB00467,Mango Espresso,Espresso,Tall,Cold,"A handcrafted Mango Espresso prepared with premium Starbucks-style coffee or tea, oat milk, hazelnut syrup and carefully balanced flavors.",Oat,0,None,Caramel Drizzle,Low,81,158,43,1.8,25.5,5.4,459.0,4.5,32102,High,Yes,Yes,Yes,No,Yes,Yes,Cheesecake,Afternoon,Sweet,Cold,Canada
SB00468,White Mocha Frappuccino,Frappuccino,Grande,Cold,"A handcrafted White Mocha Frappuccino prepared with premium Starbucks-style coffee or tea, soy milk, classic syrup and carefully balanced flavors.",Coconut,0,Vanilla,Chocolate Shavings,High,240,246,56,19.4,5.9,2.5,212.5,4.0,41007,Very High,Yes,Yes,Yes,Yes,No,No,Cookie,Evening,Sweet,Cold,UK
SB00469,Classic Americano,Americano,Tall,Cold,"A handcrafted Classic Americano prepared with premium Starbucks-style coffee or tea, whole milk, vanilla syrup and carefully balanced flavors.",Skim,2,Vanilla,Whipped Cream,Low,32,146,34,5.1,18.9,7.08,601.8,4.6,23714,Medium,Yes,No,Yes,Yes,Yes,Yes,Cheesecake,Afternoon,Nutty,Cold,USA
SB00470,Java Chip Frappuccino,Frappuccino,Venti,Cold,"A handcrafted Java Chip Frappuccino prepared with premium Starbucks-style coffee or tea, soy milk, toffee nut syrup and carefully balanced flavors.",Skim,4,Classic,Caramel Drizzle,Low,237,457,19,13.5,25.8,3.96,336.6,4.7,39027,High,Yes,Yes,Yes,Yes,No,No,Cheesecake,Evening,Chocolatey,Cold,India
SB00471,Matcha Cold Brew,Cold Brew,Tall,Cold,"A handcrafted Matcha Cold Brew prepared with premium Starbucks-style coffee or tea, oat milk, caramel syrup and carefully balanced flavors.",Skim,0,Toffee Nut,Chocolate Shavings,High,96,148,54,12.8,16.1,8.01,680.85,4.4,19918,Medium,No,No,Yes,Yes,No,Yes,Croissant,Afternoon,Fruity,Cold,India
SB00472,Mocha Tea,Tea,Venti,Cold,"A handcrafted Mocha Tea prepared with premium Starbucks-style coffee or tea, whole milk, caramel syrup and carefully balanced flavors.",Coconut,1,Hazelnut,None,High,173,486,61,2.0,8.1,8.24,700.4,4.1,48450,Very High,Yes,Yes,Yes,Yes,No,No,Blueberry Muffin,Afternoon,Bold,Cold,India
SB00473,White Mocha Cold Brew,Cold Brew,Venti,Cold,"A handcrafted White Mocha Cold Brew prepared with premium Starbucks-style coffee or tea, almond milk, none syrup and carefully balanced flavors.",Almond,0,Classic,Caramel Drizzle,High,134,98,42,9.8,0.7,7.7,654.5,3.6,877,Low,Yes,Yes,Yes,Yes,No,No,Croissant,Morning,Fruity,Cold,Japan
SB00474,Chai Espresso,Espresso,Venti,Hot,"A handcrafted Chai Espresso prepared with premium Starbucks-style coffee or tea, almond milk, vanilla syrup and carefully balanced flavors.",Coconut,4,Classic,None,High,184,134,5,19.1,6.5,2.96,251.6,4.3,34426,High,Yes,Yes,Yes,No,No,No,Cookie,Evening,Nutty,Hot,Global
SB00475,Chai Cold Brew,Cold Brew,Venti,Cold,"A handcrafted Chai Cold Brew prepared with premium Starbucks-style coffee or tea, whole milk, classic syrup and carefully balanced flavors.",Almond,1,None,None,High,154,60,47,15.5,4.6,7.1,603.5,4.5,17691,Medium,Yes,No,Yes,Yes,Yes,No,Cookie,Evening,Nutty,Cold,India
SB00476,Chai Espresso,Espresso,Venti,Hot,"A handcrafted Chai Espresso prepared with premium Starbucks-style coffee or tea, whole milk, toffee nut syrup and carefully balanced flavors.",Skim,3,Vanilla,None,Low,289,114,56,13.2,7.7,5.31,451.35,3.6,14423,Medium,Yes,No,Yes,Yes,No,No,Blueberry Muffin,Afternoon,Bold,Hot,Global
SB00477,Mocha Espresso,Espresso,Grande,Cold,"A handcrafted Mocha Espresso prepared with premium Starbucks-style coffee or tea, soy milk, vanilla syrup and carefully balanced flavors.",Whole,1,Toffee Nut,Chocolate Shavings,Low,140,160,22,12.6,16.4,3.03,257.55,4.4,38720,High,No,No,Yes,No,Yes,Yes,Blueberry Muffin,Afternoon,Sweet,Cold,USA
SB00478,Mocha Americano,Americano,Grande,Cold,"A handcrafted Mocha Americano prepared with premium Starbucks-style coffee or tea, almond milk, none syrup and carefully balanced flavors.",Skim,2,Caramel,Whipped Cream,Low,154,568,6,11.8,8.8,4.96,421.6,4.2,20139,Medium,Yes,Yes,Yes,Yes,No,No,Blueberry Muffin,Afternoon,Bold,Cold,UK
SB00479,Matcha Americano,Americano,Tall,Hot,"A handcrafted Matcha Americano prepared with premium Starbucks-style coffee or tea, almond milk, vanilla syrup and carefully balanced flavors.",Whole,3,Vanilla,None,Medium,197,340,34,4.4,19.3,4.37,371.45,4.0,48065,Very High,No,Yes,Yes,Yes,Yes,No,Cheesecake,Evening,Fruity,Hot,Canada
SB00480,Vanilla Refresher,Refresher,Venti,Cold,"A handcrafted Vanilla Refresher prepared with premium Starbucks-style coffee or tea, soy milk, none syrup and carefully balanced flavors.",Coconut,2,Toffee Nut,Caramel Drizzle,Low,241,154,14,4.2,29.8,4.53,385.05,4.3,1426,Low,No,Yes,Yes,No,Yes,Yes,Blueberry Muffin,Afternoon,Sweet,Cold,USA
SB00481,Java Chip Latte,Latte,Tall,Cold,"A handcrafted Java Chip Latte prepared with premium Starbucks-style coffee or tea, coconut milk, classic syrup and carefully balanced flavors.",Almond,2,Toffee Nut,Whipped Cream,High,228,90,12,16.4,8.0,6.66,566.1,4.4,17285,Medium,Yes,Yes,Yes,Yes,No,Yes,Cookie,Morning,Fruity,Cold,India
SB00482,Mango Espresso,Espresso,Tall,Cold,"A handcrafted Mango Espresso prepared with premium Starbucks-style coffee or tea, skim milk, toffee nut syrup and carefully balanced flavors.",Soy,4,None,Whipped Cream,Medium,234,470,39,2.8,16.5,5.51,468.35,4.4,21726,Medium,Yes,Yes,Yes,Yes,No,No,Sandwich,Evening,Chocolatey,Cold,UK
SB00483,Matcha Tea,Tea,Venti,Hot,"A handcrafted Matcha Tea prepared with premium Starbucks-style coffee or tea, almond milk, hazelnut syrup and carefully balanced flavors.",Coconut,1,None,Caramel Drizzle,Low,139,124,46,18.5,4.2,3.31,281.35,4.1,2864,Low,No,No,Yes,Yes,No,Yes,Sandwich,Afternoon,Nutty,Hot,India
SB00484,White Mocha Frappuccino,Frappuccino,Venti,Cold,"A handcrafted White Mocha Frappuccino prepared with premium Starbucks-style coffee or tea, whole milk, toffee nut syrup and carefully balanced flavors.",Skim,1,Hazelnut,Caramel Drizzle,High,242,126,22,15.4,30.0,4.5,382.5,3.5,40970,Very High,Yes,Yes,Yes,Yes,No,No,Blueberry Muffin,Afternoon,Nutty,Cold,India
SB00485,Caramel Americano,Americano,Tall,Cold,"A handcrafted Caramel Americano prepared with premium Starbucks-style coffee or tea, coconut milk, hazelnut syrup and carefully balanced flavors.",Whole,2,Toffee Nut,Caramel Drizzle,Medium,165,526,25,11.3,9.5,5.47,464.95,3.8,14501,Medium,Yes,No,Yes,Yes,No,No,Blueberry Muffin,Afternoon,Creamy,Cold,Canada
SB00486,Mango Mocha,Mocha,Grande,Cold,"A handcrafted Mango Mocha prepared with premium Starbucks-style coffee or tea, whole milk, toffee nut syrup and carefully balanced flavors.",Skim,0,Caramel,None,High,93,138,9,7.5,5.4,6.39,543.15,4.7,7146,Low,No,No,Yes,Yes,No,No,Cookie,Morning,Fruity,Cold,Canada
SB00487,Strawberry Tea,Tea,Grande,Hot,"A handcrafted Strawberry Tea prepared with premium Starbucks-style coffee or tea, coconut milk, classic syrup and carefully balanced flavors.",Oat,0,Hazelnut,None,Medium,208,635,69,13.6,2.5,5.85,497.25,3.9,37242,High,No,No,Yes,No,No,No,Croissant,Afternoon,Sweet,Hot,Japan
SB00488,Classic Refresher,Refresher,Venti,Cold,"A handcrafted Classic Refresher prepared with premium Starbucks-style coffee or tea, coconut milk, none syrup and carefully balanced flavors.",Skim,4,Vanilla,None,Medium,212,165,43,14.1,17.6,6.05,514.25,4.2,14111,Medium,Yes,Yes,Yes,No,Yes,No,Blueberry Muffin,Afternoon,Fruity,Cold,UK
SB00489,Matcha Cappuccino,Cappuccino,Grande,Cold,"A handcrafted Matcha Cappuccino prepared with premium Starbucks-style coffee or tea, skim milk, toffee nut syrup and carefully balanced flavors.",Whole,0,Vanilla,Chocolate Shavings,High,51,253,11,11.8,7.8,5.33,453.05,4.6,8988,Low,Yes,Yes,Yes,Yes,Yes,No,Cookie,Afternoon,Creamy,Cold,Global
SB00490,Vanilla Macchiato,Macchiato,Venti,Hot,"A handcrafted Vanilla Macchiato prepared with premium Starbucks-style coffee or tea, soy milk, classic syrup and carefully balanced flavors.",Oat,0,None,Chocolate Shavings,Low,86,273,18,13.5,20.7,7.23,614.55,3.6,11158,Medium,No,No,Yes,Yes,Yes,Yes,Sandwich,Evening,Sweet,Hot,India
SB00491,Mocha Cappuccino,Cappuccino,Tall,Cold,"A handcrafted Mocha Cappuccino prepared with premium Starbucks-style coffee or tea, oat milk, vanilla syrup and carefully balanced flavors.",Soy,4,Toffee Nut,None,Medium,209,58,66,12.7,7.9,2.96,251.6,3.8,27564,High,No,No,Yes,Yes,Yes,No,Cookie,Evening,Fruity,Cold,UK
SB00492,Classic Latte,Latte,Grande,Cold,"A handcrafted Classic Latte prepared with premium Starbucks-style coffee or tea, whole milk, caramel syrup and carefully balanced flavors.",Almond,4,Classic,Whipped Cream,Low,216,181,24,18.4,5.8,5.24,445.4,3.7,33378,High,Yes,Yes,Yes,No,Yes,No,Sandwich,Afternoon,Chocolatey,Cold,Canada
SB00493,Chai Cappuccino,Cappuccino,Venti,Cold,"A handcrafted Chai Cappuccino prepared with premium Starbucks-style coffee or tea, oat milk, classic syrup and carefully balanced flavors.",Oat,3,Toffee Nut,Caramel Drizzle,Medium,23,126,52,14.5,2.5,3.66,311.1,4.6,7498,Low,Yes,No,Yes,No,No,No,Cheesecake,Evening,Nutty,Cold,India
SB00494,White Mocha Cappuccino,Cappuccino,Venti,Cold,"A handcrafted White Mocha Cappuccino prepared with premium Starbucks-style coffee or tea, skim milk, hazelnut syrup and carefully balanced flavors.",Coconut,2,Vanilla,Chocolate Shavings,Medium,89,496,6,0.5,2.0,5.65,480.25,4.0,29494,High,No,Yes,Yes,No,Yes,No,Blueberry Muffin,Morning,Creamy,Cold,India
SB00495,Classic Mocha,Mocha,Venti,Hot,"A handcrafted Classic Mocha prepared with premium Starbucks-style coffee or tea, coconut milk, none syrup and carefully balanced flavors.",Oat,4,Hazelnut,None,High,222,173,45,13.0,7.8,6.48,550.8,4.9,28625,High,Yes,No,Yes,No,No,No,Cheesecake,Afternoon,Nutty,Hot,Canada
SB00496,Java Chip Mocha,Mocha,Tall,Cold,"A handcrafted Java Chip Mocha prepared with premium Starbucks-style coffee or tea, oat milk, hazelnut syrup and carefully balanced flavors.",Whole,0,Classic,None,Medium,202,450,57,9.4,26.1,4.19,356.15,4.1,40869,Very High,Yes,Yes,Yes,Yes,No,No,Croissant,Morning,Fruity,Cold,India
SB00497,Caramel Frappuccino,Frappuccino,Grande,Cold,"A handcrafted Caramel Frappuccino prepared with premium Starbucks-style coffee or tea, skim milk, classic syrup and carefully balanced flavors.",Skim,3,None,Whipped Cream,High,175,577,8,13.2,29.5,4.67,396.95,4.1,40763,Very High,No,No,Yes,Yes,Yes,Yes,Cookie,Afternoon,Sweet,Cold,Global
SB00498,Chai Americano,Americano,Grande,Hot,"A handcrafted Chai Americano prepared with premium Starbucks-style coffee or tea, soy milk, classic syrup and carefully balanced flavors.",Skim,3,Caramel,Caramel Drizzle,Medium,48,100,51,4.5,29.8,7.47,634.95,4.4,21705,Medium,No,Yes,Yes,Yes,No,Yes,Blueberry Muffin,Afternoon,Nutty,Hot,USA
SB00499,Mango Cappuccino,Cappuccino,Grande,Cold,"A handcrafted Mango Cappuccino prepared with premium Starbucks-style coffee or tea, skim milk, none syrup and carefully balanced flavors.",Coconut,0,None,Whipped Cream,High,292,99,2,13.7,3.2,3.93,334.05,4.3,30802,High,Yes,Yes,Yes,Yes,No,No,Cheesecake,Afternoon,Chocolatey,Cold,Canada
SB00500,Mango Tea,Tea,Tall,Cold,"A handcrafted Mango Tea prepared with premium Starbucks-style coffee or tea, coconut milk, vanilla syrup and carefully balanced flavors.",Almond,0,None,Whipped Cream,Low,297,78,58,10.9,13.6,5.03,427.55,3.8,37039,High,No,Yes,Yes,Yes,No,No,Sandwich,Morning,Sweet,Cold,Global
SB00501,Mocha Frappuccino,Frappuccino,Tall,Cold,"A handcrafted Mocha Frappuccino prepared with premium Starbucks-style coffee or tea, coconut milk, classic syrup and carefully balanced flavors.",Soy,2,None,Chocolate Shavings,Medium,158,253,67,17.6,23.8,5.35,454.75,4.0,33684,High,No,No,Yes,Yes,Yes,No,Cookie,Evening,Fruity,Cold,Global
SB00502,Strawberry Americano,Americano,Venti,Cold,"A handcrafted Strawberry Americano prepared with premium Starbucks-style coffee or tea, soy milk, caramel syrup and carefully balanced flavors.",Oat,3,Toffee Nut,Caramel Drizzle,Low,163,455,57,4.3,26.3,6.13,521.05,4.9,15325,Medium,No,No,Yes,No,Yes,No,Blueberry Muffin,Afternoon,Fruity,Cold,Japan
SB00503,Hazelnut Americano,Americano,Tall,Hot,"A handcrafted Hazelnut Americano prepared with premium Starbucks-style coffee or tea, skim milk, hazelnut syrup and carefully balanced flavors.",Almond,0,Hazelnut,Chocolate Shavings,Medium,258,460,35,7.3,0.2,6.46,549.1,4.6,17897,Medium,Yes,No,Yes,No,Yes,Yes,Croissant,Morning,Chocolatey,Hot,India
SB00504,Mango Espresso,Espresso,Venti,Cold,"A handcrafted Mango Espresso prepared with premium Starbucks-style coffee or tea, oat milk, vanilla syrup and carefully balanced flavors.",Skim,3,None,Caramel Drizzle,Low,183,441,57,12.5,12.8,3.04,258.4,3.5,35035,High,No,No,Yes,No,No,No,Croissant,Morning,Nutty,Cold,UK
SB00505,White Mocha Americano,Americano,Tall,Cold,"A handcrafted White Mocha Americano prepared with premium Starbucks-style coffee or tea, whole milk, caramel syrup and carefully balanced flavors.",Coconut,0,Hazelnut,None,Low,164,466,26,7.6,5.1,4.89,415.65,4.7,661,Low,Yes,No,Yes,Yes,Yes,No,Blueberry Muffin,Afternoon,Fruity,Cold,Global
SB00506,Strawberry Americano,Americano,Venti,Cold,"A handcrafted Strawberry Americano prepared with premium Starbucks-style coffee or tea, almond milk, toffee nut syrup and carefully balanced flavors.",Skim,1,None,None,Medium,120,394,11,10.1,28.7,3.66,311.1,5.0,37261,High,Yes,No,Yes,No,No,No,Cookie,Morning,Bold,Cold,Global
SB00507,Hazelnut Espresso,Espresso,Venti,Cold,"A handcrafted Hazelnut Espresso prepared with premium Starbucks-style coffee or tea, oat milk, caramel syrup and carefully balanced flavors.",Almond,4,None,None,Low,221,564,51,8.4,17.5,6.74,572.9,3.6,13018,Medium,No,Yes,Yes,Yes,Yes,Yes,Croissant,Evening,Sweet,Cold,USA
SB00508,Classic Macchiato,Macchiato,Venti,Hot,"A handcrafted Classic Macchiato prepared with premium Starbucks-style coffee or tea, soy milk, classic syrup and carefully balanced flavors.",Coconut,4,Toffee Nut,Chocolate Shavings,Medium,18,487,53,18.8,30.0,5.57,473.45,4.8,8759,Low,No,Yes,Yes,No,Yes,Yes,Cookie,Morning,Fruity,Hot,UK
SB00509,Hazelnut Tea,Tea,Tall,Hot,"A handcrafted Hazelnut Tea prepared with premium Starbucks-style coffee or tea, whole milk, toffee nut syrup and carefully balanced flavors.",Whole,4,None,Chocolate Shavings,Low,183,441,56,7.1,7.0,8.11,689.35,3.8,36678,High,Yes,Yes,Yes,No,Yes,Yes,Cheesecake,Morning,Creamy,Hot,UK
SB00510,Mocha Macchiato,Macchiato,Venti,Cold,"A handcrafted Mocha Macchiato prepared with premium Starbucks-style coffee or tea, coconut milk, hazelnut syrup and carefully balanced flavors.",Oat,4,Toffee Nut,Whipped Cream,Medium,20,181,11,17.8,17.9,5.48,465.8,3.6,26623,High,No,Yes,Yes,Yes,Yes,Yes,Croissant,Morning,Fruity,Cold,Japan
SB00511,White Mocha Flat White,Flat White,Grande,Hot,"A handcrafted White Mocha Flat White prepared with premium Starbucks-style coffee or tea, soy milk, vanilla syrup and carefully balanced flavors.",Almond,4,Vanilla,Chocolate Shavings,Low,144,370,4,15.6,11.1,6.72,571.2,4.8,7884,Low,Yes,No,Yes,Yes,No,No,Blueberry Muffin,Evening,Bold,Hot,UK
SB00512,Hazelnut Macchiato,Macchiato,Venti,Cold,"A handcrafted Hazelnut Macchiato prepared with premium Starbucks-style coffee or tea, almond milk, classic syrup and carefully balanced flavors.",Coconut,2,Vanilla,Whipped Cream,High,125,45,68,4.3,2.9,3.83,325.55,4.0,42096,Very High,No,Yes,Yes,No,Yes,No,Sandwich,Morning,Chocolatey,Cold,Japan
SB00513,Caramel Mocha,Mocha,Tall,Hot,"A handcrafted Caramel Mocha prepared with premium Starbucks-style coffee or tea, almond milk, none syrup and carefully balanced flavors.",Coconut,3,Vanilla,Chocolate Shavings,Low,67,141,39,19.6,0.6,6.24,530.4,4.5,14379,Medium,No,Yes,Yes,No,Yes,Yes,Cookie,Afternoon,Bold,Hot,Japan
SB00514,Vanilla Americano,Americano,Tall,Cold,"A handcrafted Vanilla Americano prepared with premium Starbucks-style coffee or tea, skim milk, vanilla syrup and carefully balanced flavors.",Coconut,0,Hazelnut,None,High,222,585,31,16.6,26.6,3.37,286.45,4.1,34961,High,Yes,No,Yes,Yes,No,No,Cookie,Morning,Fruity,Cold,Canada
SB00515,Matcha Tea,Tea,Grande,Hot,"A handcrafted Matcha Tea prepared with premium Starbucks-style coffee or tea, coconut milk, classic syrup and carefully balanced flavors.",Soy,2,None,None,High,131,481,39,6.7,15.6,3.15,267.75,4.3,11203,Medium,No,Yes,Yes,Yes,Yes,Yes,Sandwich,Morning,Nutty,Hot,Canada
SB00516,Mango Espresso,Espresso,Grande,Hot,"A handcrafted Mango Espresso prepared with premium Starbucks-style coffee or tea, skim milk, toffee nut syrup and carefully balanced flavors.",Skim,3,None,None,Low,137,633,26,9.7,10.8,2.96,251.6,4.6,34568,High,Yes,No,Yes,No,No,Yes,Cheesecake,Morning,Fruity,Hot,Japan
SB00517,Mango Mocha,Mocha,Grande,Hot,"A handcrafted Mango Mocha prepared with premium Starbucks-style coffee or tea, oat milk, toffee nut syrup and carefully balanced flavors.",Soy,2,Classic,Whipped Cream,Low,12,44,28,19.4,6.9,7.93,674.05,4.9,40281,Very High,No,No,Yes,Yes,No,No,Sandwich,Afternoon,Bold,Hot,Global
SB00518,Matcha Flat White,Flat White,Grande,Hot,"A handcrafted Matcha Flat White prepared with premium Starbucks-style coffee or tea, whole milk, caramel syrup and carefully balanced flavors.",Coconut,4,None,Whipped Cream,Medium,117,570,43,3.9,25.0,4.44,377.4,4.8,8988,Low,Yes,No,Yes,No,Yes,Yes,Croissant,Evening,Chocolatey,Hot,Canada
SB00519,Java Chip Flat White,Flat White,Tall,Hot,"A handcrafted Java Chip Flat White prepared with premium Starbucks-style coffee or tea, oat milk, caramel syrup and carefully balanced flavors.",Soy,4,Caramel,Chocolate Shavings,Low,29,332,44,19.2,19.5,4.5,382.5,4.4,24675,Medium,No,Yes,Yes,Yes,No,No,Blueberry Muffin,Evening,Bold,Hot,Japan
SB00520,Strawberry Macchiato,Macchiato,Venti,Hot,"A handcrafted Strawberry Macchiato prepared with premium Starbucks-style coffee or tea, soy milk, none syrup and carefully balanced flavors.",Oat,1,Vanilla,None,High,81,169,11,15.8,14.9,7.4,629.0,3.5,38623,High,Yes,Yes,Yes,Yes,No,Yes,Blueberry Muffin,Evening,Chocolatey,Hot,USA
SB00521,Matcha Refresher,Refresher,Venti,Cold,"A handcrafted Matcha Refresher prepared with premium Starbucks-style coffee or tea, oat milk, none syrup and carefully balanced flavors.",Whole,1,Classic,None,Low,3,77,36,10.0,25.1,3.49,296.65,4.2,35508,High,Yes,No,Yes,No,No,No,Cheesecake,Morning,Bold,Cold,India
SB00522,Classic Latte,Latte,Tall,Hot,"A handcrafted Classic Latte prepared with premium Starbucks-style coffee or tea, almond milk, hazelnut syrup and carefully balanced flavors.",Whole,1,Vanilla,None,High,22,39,46,13.9,22.7,6.11,519.35,3.6,11531,Medium,No,Yes,Yes,Yes,No,Yes,Sandwich,Evening,Chocolatey,Hot,Global
SB00523,Mango Refresher,Refresher,Grande,Cold,"A handcrafted Mango Refresher prepared with premium Starbucks-style coffee or tea, whole milk, toffee nut syrup and carefully balanced flavors.",Whole,3,Caramel,Whipped Cream,Medium,191,113,48,2.7,14.9,7.19,611.15,3.8,47781,Very High,No,Yes,Yes,Yes,No,Yes,Croissant,Afternoon,Sweet,Cold,Japan
SB00524,Strawberry Cold Brew,Cold Brew,Tall,Cold,"A handcrafted Strawberry Cold Brew prepared with premium Starbucks-style coffee or tea, skim milk, classic syrup and carefully balanced flavors.",Soy,0,Hazelnut,Caramel Drizzle,High,16,398,52,19.2,10.8,5.31,451.35,3.7,36596,High,No,No,Yes,Yes,Yes,Yes,Blueberry Muffin,Afternoon,Bold,Cold,Japan
SB00525,Matcha Cold Brew,Cold Brew,Tall,Cold,"A handcrafted Matcha Cold Brew prepared with premium Starbucks-style coffee or tea, skim milk, toffee nut syrup and carefully balanced flavors.",Coconut,4,Vanilla,None,Medium,240,356,14,13.9,4.1,2.84,241.4,3.9,5494,Low,Yes,No,Yes,Yes,Yes,Yes,Cookie,Morning,Sweet,Cold,Canada
SB00526,Chai Tea,Tea,Venti,Hot,"A handcrafted Chai Tea prepared with premium Starbucks-style coffee or tea, skim milk, vanilla syrup and carefully balanced flavors.",Almond,1,None,Chocolate Shavings,High,237,489,17,9.5,6.9,7.83,665.55,3.9,4146,Low,No,Yes,Yes,Yes,No,No,Blueberry Muffin,Morning,Creamy,Hot,India
SB00527,Java Chip Tea,Tea,Venti,Hot,"A handcrafted Java Chip Tea prepared with premium Starbucks-style coffee or tea, whole milk, hazelnut syrup and carefully balanced flavors.",Coconut,2,None,Chocolate Shavings,Medium,259,170,39,8.0,3.8,2.64,224.4,4.8,35771,High,Yes,Yes,Yes,No,No,Yes,Cheesecake,Morning,Fruity,Hot,India
SB00528,Strawberry Frappuccino,Frappuccino,Venti,Cold,"A handcrafted Strawberry Frappuccino prepared with premium Starbucks-style coffee or tea, oat milk, toffee nut syrup and carefully balanced flavors.",Coconut,2,None,Chocolate Shavings,High,167,301,15,12.3,2.7,8.18,695.3,4.8,27049,High,No,Yes,Yes,Yes,Yes,No,Sandwich,Morning,Sweet,Cold,Global
SB00529,Caramel Tea,Tea,Grande,Cold,"A handcrafted Caramel Tea prepared with premium Starbucks-style coffee or tea, coconut milk, toffee nut syrup and carefully balanced flavors.",Skim,0,Toffee Nut,Chocolate Shavings,Low,234,535,18,8.8,7.5,5.79,492.15,4.5,18846,Medium,Yes,Yes,Yes,Yes,No,Yes,Cheesecake,Evening,Fruity,Cold,Global
SB00530,Mocha Tea,Tea,Venti,Cold,"A handcrafted Mocha Tea prepared with premium Starbucks-style coffee or tea, whole milk, vanilla syrup and carefully balanced flavors.",Almond,4,Hazelnut,Whipped Cream,High,78,608,63,1.4,27.6,3.76,319.6,4.3,24407,Medium,No,Yes,Yes,No,Yes,No,Cookie,Evening,Bold,Cold,Canada
SB00531,Mocha Mocha,Mocha,Venti,Cold,"A handcrafted Mocha Mocha prepared with premium Starbucks-style coffee or tea, coconut milk, hazelnut syrup and carefully balanced flavors.",Whole,3,Toffee Nut,Whipped Cream,Low,134,499,43,19.7,20.5,6.25,531.25,4.8,515,Low,No,Yes,Yes,No,No,No,Cheesecake,Evening,Nutty,Cold,UK
SB00532,Matcha Flat White,Flat White,Grande,Cold,"A handcrafted Matcha Flat White prepared with premium Starbucks-style coffee or tea, almond milk, vanilla syrup and carefully balanced flavors.",Whole,1,Vanilla,Chocolate Shavings,Low,84,648,42,16.3,21.5,7.42,630.7,4.0,14167,Medium,No,Yes,Yes,No,Yes,Yes,Sandwich,Morning,Chocolatey,Cold,Canada
SB00533,Hazelnut Cold Brew,Cold Brew,Grande,Cold,"A handcrafted Hazelnut Cold Brew prepared with premium Starbucks-style coffee or tea, coconut milk, vanilla syrup and carefully balanced flavors.",Coconut,0,Toffee Nut,Whipped Cream,Medium,98,448,63,5.6,21.8,4.58,389.3,4.1,15168,Medium,Yes,No,Yes,No,No,Yes,Cheesecake,Evening,Bold,Cold,Canada
SB00534,White Mocha Cold Brew,Cold Brew,Grande,Cold,"A handcrafted White Mocha Cold Brew prepared with premium Starbucks-style coffee or tea, skim milk, none syrup and carefully balanced flavors.",Soy,4,Classic,Caramel Drizzle,Low,209,42,48,15.7,23.7,3.07,260.95,4.9,43189,Very High,No,No,Yes,No,Yes,No,Cookie,Evening,Creamy,Cold,USA
SB00535,Matcha Espresso,Espresso,Grande,Hot,"A handcrafted Matcha Espresso prepared with premium Starbucks-style coffee or tea, skim milk, caramel syrup and carefully balanced flavors.",Oat,1,Toffee Nut,Chocolate Shavings,High,64,147,10,5.0,27.9,3.34,283.9,3.6,31302,High,No,Yes,Yes,No,No,No,Cheesecake,Evening,Sweet,Hot,UK
SB00536,Strawberry Espresso,Espresso,Grande,Cold,"A handcrafted Strawberry Espresso prepared with premium Starbucks-style coffee or tea, skim milk, hazelnut syrup and carefully balanced flavors.",Skim,4,Vanilla,None,Low,131,643,35,14.1,13.4,7.55,641.75,4.9,20572,Medium,No,No,Yes,Yes,No,Yes,Sandwich,Morning,Fruity,Cold,USA
SB00537,Mocha Latte,Latte,Grande,Cold,"A handcrafted Mocha Latte prepared with premium Starbucks-style coffee or tea, oat milk, classic syrup and carefully balanced flavors.",Whole,0,None,Whipped Cream,High,235,120,63,11.6,5.2,3.28,278.8,4.5,29356,High,No,Yes,Yes,Yes,No,No,Cheesecake,Evening,Creamy,Cold,UK
SB00538,Matcha Tea,Tea,Tall,Cold,"A handcrafted Matcha Tea prepared with premium Starbucks-style coffee or tea, skim milk, vanilla syrup and carefully balanced flavors.",Whole,2,None,None,Medium,280,237,62,11.7,2.5,3.07,260.95,4.4,47407,Very High,No,Yes,Yes,Yes,Yes,No,Cheesecake,Evening,Bold,Cold,USA
SB00539,Matcha Flat White,Flat White,Grande,Cold,"A handcrafted Matcha Flat White prepared with premium Starbucks-style coffee or tea, coconut milk, classic syrup and carefully balanced flavors.",Almond,4,Toffee Nut,Chocolate Shavings,Medium,112,123,1,12.4,18.2,7.25,616.25,4.6,36239,High,Yes,No,Yes,Yes,No,Yes,Cookie,Afternoon,Sweet,Cold,Global
SB00540,Java Chip Frappuccino,Frappuccino,Grande,Cold,"A handcrafted Java Chip Frappuccino prepared with premium Starbucks-style coffee or tea, almond milk, caramel syrup and carefully balanced flavors.",Almond,1,Classic,Chocolate Shavings,Medium,272,492,43,4.2,5.2,3.85,327.25,4.0,16082,Medium,No,No,Yes,Yes,No,Yes,Cheesecake,Evening,Creamy,Cold,Canada
SB00541,Chai Cold Brew,Cold Brew,Venti,Cold,"A handcrafted Chai Cold Brew prepared with premium Starbucks-style coffee or tea, whole milk, vanilla syrup and carefully balanced flavors.",Skim,3,Hazelnut,Chocolate Shavings,High,287,310,23,2.1,9.7,7.76,659.6,4.3,17402,Medium,Yes,Yes,Yes,Yes,Yes,Yes,Blueberry Muffin,Morning,Sweet,Cold,UK
SB00542,White Mocha Cold Brew,Cold Brew,Grande,Cold,"A handcrafted White Mocha Cold Brew prepared with premium Starbucks-style coffee or tea, skim milk, toffee nut syrup and carefully balanced flavors.",Almond,4,Caramel,Chocolate Shavings,Low,2,340,70,8.9,26.4,8.1,688.5,4.6,5641,Low,Yes,No,Yes,No,Yes,No,Croissant,Evening,Bold,Cold,Global
SB00543,Matcha Mocha,Mocha,Grande,Cold,"A handcrafted Matcha Mocha prepared with premium Starbucks-style coffee or tea, oat milk, caramel syrup and carefully balanced flavors.",Oat,4,Classic,Caramel Drizzle,Medium,70,173,25,2.0,5.5,4.99,424.15,4.8,6650,Low,No,Yes,Yes,Yes,No,No,Sandwich,Afternoon,Bold,Cold,Japan
SB00544,Vanilla Latte,Latte,Grande,Cold,"A handcrafted Vanilla Latte prepared with premium Starbucks-style coffee or tea, soy milk, classic syrup and carefully balanced flavors.",Coconut,0,Caramel,Chocolate Shavings,High,160,514,67,16.5,14.4,2.53,215.05,4.5,2078,Low,No,No,Yes,Yes,No,Yes,Cheesecake,Evening,Bold,Cold,Japan
SB00545,Vanilla Espresso,Espresso,Tall,Cold,"A handcrafted Vanilla Espresso prepared with premium Starbucks-style coffee or tea, whole milk, caramel syrup and carefully balanced flavors.",Coconut,4,Caramel,None,Medium,210,206,33,14.1,17.2,4.26,362.1,4.9,4442,Low,No,Yes,Yes,No,Yes,No,Cheesecake,Afternoon,Fruity,Cold,India
SB00546,Vanilla Mocha,Mocha,Grande,Hot,"A handcrafted Vanilla Mocha prepared with premium Starbucks-style coffee or tea, oat milk, caramel syrup and carefully balanced flavors.",Coconut,4,Vanilla,Chocolate Shavings,High,274,530,6,0.8,11.4,2.5,212.5,3.9,14852,Medium,Yes,No,Yes,Yes,No,No,Cookie,Afternoon,Nutty,Hot,Global
SB00547,Classic Cappuccino,Cappuccino,Venti,Hot,"A handcrafted Classic Cappuccino prepared with premium Starbucks-style coffee or tea, whole milk, vanilla syrup and carefully balanced flavors.",Skim,1,Caramel,Chocolate Shavings,High,292,185,32,14.4,7.8,5.57,473.45,3.8,22810,Medium,Yes,Yes,Yes,Yes,No,Yes,Croissant,Afternoon,Fruity,Hot,USA
SB00548,Hazelnut Espresso,Espresso,Venti,Hot,"A handcrafted Hazelnut Espresso prepared with premium Starbucks-style coffee or tea, soy milk, none syrup and carefully balanced flavors.",Coconut,4,Hazelnut,Whipped Cream,High,268,259,34,1.6,15.3,7.08,601.8,4.1,37002,High,No,Yes,Yes,Yes,Yes,No,Croissant,Afternoon,Bold,Hot,Canada
SB00549,Caramel Americano,Americano,Grande,Hot,"A handcrafted Caramel Americano prepared with premium Starbucks-style coffee or tea, soy milk, none syrup and carefully balanced flavors.",Whole,1,Caramel,Caramel Drizzle,Low,20,314,9,18.9,11.4,4.48,380.8,3.6,2925,Low,No,No,Yes,No,No,No,Cookie,Evening,Fruity,Hot,USA
SB00550,Mango Flat White,Flat White,Venti,Cold,"A handcrafted Mango Flat White prepared with premium Starbucks-style coffee or tea, coconut milk, vanilla syrup and carefully balanced flavors.",Coconut,2,Toffee Nut,None,Medium,197,507,64,8.2,12.5,5.15,437.75,4.7,32080,High,No,Yes,Yes,Yes,No,No,Cookie,Evening,Fruity,Cold,Canada
SB00551,Mango Mocha,Mocha,Venti,Hot,"A handcrafted Mango Mocha prepared with premium Starbucks-style coffee or tea, skim milk, caramel syrup and carefully balanced flavors.",Coconut,4,Classic,Caramel Drizzle,High,96,52,14,16.4,11.9,3.17,269.45,3.7,17063,Medium,Yes,Yes,Yes,Yes,No,No,Croissant,Evening,Fruity,Hot,India
SB00552,Java Chip Mocha,Mocha,Grande,Hot,"A handcrafted Java Chip Mocha prepared with premium Starbucks-style coffee or tea, oat milk, classic syrup and carefully balanced flavors.",Oat,2,Classic,Whipped Cream,Medium,91,355,33,16.3,19.8,5.37,456.45,4.3,3882,Low,No,Yes,Yes,No,No,Yes,Croissant,Evening,Fruity,Hot,Japan
SB00553,Chai Tea,Tea,Grande,Hot,"A handcrafted Chai Tea prepared with premium Starbucks-style coffee or tea, coconut milk, classic syrup and carefully balanced flavors.",Almond,2,Caramel,Caramel Drizzle,High,53,561,37,10.9,14.1,4.88,414.8,5.0,35434,High,Yes,Yes,Yes,No,Yes,Yes,Croissant,Afternoon,Sweet,Hot,Global
SB00554,White Mocha Frappuccino,Frappuccino,Grande,Cold,"A handcrafted White Mocha Frappuccino prepared with premium Starbucks-style coffee or tea, skim milk, hazelnut syrup and carefully balanced flavors.",Skim,4,None,Caramel Drizzle,Low,37,327,10,10.7,11.7,7.92,673.2,4.3,22263,Medium,Yes,No,Yes,Yes,No,Yes,Sandwich,Afternoon,Nutty,Cold,Global
SB00555,Vanilla Flat White,Flat White,Tall,Hot,"A handcrafted Vanilla Flat White prepared with premium Starbucks-style coffee or tea, whole milk, vanilla syrup and carefully balanced flavors.",Skim,3,Hazelnut,Caramel Drizzle,High,27,420,35,0.4,24.6,6.85,582.25,4.4,12623,Medium,No,No,Yes,No,Yes,No,Croissant,Morning,Creamy,Hot,Canada
SB00556,Strawberry Frappuccino,Frappuccino,Grande,Cold,"A handcrafted Strawberry Frappuccino prepared with premium Starbucks-style coffee or tea, almond milk, vanilla syrup and carefully balanced flavors.",Skim,1,Vanilla,Caramel Drizzle,Low,269,585,27,11.5,14.5,3.63,308.55,3.6,26633,High,No,No,Yes,No,Yes,No,Croissant,Morning,Sweet,Cold,Global
SB00557,Mocha Espresso,Espresso,Venti,Hot,"A handcrafted Mocha Espresso prepared with premium Starbucks-style coffee or tea, coconut milk, caramel syrup and carefully balanced flavors.",Coconut,0,Vanilla,Chocolate Shavings,High,296,408,42,17.2,23.3,6.99,594.15,4.6,42708,Very High,No,No,Yes,No,Yes,No,Sandwich,Morning,Sweet,Hot,Global
SB00558,Caramel Latte,Latte,Venti,Cold,"A handcrafted Caramel Latte prepared with premium Starbucks-style coffee or tea, coconut milk, classic syrup and carefully balanced flavors.",Soy,3,Hazelnut,Chocolate Shavings,Low,212,491,40,18.7,6.7,5.46,464.1,4.4,24916,Medium,No,Yes,Yes,Yes,Yes,No,Cookie,Evening,Creamy,Cold,India
SB00559,Mango Frappuccino,Frappuccino,Tall,Cold,"A handcrafted Mango Frappuccino prepared with premium Starbucks-style coffee or tea, coconut milk, hazelnut syrup and carefully balanced flavors.",Almond,4,Toffee Nut,Caramel Drizzle,High,214,114,6,12.4,23.8,7.28,618.8,4.1,47513,Very High,No,Yes,Yes,No,No,No,Sandwich,Evening,Sweet,Cold,UK
SB00560,Classic Mocha,Mocha,Grande,Cold,"A handcrafted Classic Mocha prepared with premium Starbucks-style coffee or tea, skim milk, none syrup and carefully balanced flavors.",Whole,0,Hazelnut,None,Low,95,638,34,7.2,0.1,3.6,306.0,3.9,9528,Low,No,No,Yes,No,No,Yes,Blueberry Muffin,Evening,Sweet,Cold,India
SB00561,Strawberry Macchiato,Macchiato,Grande,Hot,"A handcrafted Strawberry Macchiato prepared with premium Starbucks-style coffee or tea, skim milk, vanilla syrup and carefully balanced flavors.",Almond,2,Toffee Nut,Caramel Drizzle,Medium,298,614,42,4.0,2.9,2.58,219.3,4.4,2069,Low,Yes,No,Yes,No,Yes,No,Cookie,Afternoon,Nutty,Hot,USA
SB00562,Classic Macchiato,Macchiato,Grande,Hot,"A handcrafted Classic Macchiato prepared with premium Starbucks-style coffee or tea, soy milk, classic syrup and carefully balanced flavors.",Whole,2,Caramel,Whipped Cream,Low,271,592,28,14.4,2.9,5.5,467.5,4.7,38599,High,Yes,Yes,Yes,Yes,Yes,Yes,Cheesecake,Morning,Nutty,Hot,Japan
SB00563,White Mocha Macchiato,Macchiato,Tall,Cold,"A handcrafted White Mocha Macchiato prepared with premium Starbucks-style coffee or tea, coconut milk, classic syrup and carefully balanced flavors.",Whole,1,Toffee Nut,None,Medium,123,527,61,3.5,20.3,6.84,581.4,4.1,680,Low,No,No,Yes,No,No,Yes,Cookie,Morning,Fruity,Cold,Canada
SB00564,Strawberry Flat White,Flat White,Venti,Hot,"A handcrafted Strawberry Flat White prepared with premium Starbucks-style coffee or tea, coconut milk, vanilla syrup and carefully balanced flavors.",Skim,4,Classic,Whipped Cream,Medium,146,546,22,14.1,11.5,7.96,676.6,4.4,45115,Very High,Yes,No,Yes,No,No,No,Cheesecake,Morning,Fruity,Hot,Canada
SB00565,Mocha Mocha,Mocha,Tall,Cold,"A handcrafted Mocha Mocha prepared with premium Starbucks-style coffee or tea, oat milk, none syrup and carefully balanced flavors.",Skim,3,Vanilla,Chocolate Shavings,Medium,199,400,26,3.5,25.4,3.32,282.2,3.7,777,Low,No,No,Yes,No,No,Yes,Cheesecake,Evening,Chocolatey,Cold,Canada
SB00566,Vanilla Latte,Latte,Tall,Hot,"A handcrafted Vanilla Latte prepared with premium Starbucks-style coffee or tea, skim milk, toffee nut syrup and carefully balanced flavors.",Oat,1,Hazelnut,Chocolate Shavings,Medium,107,176,21,19.6,13.6,6.5,552.5,4.6,9524,Low,No,No,Yes,No,Yes,No,Blueberry Muffin,Afternoon,Sweet,Hot,Global
SB00567,Hazelnut Americano,Americano,Grande,Cold,"A handcrafted Hazelnut Americano prepared with premium Starbucks-style coffee or tea, soy milk, classic syrup and carefully balanced flavors.",Oat,0,Caramel,Chocolate Shavings,Medium,279,452,30,12.5,20.3,6.98,593.3,4.4,25520,High,Yes,Yes,Yes,No,Yes,Yes,Cheesecake,Evening,Creamy,Cold,Global
SB00568,Strawberry Refresher,Refresher,Venti,Cold,"A handcrafted Strawberry Refresher prepared with premium Starbucks-style coffee or tea, soy milk, toffee nut syrup and carefully balanced flavors.",Soy,4,Hazelnut,None,Low,235,162,38,10.5,17.4,3.32,282.2,4.5,24154,Medium,Yes,No,Yes,No,No,No,Sandwich,Morning,Fruity,Cold,Japan
SB00569,Strawberry Mocha,Mocha,Venti,Cold,"A handcrafted Strawberry Mocha prepared with premium Starbucks-style coffee or tea, coconut milk, caramel syrup and carefully balanced flavors.",Soy,2,None,None,Low,145,421,70,3.9,28.7,7.9,671.5,4.8,8285,Low,No,Yes,Yes,No,Yes,No,Cookie,Morning,Nutty,Cold,UK
SB00570,Classic Refresher,Refresher,Grande,Cold,"A handcrafted Classic Refresher prepared with premium Starbucks-style coffee or tea, almond milk, toffee nut syrup and carefully balanced flavors.",Almond,0,Vanilla,None,Low,86,94,20,18.2,17.1,8.04,683.4,4.0,45001,Very High,Yes,No,Yes,No,No,Yes,Cheesecake,Evening,Bold,Cold,UK
SB00571,Mango Flat White,Flat White,Tall,Cold,"A handcrafted Mango Flat White prepared with premium Starbucks-style coffee or tea, skim milk, vanilla syrup and carefully balanced flavors.",Whole,1,Caramel,None,Low,2,79,25,10.0,14.6,6.54,555.9,4.2,36213,High,Yes,Yes,Yes,No,Yes,No,Sandwich,Afternoon,Chocolatey,Cold,USA
SB00572,Strawberry Frappuccino,Frappuccino,Grande,Cold,"A handcrafted Strawberry Frappuccino prepared with premium Starbucks-style coffee or tea, almond milk, classic syrup and carefully balanced flavors.",Whole,1,None,None,High,245,418,7,2.9,13.9,7.83,665.55,4.5,529,Low,Yes,Yes,Yes,Yes,Yes,Yes,Blueberry Muffin,Afternoon,Nutty,Cold,Japan
SB00573,Mango Macchiato,Macchiato,Tall,Hot,"A handcrafted Mango Macchiato prepared with premium Starbucks-style coffee or tea, almond milk, none syrup and carefully balanced flavors.",Oat,3,None,Chocolate Shavings,Low,73,430,33,10.8,0.1,7.46,634.1,3.7,49478,Very High,Yes,No,Yes,Yes,No,Yes,Blueberry Muffin,Afternoon,Creamy,Hot,Global
SB00574,Mocha Refresher,Refresher,Venti,Cold,"A handcrafted Mocha Refresher prepared with premium Starbucks-style coffee or tea, whole milk, toffee nut syrup and carefully balanced flavors.",Oat,1,None,Whipped Cream,Medium,258,297,26,6.4,25.6,8.18,695.3,4.8,44415,Very High,Yes,Yes,Yes,Yes,No,Yes,Blueberry Muffin,Morning,Bold,Cold,Global
SB00575,Classic Tea,Tea,Grande,Cold,"A handcrafted Classic Tea prepared with premium Starbucks-style coffee or tea, skim milk, hazelnut syrup and carefully balanced flavors.",Coconut,0,Caramel,Chocolate Shavings,Medium,296,142,48,13.1,9.9,4.0,340.0,4.2,46215,Very High,No,No,Yes,No,Yes,No,Sandwich,Evening,Creamy,Cold,USA
SB00576,Hazelnut Refresher,Refresher,Grande,Cold,"A handcrafted Hazelnut Refresher prepared with premium Starbucks-style coffee or tea, whole milk, classic syrup and carefully balanced flavors.",Oat,2,Hazelnut,Caramel Drizzle,Low,27,153,4,2.9,20.7,6.45,548.25,4.7,41506,Very High,No,No,Yes,Yes,No,Yes,Cheesecake,Morning,Sweet,Cold,Japan
SB00577,Strawberry Tea,Tea,Venti,Hot,"A handcrafted Strawberry Tea prepared with premium Starbucks-style coffee or tea, skim milk, classic syrup and carefully balanced flavors.",Oat,3,Vanilla,Chocolate Shavings,High,14,642,55,13.0,29.5,5.07,430.95,4.4,9130,Low,Yes,Yes,Yes,Yes,Yes,No,Croissant,Evening,Creamy,Hot,India
SB00578,Classic Frappuccino,Frappuccino,Venti,Cold,"A handcrafted Classic Frappuccino prepared with premium Starbucks-style coffee or tea, skim milk, vanilla syrup and carefully balanced flavors.",Skim,4,Caramel,Caramel Drizzle,High,133,180,33,19.4,14.5,8.46,719.1,3.6,11905,Medium,No,Yes,Yes,Yes,No,Yes,Cookie,Afternoon,Nutty,Cold,India
SB00579,Hazelnut Flat White,Flat White,Tall,Hot,"A handcrafted Hazelnut Flat White prepared with premium Starbucks-style coffee or tea, coconut milk, vanilla syrup and carefully balanced flavors.",Oat,3,Toffee Nut,Caramel Drizzle,Low,277,583,21,0.1,11.1,8.39,713.15,4.5,33155,High,Yes,Yes,Yes,Yes,No,Yes,Blueberry Muffin,Morning,Sweet,Hot,India
SB00580,Classic Frappuccino,Frappuccino,Venti,Cold,"A handcrafted Classic Frappuccino prepared with premium Starbucks-style coffee or tea, soy milk, classic syrup and carefully balanced flavors.",Soy,3,Hazelnut,None,High,18,264,31,7.3,4.2,6.23,529.55,3.8,27393,High,Yes,No,Yes,Yes,Yes,Yes,Cheesecake,Morning,Creamy,Cold,Global
SB00581,Caramel Tea,Tea,Tall,Hot,"A handcrafted Caramel Tea prepared with premium Starbucks-style coffee or tea, whole milk, vanilla syrup and carefully balanced flavors.",Soy,1,None,Chocolate Shavings,Medium,50,48,5,5.1,28.0,5.95,505.75,4.9,23511,Medium,Yes,No,Yes,No,No,No,Sandwich,Afternoon,Chocolatey,Hot,India
SB00582,Java Chip Espresso,Espresso,Grande,Hot,"A handcrafted Java Chip Espresso prepared with premium Starbucks-style coffee or tea, soy milk, classic syrup and carefully balanced flavors.",Skim,1,None,Caramel Drizzle,High,33,218,10,9.9,17.0,3.06,260.1,4.5,19793,Medium,Yes,No,Yes,No,Yes,Yes,Cookie,Morning,Creamy,Hot,Japan
SB00583,Java Chip Americano,Americano,Tall,Hot,"A handcrafted Java Chip Americano prepared with premium Starbucks-style coffee or tea, skim milk, caramel syrup and carefully balanced flavors.",Soy,2,Caramel,Chocolate Shavings,Low,53,541,52,14.4,9.1,5.3,450.5,4.4,13288,Medium,No,Yes,Yes,Yes,No,No,Cheesecake,Morning,Sweet,Hot,Global
SB00584,Vanilla Americano,Americano,Grande,Hot,"A handcrafted Vanilla Americano prepared with premium Starbucks-style coffee or tea, whole milk, caramel syrup and carefully balanced flavors.",Soy,3,Classic,Chocolate Shavings,Medium,173,454,5,1.3,20.4,5.6,476.0,3.8,48816,Very High,Yes,No,Yes,No,Yes,Yes,Sandwich,Afternoon,Bold,Hot,UK
SB00585,Classic Cold Brew,Cold Brew,Tall,Cold,"A handcrafted Classic Cold Brew prepared with premium Starbucks-style coffee or tea, almond milk, caramel syrup and carefully balanced flavors.",Coconut,2,Hazelnut,Caramel Drizzle,Low,112,486,68,3.6,6.9,3.41,289.85,4.6,42386,Very High,Yes,No,Yes,No,Yes,No,Blueberry Muffin,Afternoon,Bold,Cold,USA
SB00586,Java Chip Refresher,Refresher,Tall,Cold,"A handcrafted Java Chip Refresher prepared with premium Starbucks-style coffee or tea, oat milk, classic syrup and carefully balanced flavors.",Whole,1,Vanilla,None,High,47,133,21,2.6,4.2,4.67,396.95,4.2,9117,Low,No,No,Yes,No,Yes,No,Croissant,Afternoon,Bold,Cold,USA
SB00587,Java Chip Macchiato,Macchiato,Tall,Hot,"A handcrafted Java Chip Macchiato prepared with premium Starbucks-style coffee or tea, whole milk, caramel syrup and carefully balanced flavors.",Soy,4,Hazelnut,Whipped Cream,Low,13,281,14,1.1,16.4,4.19,356.15,4.8,33634,High,No,Yes,Yes,Yes,Yes,Yes,Blueberry Muffin,Afternoon,Creamy,Hot,UK
SB00588,White Mocha Flat White,Flat White,Grande,Hot,"A handcrafted White Mocha Flat White prepared with premium Starbucks-style coffee or tea, almond milk, vanilla syrup and carefully balanced flavors.",Coconut,4,Vanilla,Whipped Cream,High,39,226,50,17.7,8.6,4.04,343.4,3.6,48643,Very High,Yes,No,Yes,No,No,No,Blueberry Muffin,Morning,Creamy,Hot,Japan
SB00589,Chai Espresso,Espresso,Venti,Cold,"A handcrafted Chai Espresso prepared with premium Starbucks-style coffee or tea, whole milk, hazelnut syrup and carefully balanced flavors.",Coconut,2,Caramel,Caramel Drizzle,Low,80,229,26,20.0,4.8,3.63,308.55,4.4,1685,Low,Yes,No,Yes,Yes,Yes,Yes,Sandwich,Evening,Chocolatey,Cold,India
SB00590,Strawberry Refresher,Refresher,Tall,Cold,"A handcrafted Strawberry Refresher prepared with premium Starbucks-style coffee or tea, almond milk, toffee nut syrup and carefully balanced flavors.",Whole,4,Classic,Caramel Drizzle,Low,106,631,20,18.4,9.6,7.39,628.15,5.0,19006,Medium,Yes,Yes,Yes,Yes,No,Yes,Sandwich,Afternoon,Creamy,Cold,UK
SB00591,Chai Tea,Tea,Tall,Hot,"A handcrafted Chai Tea prepared with premium Starbucks-style coffee or tea, oat milk, caramel syrup and carefully balanced flavors.",Soy,4,Toffee Nut,Chocolate Shavings,Medium,72,317,66,19.2,8.9,7.79,662.15,3.7,19396,Medium,Yes,Yes,Yes,No,No,Yes,Blueberry Muffin,Afternoon,Bold,Hot,Japan
SB00592,Mocha Tea,Tea,Grande,Hot,"A handcrafted Mocha Tea prepared with premium Starbucks-style coffee or tea, coconut milk, hazelnut syrup and carefully balanced flavors.",Whole,1,Toffee Nut,Whipped Cream,High,37,320,35,18.1,10.3,7.11,604.35,4.4,43381,Very High,Yes,Yes,Yes,No,No,Yes,Croissant,Evening,Bold,Hot,Japan
SB00593,Chai Refresher,Refresher,Venti,Cold,"A handcrafted Chai Refresher prepared with premium Starbucks-style coffee or tea, almond milk, none syrup and carefully balanced flavors.",Oat,1,None,Caramel Drizzle,High,174,567,55,7.0,16.3,5.83,495.55,4.2,22214,Medium,Yes,Yes,Yes,No,Yes,No,Cheesecake,Afternoon,Fruity,Cold,UK
SB00594,Hazelnut Cold Brew,Cold Brew,Venti,Cold,"A handcrafted Hazelnut Cold Brew prepared with premium Starbucks-style coffee or tea, whole milk, hazelnut syrup and carefully balanced flavors.",Coconut,3,None,Whipped Cream,Medium,75,100,21,3.6,2.4,3.03,257.55,4.1,6977,Low,Yes,No,Yes,Yes,Yes,No,Cheesecake,Afternoon,Fruity,Cold,USA
SB00595,Hazelnut Cold Brew,Cold Brew,Grande,Cold,"A handcrafted Hazelnut Cold Brew prepared with premium Starbucks-style coffee or tea, oat milk, classic syrup and carefully balanced flavors.",Oat,4,Caramel,Caramel Drizzle,Low,10,509,10,0.3,13.8,6.88,584.8,4.2,30639,High,No,Yes,Yes,No,No,Yes,Cheesecake,Afternoon,Bold,Cold,India
SB00596,Mocha Frappuccino,Frappuccino,Venti,Cold,"A handcrafted Mocha Frappuccino prepared with premium Starbucks-style coffee or tea, oat milk, toffee nut syrup and carefully balanced flavors.",Coconut,3,Toffee Nut,None,High,47,151,34,14.2,11.9,4.54,385.9,3.7,35940,High,Yes,Yes,Yes,Yes,Yes,No,Sandwich,Morning,Sweet,Cold,Japan
SB00597,Classic Macchiato,Macchiato,Venti,Hot,"A handcrafted Classic Macchiato prepared with premium Starbucks-style coffee or tea, whole milk, none syrup and carefully balanced flavors.",Oat,3,Caramel,Chocolate Shavings,Medium,283,540,55,12.5,19.2,6.48,550.8,4.9,1499,Low,Yes,Yes,Yes,No,No,No,Croissant,Afternoon,Fruity,Hot,India
SB00598,Hazelnut Refresher,Refresher,Grande,Cold,"A handcrafted Hazelnut Refresher prepared with premium Starbucks-style coffee or tea, almond milk, vanilla syrup and carefully balanced flavors.",Oat,3,Caramel,Whipped Cream,Medium,164,333,2,7.2,12.2,3.67,311.95,4.2,44208,Very High,No,Yes,Yes,No,No,No,Blueberry Muffin,Afternoon,Sweet,Cold,UK
SB00599,Java Chip Espresso,Espresso,Venti,Hot,"A handcrafted Java Chip Espresso prepared with premium Starbucks-style coffee or tea, whole milk, none syrup and carefully balanced flavors.",Skim,4,Toffee Nut,Whipped Cream,Low,122,142,38,17.2,19.8,5.47,464.95,4.8,47900,Very High,No,No,Yes,Yes,Yes,No,Sandwich,Evening,Chocolatey,Hot,Canada
SB00600,Vanilla Cappuccino,Cappuccino,Venti,Cold,"A handcrafted Vanilla Cappuccino prepared with premium Starbucks-style coffee or tea, whole milk, caramel syrup and carefully balanced flavors.",Coconut,1,Hazelnut,Caramel Drizzle,Low,247,617,22,9.9,9.2,6.4,544.0,3.7,34503,High,Yes,No,Yes,No,Yes,No,Cheesecake,Evening,Fruity,Cold,India
SB00601,Mocha Refresher,Refresher,Venti,Cold,"A handcrafted Mocha Refresher prepared with premium Starbucks-style coffee or tea, skim milk, none syrup and carefully balanced flavors.",Coconut,4,Vanilla,Whipped Cream,Low,196,280,14,18.2,22.1,8.48,720.8,3.8,24814,Medium,Yes,Yes,Yes,Yes,No,Yes,Cookie,Evening,Bold,Cold,India
SB00602,Mocha Espresso,Espresso,Tall,Hot,"A handcrafted Mocha Espresso prepared with premium Starbucks-style coffee or tea, soy milk, none syrup and carefully balanced flavors.",Soy,0,Vanilla,None,Low,285,350,34,9.9,17.8,8.25,701.25,3.7,33590,High,Yes,Yes,Yes,No,No,Yes,Blueberry Muffin,Evening,Fruity,Hot,Japan
SB00603,Mocha Tea,Tea,Tall,Cold,"A handcrafted Mocha Tea prepared with premium Starbucks-style coffee or tea, soy milk, none syrup and carefully balanced flavors.",Soy,3,Toffee Nut,Caramel Drizzle,Medium,84,511,28,2.4,3.5,5.1,433.5,3.7,22990,Medium,Yes,No,Yes,Yes,Yes,No,Croissant,Afternoon,Creamy,Cold,India
SB00604,Caramel Mocha,Mocha,Tall,Cold,"A handcrafted Caramel Mocha prepared with premium Starbucks-style coffee or tea, soy milk, hazelnut syrup and carefully balanced flavors.",Oat,1,Caramel,Chocolate Shavings,High,181,208,1,15.6,7.0,4.46,379.1,4.3,13109,Medium,Yes,No,Yes,No,No,Yes,Sandwich,Evening,Bold,Cold,Canada
SB00605,Java Chip Cappuccino,Cappuccino,Grande,Cold,"A handcrafted Java Chip Cappuccino prepared with premium Starbucks-style coffee or tea, whole milk, hazelnut syrup and carefully balanced flavors.",Whole,2,Caramel,None,High,152,445,31,19.2,18.4,3.56,302.6,4.2,38510,High,No,No,Yes,Yes,No,No,Cookie,Evening,Fruity,Cold,UK
SB00606,Hazelnut Americano,Americano,Grande,Cold,"A handcrafted Hazelnut Americano prepared with premium Starbucks-style coffee or tea, oat milk, caramel syrup and carefully balanced flavors.",Oat,4,Caramel,Caramel Drizzle,High,222,379,44,17.9,27.1,6.83,580.55,4.7,9098,Low,No,No,Yes,Yes,Yes,No,Cheesecake,Morning,Sweet,Cold,UK
SB00607,Mocha Flat White,Flat White,Venti,Cold,"A handcrafted Mocha Flat White prepared with premium Starbucks-style coffee or tea, coconut milk, vanilla syrup and carefully balanced flavors.",Soy,0,Caramel,Caramel Drizzle,Low,196,172,43,11.2,30.0,7.89,670.65,4.0,41971,Very High,No,Yes,Yes,Yes,Yes,No,Cookie,Evening,Chocolatey,Cold,UK
SB00608,Classic Latte,Latte,Grande,Hot,"A handcrafted Classic Latte prepared with premium Starbucks-style coffee or tea, almond milk, vanilla syrup and carefully balanced flavors.",Coconut,3,Hazelnut,Whipped Cream,Medium,231,227,31,13.3,26.1,4.6,391.0,3.6,9788,Low,No,Yes,Yes,Yes,No,No,Sandwich,Evening,Nutty,Hot,India
SB00609,Classic Frappuccino,Frappuccino,Venti,Cold,"A handcrafted Classic Frappuccino prepared with premium Starbucks-style coffee or tea, skim milk, vanilla syrup and carefully balanced flavors.",Soy,1,Hazelnut,Chocolate Shavings,High,49,506,5,2.6,13.1,2.58,219.3,4.5,39462,High,Yes,Yes,Yes,No,Yes,No,Cookie,Afternoon,Fruity,Cold,Global
SB00610,Java Chip Latte,Latte,Grande,Cold,"A handcrafted Java Chip Latte prepared with premium Starbucks-style coffee or tea, whole milk, classic syrup and carefully balanced flavors.",Oat,3,Toffee Nut,Chocolate Shavings,Medium,144,629,27,18.0,17.4,7.37,626.45,3.9,4948,Low,Yes,Yes,Yes,No,No,No,Sandwich,Afternoon,Creamy,Cold,India
SB00611,Strawberry Cappuccino,Cappuccino,Venti,Hot,"A handcrafted Strawberry Cappuccino prepared with premium Starbucks-style coffee or tea, soy milk, classic syrup and carefully balanced flavors.",Oat,2,Hazelnut,None,Medium,71,492,13,8.7,3.2,6.67,566.95,4.3,25030,High,Yes,No,Yes,Yes,Yes,No,Sandwich,Morning,Creamy,Hot,Canada
SB00612,Caramel Frappuccino,Frappuccino,Grande,Cold,"A handcrafted Caramel Frappuccino prepared with premium Starbucks-style coffee or tea, whole milk, vanilla syrup and carefully balanced flavors.",Whole,1,None,None,Low,82,162,21,16.5,10.0,7.45,633.25,3.7,14234,Medium,No,No,Yes,No,Yes,Yes,Sandwich,Evening,Nutty,Cold,India
SB00613,Classic Americano,Americano,Tall,Hot,"A handcrafted Classic Americano prepared with premium Starbucks-style coffee or tea, soy milk, vanilla syrup and carefully balanced flavors.",Whole,0,None,None,High,39,627,16,2.4,21.7,4.3,365.5,5.0,9013,Low,Yes,No,Yes,Yes,Yes,No,Cookie,Morning,Bold,Hot,Japan
SB00614,Mango Cold Brew,Cold Brew,Tall,Cold,"A handcrafted Mango Cold Brew prepared with premium Starbucks-style coffee or tea, whole milk, none syrup and carefully balanced flavors.",Soy,0,Caramel,Caramel Drizzle,High,186,552,19,16.9,12.5,6.62,562.7,3.6,44926,Very High,Yes,Yes,Yes,Yes,No,Yes,Croissant,Morning,Nutty,Cold,India
SB00615,Matcha Tea,Tea,Venti,Hot,"A handcrafted Matcha Tea prepared with premium Starbucks-style coffee or tea, coconut milk, classic syrup and carefully balanced flavors.",Coconut,3,Vanilla,Chocolate Shavings,Medium,202,377,34,12.6,8.6,6.14,521.9,4.7,25556,High,No,Yes,Yes,No,Yes,No,Cookie,Evening,Sweet,Hot,Canada
SB00616,Java Chip Espresso,Espresso,Grande,Hot,"A handcrafted Java Chip Espresso prepared with premium Starbucks-style coffee or tea, soy milk, none syrup and carefully balanced flavors.",Soy,4,Classic,None,High,82,340,17,8.8,17.5,4.89,415.65,3.7,6824,Low,Yes,No,Yes,No,No,Yes,Blueberry Muffin,Evening,Bold,Hot,Global
SB00617,Mocha Tea,Tea,Tall,Cold,"A handcrafted Mocha Tea prepared with premium Starbucks-style coffee or tea, almond milk, toffee nut syrup and carefully balanced flavors.",Skim,1,Toffee Nut,Whipped Cream,High,26,387,10,19.8,14.1,7.7,654.5,4.9,49955,Very High,Yes,Yes,Yes,No,No,Yes,Croissant,Morning,Sweet,Cold,Canada
SB00618,White Mocha Cold Brew,Cold Brew,Tall,Cold,"A handcrafted White Mocha Cold Brew prepared with premium Starbucks-style coffee or tea, skim milk, toffee nut syrup and carefully balanced flavors.",Soy,0,None,None,Medium,285,508,35,14.1,4.0,4.74,402.9,4.0,37726,High,No,Yes,Yes,Yes,Yes,No,Sandwich,Afternoon,Bold,Cold,Canada
SB00619,Chai Cappuccino,Cappuccino,Grande,Hot,"A handcrafted Chai Cappuccino prepared with premium Starbucks-style coffee or tea, almond milk, none syrup and carefully balanced flavors.",Soy,2,Hazelnut,Chocolate Shavings,Medium,128,413,57,3.1,3.5,3.53,300.05,4.3,16574,Medium,No,No,Yes,Yes,No,No,Sandwich,Evening,Bold,Hot,UK
SB00620,Hazelnut Espresso,Espresso,Venti,Hot,"A handcrafted Hazelnut Espresso prepared with premium Starbucks-style coffee or tea, coconut milk, none syrup and carefully balanced flavors.",Skim,1,None,Caramel Drizzle,Low,261,248,23,7.6,24.0,4.15,352.75,4.8,39838,High,No,Yes,Yes,Yes,Yes,No,Cookie,Morning,Fruity,Hot,UK
SB00621,Classic Frappuccino,Frappuccino,Venti,Cold,"A handcrafted Classic Frappuccino prepared with premium Starbucks-style coffee or tea, soy milk, caramel syrup and carefully balanced flavors.",Skim,4,Caramel,Whipped Cream,Low,71,77,11,13.5,28.6,4.16,353.6,4.1,6261,Low,Yes,No,Yes,Yes,No,Yes,Croissant,Evening,Chocolatey,Cold,USA
SB00622,Matcha Tea,Tea,Grande,Cold,"A handcrafted Matcha Tea prepared with premium Starbucks-style coffee or tea, oat milk, none syrup and carefully balanced flavors.",Soy,2,Classic,None,High,148,468,2,18.9,10.8,4.05,344.25,4.7,40062,Very High,Yes,No,Yes,Yes,Yes,Yes,Cheesecake,Afternoon,Sweet,Cold,Global
SB00623,Mocha Espresso,Espresso,Venti,Cold,"A handcrafted Mocha Espresso prepared with premium Starbucks-style coffee or tea, oat milk, vanilla syrup and carefully balanced flavors.",Whole,2,Vanilla,Caramel Drizzle,Medium,245,431,55,5.7,13.5,3.82,324.7,4.4,11787,Medium,No,No,Yes,No,No,No,Cookie,Afternoon,Nutty,Cold,USA
SB00624,Classic Flat White,Flat White,Tall,Cold,"A handcrafted Classic Flat White prepared with premium Starbucks-style coffee or tea, soy milk, toffee nut syrup and carefully balanced flavors.",Soy,2,Classic,Chocolate Shavings,Low,128,375,54,15.8,15.6,5.87,498.95,4.1,31257,High,Yes,Yes,Yes,Yes,No,No,Sandwich,Morning,Creamy,Cold,Canada
SB00625,Hazelnut Americano,Americano,Grande,Cold,"A handcrafted Hazelnut Americano prepared with premium Starbucks-style coffee or tea, almond milk, classic syrup and carefully balanced flavors.",Soy,4,None,None,High,144,175,40,15.6,1.9,7.75,658.75,3.8,5475,Low,Yes,No,Yes,Yes,No,Yes,Croissant,Afternoon,Creamy,Cold,Global
SB00626,Classic Mocha,Mocha,Venti,Cold,"A handcrafted Classic Mocha prepared with premium Starbucks-style coffee or tea, coconut milk, none syrup and carefully balanced flavors.",Soy,4,None,Caramel Drizzle,Low,224,296,26,11.6,14.7,2.56,217.6,3.9,34071,High,No,No,Yes,No,No,Yes,Croissant,Evening,Sweet,Cold,Japan
SB00627,Java Chip Latte,Latte,Venti,Cold,"A handcrafted Java Chip Latte prepared with premium Starbucks-style coffee or tea, whole milk, classic syrup and carefully balanced flavors.",Oat,1,Hazelnut,Whipped Cream,Low,237,132,24,6.1,16.7,8.17,694.45,3.6,19749,Medium,No,No,Yes,No,No,Yes,Cheesecake,Morning,Nutty,Cold,UK
SB00628,White Mocha Latte,Latte,Grande,Cold,"A handcrafted White Mocha Latte prepared with premium Starbucks-style coffee or tea, coconut milk, toffee nut syrup and carefully balanced flavors.",Oat,2,Hazelnut,Whipped Cream,Low,27,292,28,11.1,20.8,5.56,472.6,3.7,26584,High,Yes,No,Yes,No,No,Yes,Croissant,Afternoon,Sweet,Cold,India
SB00629,Hazelnut Cappuccino,Cappuccino,Venti,Hot,"A handcrafted Hazelnut Cappuccino prepared with premium Starbucks-style coffee or tea, almond milk, caramel syrup and carefully balanced flavors.",Soy,2,Caramel,None,Medium,269,482,11,14.8,15.8,4.39,373.15,4.9,32050,High,Yes,No,Yes,Yes,No,No,Blueberry Muffin,Afternoon,Fruity,Hot,Canada
SB00630,Strawberry Tea,Tea,Venti,Cold,"A handcrafted Strawberry Tea prepared with premium Starbucks-style coffee or tea, oat milk, caramel syrup and carefully balanced flavors.",Whole,2,None,Whipped Cream,High,112,332,57,4.0,10.0,3.19,271.15,4.4,24061,Medium,Yes,No,Yes,No,Yes,Yes,Croissant,Morning,Bold,Cold,USA
SB00631,Vanilla Latte,Latte,Grande,Hot,"A handcrafted Vanilla Latte prepared with premium Starbucks-style coffee or tea, whole milk, caramel syrup and carefully balanced flavors.",Almond,4,Toffee Nut,Chocolate Shavings,High,47,629,11,15.2,7.3,7.13,606.05,3.7,4852,Low,Yes,Yes,Yes,No,No,Yes,Croissant,Afternoon,Sweet,Hot,Japan
SB00632,Chai Americano,Americano,Grande,Cold,"A handcrafted Chai Americano prepared with premium Starbucks-style coffee or tea, almond milk, hazelnut syrup and carefully balanced flavors.",Soy,2,Toffee Nut,Whipped Cream,Medium,60,606,47,16.5,2.8,4.16,353.6,4.2,32341,High,No,No,Yes,No,Yes,No,Cookie,Evening,Fruity,Cold,Canada
SB00633,Mango Americano,Americano,Venti,Cold,"A handcrafted Mango Americano prepared with premium Starbucks-style coffee or tea, coconut milk, classic syrup and carefully balanced flavors.",Whole,4,Caramel,None,Low,237,241,49,12.0,6.1,3.13,266.05,4.9,39543,High,No,No,Yes,No,Yes,No,Croissant,Afternoon,Bold,Cold,Japan
SB00634,Strawberry Americano,Americano,Grande,Hot,"A handcrafted Strawberry Americano prepared with premium Starbucks-style coffee or tea, almond milk, vanilla syrup and carefully balanced flavors.",Soy,4,None,Caramel Drizzle,Low,93,95,57,3.5,21.1,3.14,266.9,4.8,45457,Very High,Yes,Yes,Yes,No,No,Yes,Sandwich,Morning,Chocolatey,Hot,Japan
SB00635,Mango Cold Brew,Cold Brew,Tall,Cold,"A handcrafted Mango Cold Brew prepared with premium Starbucks-style coffee or tea, almond milk, toffee nut syrup and carefully balanced flavors.",Oat,2,Vanilla,Whipped Cream,High,90,507,55,10.1,17.3,3.32,282.2,3.9,2388,Low,Yes,No,Yes,No,Yes,Yes,Cookie,Afternoon,Bold,Cold,USA
SB00636,Java Chip Americano,Americano,Tall,Cold,"A handcrafted Java Chip Americano prepared with premium Starbucks-style coffee or tea, whole milk, none syrup and carefully balanced flavors.",Skim,4,Hazelnut,None,High,218,53,48,9.5,20.2,7.54,640.9,4.1,49746,Very High,Yes,No,Yes,Yes,Yes,No,Blueberry Muffin,Afternoon,Nutty,Cold,UK
SB00637,Mango Espresso,Espresso,Tall,Cold,"A handcrafted Mango Espresso prepared with premium Starbucks-style coffee or tea, coconut milk, caramel syrup and carefully balanced flavors.",Whole,1,Classic,Caramel Drizzle,High,49,306,31,13.3,1.1,2.86,243.1,4.5,40825,Very High,Yes,No,Yes,No,No,Yes,Sandwich,Afternoon,Bold,Cold,India
SB00638,Hazelnut Frappuccino,Frappuccino,Tall,Cold,"A handcrafted Hazelnut Frappuccino prepared with premium Starbucks-style coffee or tea, coconut milk, classic syrup and carefully balanced flavors.",Whole,3,Caramel,None,Medium,111,592,6,8.9,22.9,8.38,712.3,4.0,19517,Medium,Yes,Yes,Yes,No,No,Yes,Blueberry Muffin,Evening,Nutty,Cold,Canada
SB00639,Matcha Cold Brew,Cold Brew,Grande,Cold,"A handcrafted Matcha Cold Brew prepared with premium Starbucks-style coffee or tea, coconut milk, caramel syrup and carefully balanced flavors.",Coconut,2,Classic,None,Low,29,535,66,9.0,22.9,4.43,376.55,4.7,6932,Low,No,Yes,Yes,Yes,Yes,No,Croissant,Morning,Sweet,Cold,USA
SB00640,Classic Espresso,Espresso,Grande,Hot,"A handcrafted Classic Espresso prepared with premium Starbucks-style coffee or tea, almond milk, hazelnut syrup and carefully balanced flavors.",Whole,3,Vanilla,None,Medium,168,255,22,16.3,20.5,7.45,633.25,4.8,28039,High,Yes,Yes,Yes,No,Yes,Yes,Croissant,Afternoon,Chocolatey,Hot,Canada
SB00641,Mocha Refresher,Refresher,Tall,Cold,"A handcrafted Mocha Refresher prepared with premium Starbucks-style coffee or tea, coconut milk, caramel syrup and carefully balanced flavors.",Soy,1,Classic,Caramel Drizzle,High,57,422,12,6.1,27.6,3.54,300.9,4.8,10455,Medium,No,Yes,Yes,Yes,Yes,Yes,Croissant,Evening,Sweet,Cold,India
SB00642,Strawberry Americano,Americano,Grande,Cold,"A handcrafted Strawberry Americano prepared with premium Starbucks-style coffee or tea, almond milk, caramel syrup and carefully balanced flavors.",Whole,4,Toffee Nut,Caramel Drizzle,Low,0,434,8,13.1,7.0,8.12,690.2,4.7,30159,High,Yes,Yes,Yes,Yes,Yes,Yes,Cookie,Afternoon,Creamy,Cold,Canada
SB00643,Vanilla Cold Brew,Cold Brew,Venti,Cold,"A handcrafted Vanilla Cold Brew prepared with premium Starbucks-style coffee or tea, whole milk, none syrup and carefully balanced flavors.",Whole,4,Hazelnut,Caramel Drizzle,Medium,28,74,38,10.3,2.8,4.85,412.25,3.6,2521,Low,Yes,Yes,Yes,No,Yes,Yes,Sandwich,Afternoon,Creamy,Cold,USA
SB00644,White Mocha Latte,Latte,Venti,Cold,"A handcrafted White Mocha Latte prepared with premium Starbucks-style coffee or tea, soy milk, toffee nut syrup and carefully balanced flavors.",Coconut,3,Toffee Nut,Chocolate Shavings,High,169,253,39,6.8,23.3,4.83,410.55,4.7,13107,Medium,Yes,Yes,Yes,Yes,No,Yes,Croissant,Afternoon,Nutty,Cold,USA
SB00645,Mango Macchiato,Macchiato,Venti,Hot,"A handcrafted Mango Macchiato prepared with premium Starbucks-style coffee or tea, skim milk, none syrup and carefully balanced flavors.",Whole,4,Hazelnut,Caramel Drizzle,Low,25,82,26,12.9,25.1,8.24,700.4,4.6,851,Low,Yes,Yes,Yes,No,Yes,No,Sandwich,Morning,Nutty,Hot,UK
SB00646,Chai Macchiato,Macchiato,Tall,Hot,"A handcrafted Chai Macchiato prepared with premium Starbucks-style coffee or tea, soy milk, hazelnut syrup and carefully balanced flavors.",Almond,0,Caramel,None,High,256,228,51,7.0,27.4,8.07,685.95,4.3,20377,Medium,Yes,Yes,Yes,No,No,Yes,Cookie,Afternoon,Chocolatey,Hot,UK
SB00647,Chai Latte,Latte,Venti,Cold,"A handcrafted Chai Latte prepared with premium Starbucks-style coffee or tea, oat milk, toffee nut syrup and carefully balanced flavors.",Skim,1,Hazelnut,Caramel Drizzle,Low,173,284,57,17.9,21.0,3.16,268.6,4.5,18797,Medium,No,Yes,Yes,No,Yes,No,Cheesecake,Afternoon,Nutty,Cold,Japan
SB00648,Java Chip Mocha,Mocha,Venti,Hot,"A handcrafted Java Chip Mocha prepared with premium Starbucks-style coffee or tea, almond milk, none syrup and carefully balanced flavors.",Whole,2,Classic,Chocolate Shavings,Medium,13,264,5,9.4,5.6,6.71,570.35,4.0,13320,Medium,Yes,Yes,Yes,No,No,Yes,Cookie,Afternoon,Creamy,Hot,Global
SB00649,Mango Tea,Tea,Tall,Hot,"A handcrafted Mango Tea prepared with premium Starbucks-style coffee or tea, almond milk, vanilla syrup and carefully balanced flavors.",Whole,4,Classic,Caramel Drizzle,Low,22,280,24,12.2,1.3,5.44,462.4,4.2,19644,Medium,No,No,Yes,Yes,Yes,No,Croissant,Morning,Creamy,Hot,USA
SB00650,Classic Americano,Americano,Venti,Cold,"A handcrafted Classic Americano prepared with premium Starbucks-style coffee or tea, almond milk, hazelnut syrup and carefully balanced flavors.",Coconut,2,None,None,Low,258,174,7,16.1,7.1,2.94,249.9,4.3,15462,Medium,Yes,Yes,Yes,Yes,Yes,Yes,Sandwich,Morning,Nutty,Cold,UK
SB00651,Strawberry Macchiato,Macchiato,Grande,Cold,"A handcrafted Strawberry Macchiato prepared with premium Starbucks-style coffee or tea, oat milk, hazelnut syrup and carefully balanced flavors.",Whole,3,Classic,Whipped Cream,Low,204,98,46,5.6,1.8,5.36,455.6,3.9,9527,Low,No,Yes,Yes,Yes,Yes,Yes,Croissant,Evening,Nutty,Cold,Canada
SB00652,Strawberry Cappuccino,Cappuccino,Tall,Hot,"A handcrafted Strawberry Cappuccino prepared with premium Starbucks-style coffee or tea, coconut milk, none syrup and carefully balanced flavors.",Coconut,2,Hazelnut,Whipped Cream,High,219,448,53,6.8,11.0,3.24,275.4,3.9,14292,Medium,Yes,No,Yes,No,No,No,Blueberry Muffin,Morning,Fruity,Hot,Global
SB00653,Chai Macchiato,Macchiato,Grande,Hot,"A handcrafted Chai Macchiato prepared with premium Starbucks-style coffee or tea, whole milk, none syrup and carefully balanced flavors.",Coconut,2,Vanilla,Whipped Cream,High,57,589,61,15.2,28.5,5.6,476.0,3.7,38521,High,Yes,Yes,Yes,No,No,No,Cheesecake,Morning,Creamy,Hot,UK
SB00654,Matcha Refresher,Refresher,Grande,Cold,"A handcrafted Matcha Refresher prepared with premium Starbucks-style coffee or tea, soy milk, toffee nut syrup and carefully balanced flavors.",Soy,0,Toffee Nut,Caramel Drizzle,High,198,318,32,1.1,7.8,6.23,529.55,4.9,33297,High,Yes,Yes,Yes,No,No,Yes,Cheesecake,Morning,Creamy,Cold,Japan
SB00655,Mango Latte,Latte,Tall,Cold,"A handcrafted Mango Latte prepared with premium Starbucks-style coffee or tea, whole milk, classic syrup and carefully balanced flavors.",Coconut,4,Classic,Chocolate Shavings,Low,4,562,58,13.6,21.1,8.44,717.4,4.2,6665,Low,No,No,Yes,No,Yes,Yes,Croissant,Morning,Creamy,Cold,USA
SB00656,Matcha Flat White,Flat White,Grande,Cold,"A handcrafted Matcha Flat White prepared with premium Starbucks-style coffee or tea, skim milk, toffee nut syrup and carefully balanced flavors.",Almond,0,None,None,High,114,486,31,5.7,29.5,3.29,279.65,3.7,40733,Very High,Yes,Yes,Yes,No,Yes,Yes,Cheesecake,Morning,Fruity,Cold,UK
SB00657,Matcha Tea,Tea,Grande,Hot,"A handcrafted Matcha Tea prepared with premium Starbucks-style coffee or tea, skim milk, vanilla syrup and carefully balanced flavors.",Oat,1,Caramel,None,Medium,186,545,66,18.3,12.8,7.62,647.7,3.7,48631,Very High,Yes,No,Yes,No,No,Yes,Blueberry Muffin,Morning,Fruity,Hot,Canada
SB00658,Mango Macchiato,Macchiato,Venti,Hot,"A handcrafted Mango Macchiato prepared with premium Starbucks-style coffee or tea, whole milk, vanilla syrup and carefully balanced flavors.",Whole,2,Classic,None,Low,135,591,24,14.0,23.5,3.11,264.35,3.6,48816,Very High,No,Yes,Yes,No,Yes,No,Sandwich,Afternoon,Nutty,Hot,India
SB00659,Hazelnut Latte,Latte,Grande,Cold,"A handcrafted Hazelnut Latte prepared with premium Starbucks-style coffee or tea, skim milk, classic syrup and carefully balanced flavors.",Oat,4,Toffee Nut,Whipped Cream,Medium,250,352,26,1.9,2.9,4.93,419.05,3.8,17858,Medium,No,Yes,Yes,No,Yes,Yes,Croissant,Afternoon,Bold,Cold,Japan
SB00660,Java Chip Macchiato,Macchiato,Venti,Cold,"A handcrafted Java Chip Macchiato prepared with premium Starbucks-style coffee or tea, almond milk, vanilla syrup and carefully balanced flavors.",Whole,1,None,None,Low,269,525,46,12.3,26.0,3.5,297.5,4.5,14545,Medium,No,No,Yes,No,Yes,No,Croissant,Afternoon,Sweet,Cold,Global
SB00661,Classic Latte,Latte,Tall,Hot,"A handcrafted Classic Latte prepared with premium Starbucks-style coffee or tea, skim milk, vanilla syrup and carefully balanced flavors.",Skim,0,Vanilla,None,Low,90,369,10,11.3,28.9,5.61,476.85,4.1,36680,High,Yes,No,Yes,Yes,No,Yes,Cookie,Evening,Creamy,Hot,USA
SB00662,Vanilla Americano,Americano,Venti,Hot,"A handcrafted Vanilla Americano prepared with premium Starbucks-style coffee or tea, coconut milk, classic syrup and carefully balanced flavors.",Coconut,3,Hazelnut,None,High,283,218,65,11.0,24.9,8.05,684.25,3.8,42675,Very High,Yes,Yes,Yes,Yes,No,No,Sandwich,Afternoon,Fruity,Hot,India
SB00663,Chai Espresso,Espresso,Tall,Hot,"A handcrafted Chai Espresso prepared with premium Starbucks-style coffee or tea, oat milk, vanilla syrup and carefully balanced flavors.",Coconut,0,Toffee Nut,None,Low,223,189,50,7.0,7.1,5.38,457.3,4.3,975,Low,Yes,Yes,Yes,No,No,No,Blueberry Muffin,Evening,Creamy,Hot,Canada
SB00664,White Mocha Cold Brew,Cold Brew,Tall,Cold,"A handcrafted White Mocha Cold Brew prepared with premium Starbucks-style coffee or tea, whole milk, none syrup and carefully balanced flavors.",Whole,0,Caramel,Whipped Cream,Medium,5,574,68,12.0,5.2,4.02,341.7,3.6,38517,High,Yes,No,Yes,No,Yes,Yes,Croissant,Afternoon,Creamy,Cold,Japan
SB00665,Vanilla Cappuccino,Cappuccino,Grande,Hot,"A handcrafted Vanilla Cappuccino prepared with premium Starbucks-style coffee or tea, almond milk, classic syrup and carefully balanced flavors.",Oat,0,Caramel,Chocolate Shavings,High,70,298,29,6.0,11.9,6.47,549.95,4.3,7070,Low,No,Yes,Yes,Yes,Yes,Yes,Blueberry Muffin,Evening,Chocolatey,Hot,USA
SB00666,Mocha Macchiato,Macchiato,Grande,Cold,"A handcrafted Mocha Macchiato prepared with premium Starbucks-style coffee or tea, almond milk, toffee nut syrup and carefully balanced flavors.",Skim,3,Hazelnut,None,Low,70,416,32,9.2,14.5,7.91,672.35,4.7,4354,Low,Yes,Yes,Yes,Yes,No,No,Cheesecake,Afternoon,Nutty,Cold,Canada
SB00667,Vanilla Frappuccino,Frappuccino,Grande,Cold,"A handcrafted Vanilla Frappuccino prepared with premium Starbucks-style coffee or tea, oat milk, toffee nut syrup and carefully balanced flavors.",Coconut,2,Toffee Nut,None,Medium,67,440,25,8.2,5.4,3.38,287.3,4.1,9581,Low,No,Yes,Yes,No,No,No,Blueberry Muffin,Afternoon,Sweet,Cold,India
SB00668,Hazelnut Tea,Tea,Tall,Hot,"A handcrafted Hazelnut Tea prepared with premium Starbucks-style coffee or tea, skim milk, hazelnut syrup and carefully balanced flavors.",Coconut,3,Classic,Chocolate Shavings,High,10,640,43,12.7,26.6,5.03,427.55,4.1,10704,Medium,No,Yes,Yes,No,No,Yes,Croissant,Evening,Sweet,Hot,Global
SB00669,Mango Americano,Americano,Tall,Cold,"A handcrafted Mango Americano prepared with premium Starbucks-style coffee or tea, soy milk, toffee nut syrup and carefully balanced flavors.",Skim,3,Hazelnut,Whipped Cream,High,175,33,41,17.5,19.0,7.34,623.9,5.0,47989,Very High,No,Yes,Yes,Yes,Yes,Yes,Croissant,Evening,Bold,Cold,Global
SB00670,Mango Mocha,Mocha,Grande,Cold,"A handcrafted Mango Mocha prepared with premium Starbucks-style coffee or tea, coconut milk, hazelnut syrup and carefully balanced flavors.",Soy,0,None,None,Low,221,495,25,3.7,12.0,7.06,600.1,4.7,32124,High,Yes,No,Yes,No,Yes,Yes,Cheesecake,Evening,Sweet,Cold,Global
SB00671,Strawberry Cold Brew,Cold Brew,Venti,Cold,"A handcrafted Strawberry Cold Brew prepared with premium Starbucks-style coffee or tea, whole milk, caramel syrup and carefully balanced flavors.",Soy,0,Hazelnut,Whipped Cream,Low,19,341,70,17.2,2.6,6.07,515.95,4.3,48769,Very High,No,No,Yes,Yes,No,No,Sandwich,Afternoon,Sweet,Cold,Japan
SB00672,Vanilla Refresher,Refresher,Grande,Cold,"A handcrafted Vanilla Refresher prepared with premium Starbucks-style coffee or tea, skim milk, caramel syrup and carefully balanced flavors.",Soy,4,Toffee Nut,Caramel Drizzle,Low,275,33,52,3.0,26.1,2.69,228.65,4.7,44753,Very High,No,Yes,Yes,No,No,Yes,Cheesecake,Afternoon,Creamy,Cold,Global
SB00673,White Mocha Frappuccino,Frappuccino,Tall,Cold,"A handcrafted White Mocha Frappuccino prepared with premium Starbucks-style coffee or tea, whole milk, classic syrup and carefully balanced flavors.",Whole,4,Toffee Nut,Whipped Cream,Medium,25,238,68,17.0,22.4,7.98,678.3,3.9,28568,High,Yes,Yes,Yes,No,Yes,Yes,Cheesecake,Evening,Chocolatey,Cold,Global
SB00674,Mocha Tea,Tea,Venti,Hot,"A handcrafted Mocha Tea prepared with premium Starbucks-style coffee or tea, soy milk, hazelnut syrup and carefully balanced flavors.",Soy,2,Toffee Nut,Caramel Drizzle,Medium,23,436,40,0.4,24.0,7.8,663.0,4.2,2892,Low,No,No,Yes,No,No,Yes,Cheesecake,Evening,Bold,Hot,UK
SB00675,Matcha Flat White,Flat White,Venti,Cold,"A handcrafted Matcha Flat White prepared with premium Starbucks-style coffee or tea, oat milk, vanilla syrup and carefully balanced flavors.",Whole,0,Classic,Whipped Cream,High,198,648,17,1.0,9.9,4.38,372.3,3.9,11156,Medium,Yes,Yes,Yes,No,Yes,Yes,Croissant,Afternoon,Chocolatey,Cold,Global
SB00676,Classic Tea,Tea,Venti,Hot,"A handcrafted Classic Tea prepared with premium Starbucks-style coffee or tea, almond milk, vanilla syrup and carefully balanced flavors.",Skim,3,None,Chocolate Shavings,Medium,207,615,28,1.9,28.9,7.85,667.25,4.7,43393,Very High,Yes,No,Yes,Yes,No,Yes,Croissant,Afternoon,Nutty,Hot,Canada
SB00677,Strawberry Cappuccino,Cappuccino,Grande,Cold,"A handcrafted Strawberry Cappuccino prepared with premium Starbucks-style coffee or tea, skim milk, toffee nut syrup and carefully balanced flavors.",Skim,2,Toffee Nut,None,Medium,283,507,24,4.7,25.9,6.73,572.05,4.8,21673,Medium,No,No,Yes,No,No,Yes,Cookie,Evening,Creamy,Cold,UK
SB00678,Strawberry Frappuccino,Frappuccino,Tall,Cold,"A handcrafted Strawberry Frappuccino prepared with premium Starbucks-style coffee or tea, skim milk, hazelnut syrup and carefully balanced flavors.",Whole,3,Toffee Nut,Whipped Cream,Low,174,74,10,17.3,2.1,3.89,330.65,4.9,32917,High,Yes,No,Yes,Yes,No,No,Croissant,Evening,Fruity,Cold,Japan
SB00679,Matcha Espresso,Espresso,Venti,Cold,"A handcrafted Matcha Espresso prepared with premium Starbucks-style coffee or tea, oat milk, hazelnut syrup and carefully balanced flavors.",Soy,4,Caramel,None,Low,242,119,30,14.1,18.3,2.53,215.05,3.7,24217,Medium,No,No,Yes,No,No,No,Blueberry Muffin,Morning,Fruity,Cold,Japan
SB00680,Vanilla Mocha,Mocha,Venti,Hot,"A handcrafted Vanilla Mocha prepared with premium Starbucks-style coffee or tea, skim milk, toffee nut syrup and carefully balanced flavors.",Whole,1,Caramel,Chocolate Shavings,High,161,271,65,11.2,24.3,3.73,317.05,4.2,20663,Medium,Yes,No,Yes,No,No,No,Cookie,Morning,Creamy,Hot,India
SB00681,Caramel Flat White,Flat White,Grande,Hot,"A handcrafted Caramel Flat White prepared with premium Starbucks-style coffee or tea, oat milk, caramel syrup and carefully balanced flavors.",Whole,4,Hazelnut,Caramel Drizzle,Medium,153,631,55,9.8,4.9,2.76,234.6,4.1,31657,High,No,Yes,Yes,Yes,No,No,Sandwich,Afternoon,Creamy,Hot,Japan
SB00682,Hazelnut Macchiato,Macchiato,Venti,Hot,"A handcrafted Hazelnut Macchiato prepared with premium Starbucks-style coffee or tea, almond milk, hazelnut syrup and carefully balanced flavors.",Whole,3,Hazelnut,Caramel Drizzle,Medium,295,226,12,4.1,13.7,6.4,544.0,4.4,5634,Low,No,Yes,Yes,No,Yes,Yes,Cookie,Evening,Nutty,Hot,UK
SB00683,Matcha Espresso,Espresso,Venti,Cold,"A handcrafted Matcha Espresso prepared with premium Starbucks-style coffee or tea, almond milk, hazelnut syrup and carefully balanced flavors.",Oat,2,Caramel,None,High,42,337,14,7.2,13.9,2.65,225.25,3.6,10995,Medium,No,No,Yes,No,No,No,Cookie,Afternoon,Bold,Cold,India
SB00684,Hazelnut Refresher,Refresher,Tall,Cold,"A handcrafted Hazelnut Refresher prepared with premium Starbucks-style coffee or tea, oat milk, caramel syrup and carefully balanced flavors.",Coconut,2,Hazelnut,Caramel Drizzle,Medium,85,222,68,2.7,21.8,7.92,673.2,4.1,23812,Medium,No,No,Yes,Yes,Yes,Yes,Cookie,Morning,Chocolatey,Cold,Canada
SB00685,Caramel Cold Brew,Cold Brew,Tall,Cold,"A handcrafted Caramel Cold Brew prepared with premium Starbucks-style coffee or tea, almond milk, vanilla syrup and carefully balanced flavors.",Almond,4,Toffee Nut,Caramel Drizzle,Low,214,430,64,19.5,13.9,5.06,430.1,4.2,4522,Low,Yes,No,Yes,Yes,Yes,No,Blueberry Muffin,Afternoon,Fruity,Cold,UK
SB00686,Chai Latte,Latte,Grande,Cold,"A handcrafted Chai Latte prepared with premium Starbucks-style coffee or tea, coconut milk, caramel syrup and carefully balanced flavors.",Almond,4,Caramel,Whipped Cream,Low,118,484,29,17.8,12.8,4.41,374.85,4.2,27175,High,Yes,Yes,Yes,No,Yes,Yes,Sandwich,Afternoon,Creamy,Cold,Japan
SB00687,Java Chip Tea,Tea,Venti,Hot,"A handcrafted Java Chip Tea prepared with premium Starbucks-style coffee or tea, whole milk, none syrup and carefully balanced flavors.",Almond,1,Caramel,Caramel Drizzle,High,269,551,48,8.2,26.1,3.96,336.6,4.2,44201,Very High,Yes,Yes,Yes,Yes,Yes,Yes,Sandwich,Morning,Nutty,Hot,USA
SB00688,Mango Cold Brew,Cold Brew,Venti,Cold,"A handcrafted Mango Cold Brew prepared with premium Starbucks-style coffee or tea, whole milk, toffee nut syrup and carefully balanced flavors.",Skim,1,Caramel,None,Low,54,509,13,0.7,12.1,7.54,640.9,4.2,13541,Medium,No,No,Yes,Yes,No,Yes,Blueberry Muffin,Afternoon,Fruity,Cold,USA
SB00689,Java Chip Tea,Tea,Tall,Hot,"A handcrafted Java Chip Tea prepared with premium Starbucks-style coffee or tea, oat milk, none syrup and carefully balanced flavors.",Coconut,4,Hazelnut,None,Medium,229,154,9,11.2,28.7,6.28,533.8,3.6,44583,Very High,No,Yes,Yes,No,Yes,Yes,Cookie,Evening,Creamy,Hot,Canada
SB00690,Vanilla Tea,Tea,Venti,Hot,"A handcrafted Vanilla Tea prepared with premium Starbucks-style coffee or tea, almond milk, vanilla syrup and carefully balanced flavors.",Almond,1,Vanilla,Whipped Cream,Low,161,114,51,9.7,22.5,6.25,531.25,4.6,7157,Low,Yes,Yes,Yes,Yes,No,Yes,Sandwich,Morning,Nutty,Hot,UK
SB00691,Strawberry Flat White,Flat White,Grande,Hot,"A handcrafted Strawberry Flat White prepared with premium Starbucks-style coffee or tea, whole milk, hazelnut syrup and carefully balanced flavors.",Oat,1,Classic,Caramel Drizzle,High,146,647,46,9.9,8.8,7.2,612.0,3.6,20319,Medium,Yes,Yes,Yes,No,No,No,Cheesecake,Evening,Sweet,Hot,India
SB00692,Mango Tea,Tea,Grande,Cold,"A handcrafted Mango Tea prepared with premium Starbucks-style coffee or tea, soy milk, none syrup and carefully balanced flavors.",Whole,3,Vanilla,Whipped Cream,High,291,255,13,1.4,12.4,6.88,584.8,4.3,8674,Low,No,Yes,Yes,No,No,No,Blueberry Muffin,Evening,Nutty,Cold,UK
SB00693,Chai Espresso,Espresso,Grande,Cold,"A handcrafted Chai Espresso prepared with premium Starbucks-style coffee or tea, oat milk, classic syrup and carefully balanced flavors.",Almond,4,Vanilla,None,Low,108,44,8,5.6,10.6,3.84,326.4,4.7,37767,High,Yes,Yes,Yes,No,No,Yes,Cheesecake,Afternoon,Sweet,Cold,UK
SB00694,Chai Espresso,Espresso,Tall,Hot,"A handcrafted Chai Espresso prepared with premium Starbucks-style coffee or tea, almond milk, hazelnut syrup and carefully balanced flavors.",Soy,2,Hazelnut,Whipped Cream,High,180,204,44,19.4,29.3,6.81,578.85,4.1,9366,Low,Yes,Yes,Yes,Yes,Yes,No,Cheesecake,Evening,Creamy,Hot,Canada
SB00695,White Mocha Tea,Tea,Tall,Cold,"A handcrafted White Mocha Tea prepared with premium Starbucks-style coffee or tea, whole milk, classic syrup and carefully balanced flavors.",Whole,1,Hazelnut,None,Low,133,609,52,3.2,8.0,6.57,558.45,4.4,22961,Medium,No,No,Yes,No,Yes,No,Blueberry Muffin,Afternoon,Nutty,Cold,UK
SB00696,Mocha Cappuccino,Cappuccino,Tall,Hot,"A handcrafted Mocha Cappuccino prepared with premium Starbucks-style coffee or tea, oat milk, caramel syrup and carefully balanced flavors.",Coconut,4,Classic,Whipped Cream,Low,142,633,70,16.0,12.9,7.51,638.35,4.2,3871,Low,No,Yes,Yes,No,Yes,No,Blueberry Muffin,Morning,Fruity,Hot,UK
SB00697,Caramel Mocha,Mocha,Grande,Hot,"A handcrafted Caramel Mocha prepared with premium Starbucks-style coffee or tea, coconut milk, vanilla syrup and carefully balanced flavors.",Coconut,3,Hazelnut,Caramel Drizzle,Low,250,501,18,6.1,29.4,7.88,669.8,3.9,28355,High,Yes,Yes,Yes,Yes,No,Yes,Blueberry Muffin,Afternoon,Nutty,Hot,USA
SB00698,Hazelnut Frappuccino,Frappuccino,Tall,Cold,"A handcrafted Hazelnut Frappuccino prepared with premium Starbucks-style coffee or tea, soy milk, hazelnut syrup and carefully balanced flavors.",Coconut,3,Classic,Chocolate Shavings,Low,78,55,59,1.3,5.5,4.8,408.0,3.7,41548,Very High,Yes,Yes,Yes,No,No,Yes,Sandwich,Morning,Bold,Cold,UK
SB00699,Strawberry Americano,Americano,Grande,Cold,"A handcrafted Strawberry Americano prepared with premium Starbucks-style coffee or tea, almond milk, caramel syrup and carefully balanced flavors.",Skim,2,Toffee Nut,Caramel Drizzle,Medium,54,388,7,9.7,6.9,3.26,277.1,3.9,3348,Low,Yes,Yes,Yes,No,Yes,Yes,Sandwich,Morning,Fruity,Cold,USA
SB00700,Caramel Cappuccino,Cappuccino,Tall,Hot,"A handcrafted Caramel Cappuccino prepared with premium Starbucks-style coffee or tea, whole milk, classic syrup and carefully balanced flavors.",Oat,2,Hazelnut,None,Low,141,160,26,18.2,28.7,7.1,603.5,4.8,12052,Medium,No,Yes,Yes,No,Yes,Yes,Croissant,Evening,Bold,Hot,India
SB00701,Classic Frappuccino,Frappuccino,Venti,Cold,"A handcrafted Classic Frappuccino prepared with premium Starbucks-style coffee or tea, coconut milk, caramel syrup and carefully balanced flavors.",Soy,4,None,Whipped Cream,High,269,506,58,7.4,13.5,3.34,283.9,3.9,35747,High,Yes,Yes,Yes,No,No,Yes,Sandwich,Evening,Sweet,Cold,UK
SB00702,Matcha Refresher,Refresher,Venti,Cold,"A handcrafted Matcha Refresher prepared with premium Starbucks-style coffee or tea, whole milk, vanilla syrup and carefully balanced flavors.",Almond,4,Caramel,Chocolate Shavings,Medium,46,203,27,12.8,8.8,2.7,229.5,4.1,18286,Medium,No,No,Yes,Yes,No,No,Croissant,Evening,Bold,Cold,USA
SB00703,Strawberry Cappuccino,Cappuccino,Venti,Cold,"A handcrafted Strawberry Cappuccino prepared with premium Starbucks-style coffee or tea, oat milk, vanilla syrup and carefully balanced flavors.",Whole,3,Caramel,None,Low,84,234,5,16.3,21.3,6.47,549.95,3.8,43695,Very High,No,No,Yes,No,Yes,No,Croissant,Morning,Bold,Cold,Canada
SB00704,Chai Cold Brew,Cold Brew,Grande,Cold,"A handcrafted Chai Cold Brew prepared with premium Starbucks-style coffee or tea, almond milk, caramel syrup and carefully balanced flavors.",Whole,4,Toffee Nut,Chocolate Shavings,Medium,62,534,48,19.4,26.4,3.66,311.1,4.8,36826,High,Yes,No,Yes,Yes,No,No,Croissant,Morning,Chocolatey,Cold,Japan
SB00705,White Mocha Mocha,Mocha,Venti,Hot,"A handcrafted White Mocha Mocha prepared with premium Starbucks-style coffee or tea, oat milk, hazelnut syrup and carefully balanced flavors.",Almond,0,Hazelnut,Caramel Drizzle,Medium,93,624,14,5.7,14.2,3.32,282.2,4.2,1707,Low,No,No,Yes,Yes,No,No,Cookie,Evening,Fruity,Hot,UK
SB00706,Mango Cappuccino,Cappuccino,Venti,Cold,"A handcrafted Mango Cappuccino prepared with premium Starbucks-style coffee or tea, skim milk, vanilla syrup and carefully balanced flavors.",Oat,0,None,Whipped Cream,High,13,91,55,18.9,10.8,6.09,517.65,4.1,49706,Very High,Yes,Yes,Yes,Yes,No,Yes,Cookie,Evening,Creamy,Cold,Canada
SB00707,Strawberry Espresso,Espresso,Grande,Cold,"A handcrafted Strawberry Espresso prepared with premium Starbucks-style coffee or tea, coconut milk, hazelnut syrup and carefully balanced flavors.",Almond,4,None,Whipped Cream,Medium,165,392,67,5.0,9.2,5.62,477.7,3.9,4951,Low,Yes,No,Yes,Yes,Yes,No,Blueberry Muffin,Evening,Nutty,Cold,USA
SB00708,Chai Macchiato,Macchiato,Venti,Hot,"A handcrafted Chai Macchiato prepared with premium Starbucks-style coffee or tea, coconut milk, caramel syrup and carefully balanced flavors.",Oat,2,Classic,None,Medium,197,149,19,17.7,7.3,5.05,429.25,4.4,40271,Very High,No,No,Yes,No,Yes,No,Blueberry Muffin,Morning,Chocolatey,Hot,Canada
SB00709,Vanilla Tea,Tea,Venti,Hot,"A handcrafted Vanilla Tea prepared with premium Starbucks-style coffee or tea, oat milk, hazelnut syrup and carefully balanced flavors.",Almond,1,Classic,Whipped Cream,Low,88,559,59,1.9,4.0,4.31,366.35,3.9,49058,Very High,Yes,No,Yes,Yes,No,Yes,Sandwich,Evening,Fruity,Hot,UK
SB00710,Java Chip Latte,Latte,Venti,Hot,"A handcrafted Java Chip Latte prepared with premium Starbucks-style coffee or tea, coconut milk, toffee nut syrup and carefully balanced flavors.",Oat,4,Toffee Nut,Whipped Cream,Low,137,41,28,13.3,15.0,3.41,289.85,3.9,40446,Very High,No,No,Yes,Yes,No,No,Cookie,Evening,Sweet,Hot,Japan
SB00711,White Mocha Macchiato,Macchiato,Grande,Cold,"A handcrafted White Mocha Macchiato prepared with premium Starbucks-style coffee or tea, oat milk, classic syrup and carefully balanced flavors.",Skim,1,None,Chocolate Shavings,Low,212,621,64,4.0,28.5,7.92,673.2,4.5,17187,Medium,Yes,Yes,Yes,Yes,No,Yes,Sandwich,Evening,Sweet,Cold,Global
SB00712,Caramel Cappuccino,Cappuccino,Tall,Hot,"A handcrafted Caramel Cappuccino prepared with premium Starbucks-style coffee or tea, skim milk, none syrup and carefully balanced flavors.",Soy,1,Caramel,Whipped Cream,Low,96,508,55,2.6,21.2,5.86,498.1,5.0,31938,High,No,No,Yes,No,Yes,No,Blueberry Muffin,Evening,Nutty,Hot,UK
SB00713,Matcha Cold Brew,Cold Brew,Venti,Cold,"A handcrafted Matcha Cold Brew prepared with premium Starbucks-style coffee or tea, skim milk, hazelnut syrup and carefully balanced flavors.",Coconut,4,Classic,None,High,31,182,49,3.7,3.6,8.35,709.75,4.9,41892,Very High,No,No,Yes,No,Yes,No,Cookie,Morning,Nutty,Cold,Global
SB00714,Mango Cold Brew,Cold Brew,Grande,Cold,"A handcrafted Mango Cold Brew prepared with premium Starbucks-style coffee or tea, oat milk, classic syrup and carefully balanced flavors.",Almond,2,Vanilla,None,Low,143,159,54,12.0,12.6,2.85,242.25,4.6,36565,High,No,Yes,Yes,No,Yes,Yes,Blueberry Muffin,Afternoon,Nutty,Cold,Global
SB00715,Vanilla Macchiato,Macchiato,Tall,Cold,"A handcrafted Vanilla Macchiato prepared with premium Starbucks-style coffee or tea, whole milk, caramel syrup and carefully balanced flavors.",Skim,2,Classic,Caramel Drizzle,High,64,119,60,1.8,3.5,7.98,678.3,4.3,33571,High,No,No,Yes,Yes,Yes,Yes,Croissant,Morning,Fruity,Cold,UK
SB00716,Vanilla Refresher,Refresher,Grande,Cold,"A handcrafted Vanilla Refresher prepared with premium Starbucks-style coffee or tea, skim milk, caramel syrup and carefully balanced flavors.",Skim,4,Hazelnut,Whipped Cream,Low,89,378,26,2.0,6.0,4.48,380.8,4.1,6173,Low,Yes,Yes,Yes,No,No,No,Cookie,Morning,Sweet,Cold,Canada
SB00717,Hazelnut Flat White,Flat White,Tall,Cold,"A handcrafted Hazelnut Flat White prepared with premium Starbucks-style coffee or tea, coconut milk, none syrup and carefully balanced flavors.",Whole,1,Vanilla,Chocolate Shavings,Medium,225,547,56,14.8,16.1,2.79,237.15,3.6,42794,Very High,Yes,No,Yes,No,No,No,Croissant,Evening,Nutty,Cold,UK
SB00718,Mango Flat White,Flat White,Tall,Hot,"A handcrafted Mango Flat White prepared with premium Starbucks-style coffee or tea, oat milk, classic syrup and carefully balanced flavors.",Soy,4,Caramel,Caramel Drizzle,Low,21,269,46,11.5,7.3,6.38,542.3,4.0,11713,Medium,Yes,Yes,Yes,Yes,No,No,Sandwich,Morning,Fruity,Hot,Canada
SB00719,Strawberry Macchiato,Macchiato,Tall,Cold,"A handcrafted Strawberry Macchiato prepared with premium Starbucks-style coffee or tea, whole milk, none syrup and carefully balanced flavors.",Soy,3,Vanilla,Whipped Cream,High,60,351,53,5.8,27.7,8.12,690.2,4.0,6290,Low,Yes,No,Yes,No,Yes,No,Blueberry Muffin,Evening,Sweet,Cold,India
SB00720,Hazelnut Latte,Latte,Tall,Cold,"A handcrafted Hazelnut Latte prepared with premium Starbucks-style coffee or tea, oat milk, none syrup and carefully balanced flavors.",Skim,1,None,None,Low,213,301,42,8.4,20.1,4.77,405.45,3.8,33366,High,No,Yes,Yes,No,Yes,Yes,Sandwich,Evening,Fruity,Cold,Japan
SB00721,Hazelnut Cappuccino,Cappuccino,Venti,Hot,"A handcrafted Hazelnut Cappuccino prepared with premium Starbucks-style coffee or tea, soy milk, hazelnut syrup and carefully balanced flavors.",Coconut,2,Vanilla,Chocolate Shavings,High,119,592,59,12.5,0.9,5.33,453.05,3.9,26106,High,Yes,No,Yes,No,No,Yes,Croissant,Afternoon,Nutty,Hot,Global
SB00722,Strawberry Refresher,Refresher,Venti,Cold,"A handcrafted Strawberry Refresher prepared with premium Starbucks-style coffee or tea, coconut milk, hazelnut syrup and carefully balanced flavors.",Oat,0,Caramel,Caramel Drizzle,Medium,273,582,15,10.6,14.6,6.25,531.25,4.7,45703,Very High,Yes,Yes,Yes,No,Yes,Yes,Cheesecake,Morning,Bold,Cold,UK
SB00723,Vanilla Tea,Tea,Tall,Hot,"A handcrafted Vanilla Tea prepared with premium Starbucks-style coffee or tea, soy milk, classic syrup and carefully balanced flavors.",Skim,4,Toffee Nut,Chocolate Shavings,Medium,68,369,13,19.9,3.1,5.76,489.6,4.5,24565,Medium,Yes,No,Yes,No,No,No,Blueberry Muffin,Afternoon,Chocolatey,Hot,India
SB00724,Strawberry Americano,Americano,Grande,Cold,"A handcrafted Strawberry Americano prepared with premium Starbucks-style coffee or tea, skim milk, caramel syrup and carefully balanced flavors.",Whole,0,Toffee Nut,Caramel Drizzle,High,61,267,63,18.5,11.2,8.34,708.9,5.0,47757,Very High,Yes,No,Yes,No,Yes,No,Sandwich,Afternoon,Fruity,Cold,India
SB00725,Caramel Mocha,Mocha,Tall,Cold,"A handcrafted Caramel Mocha prepared with premium Starbucks-style coffee or tea, almond milk, vanilla syrup and carefully balanced flavors.",Oat,4,Toffee Nut,Chocolate Shavings,Low,232,43,41,2.8,27.1,6.68,567.8,4.4,44278,Very High,No,Yes,Yes,Yes,No,Yes,Cookie,Evening,Sweet,Cold,UK
SB00726,Classic Espresso,Espresso,Grande,Cold,"A handcrafted Classic Espresso prepared with premium Starbucks-style coffee or tea, soy milk, none syrup and carefully balanced flavors.",Skim,4,None,Caramel Drizzle,Medium,43,187,51,0.9,9.6,8.38,712.3,3.6,26397,High,No,Yes,Yes,No,No,Yes,Blueberry Muffin,Afternoon,Chocolatey,Cold,UK
SB00727,Chai Tea,Tea,Venti,Hot,"A handcrafted Chai Tea prepared with premium Starbucks-style coffee or tea, almond milk, hazelnut syrup and carefully balanced flavors.",Soy,0,Classic,Caramel Drizzle,Medium,102,66,47,15.0,25.0,7.4,629.0,3.7,25571,High,No,Yes,Yes,Yes,No,No,Sandwich,Morning,Fruity,Hot,USA
SB00728,White Mocha Cold Brew,Cold Brew,Venti,Cold,"A handcrafted White Mocha Cold Brew prepared with premium Starbucks-style coffee or tea, whole milk, vanilla syrup and carefully balanced flavors.",Almond,1,Caramel,Chocolate Shavings,High,68,476,60,1.2,9.0,2.68,227.8,4.0,22342,Medium,Yes,Yes,Yes,Yes,Yes,No,Croissant,Evening,Nutty,Cold,Global
SB00729,Strawberry Refresher,Refresher,Venti,Cold,"A handcrafted Strawberry Refresher prepared with premium Starbucks-style coffee or tea, skim milk, caramel syrup and carefully balanced flavors.",Soy,3,Toffee Nut,Chocolate Shavings,High,0,592,64,10.5,4.9,5.52,469.2,4.0,28561,High,No,Yes,Yes,No,No,Yes,Cheesecake,Afternoon,Fruity,Cold,Global
SB00730,Hazelnut Mocha,Mocha,Tall,Cold,"A handcrafted Hazelnut Mocha prepared with premium Starbucks-style coffee or tea, whole milk, toffee nut syrup and carefully balanced flavors.",Coconut,1,Hazelnut,None,Low,210,574,25,16.3,15.8,3.43,291.55,3.7,39521,High,Yes,No,Yes,No,Yes,Yes,Cookie,Afternoon,Creamy,Cold,Global
SB00731,Java Chip Mocha,Mocha,Tall,Cold,"A handcrafted Java Chip Mocha prepared with premium Starbucks-style coffee or tea, oat milk, hazelnut syrup and carefully balanced flavors.",Whole,4,Vanilla,None,High,39,198,62,13.4,4.2,4.33,368.05,4.3,40275,Very High,No,No,Yes,No,No,Yes,Croissant,Morning,Creamy,Cold,Canada
SB00732,Mocha Latte,Latte,Grande,Cold,"A handcrafted Mocha Latte prepared with premium Starbucks-style coffee or tea, skim milk, hazelnut syrup and carefully balanced flavors.",Oat,3,Hazelnut,Caramel Drizzle,Medium,201,151,60,6.7,19.3,5.44,462.4,4.3,5667,Low,No,Yes,Yes,No,No,No,Cookie,Afternoon,Sweet,Cold,UK
SB00733,Vanilla Americano,Americano,Tall,Cold,"A handcrafted Vanilla Americano prepared with premium Starbucks-style coffee or tea, whole milk, caramel syrup and carefully balanced flavors.",Coconut,0,Caramel,None,Low,44,138,59,18.1,16.9,5.78,491.3,4.1,24533,Medium,No,No,Yes,No,Yes,Yes,Cookie,Evening,Fruity,Cold,India
SB00734,Vanilla Macchiato,Macchiato,Tall,Hot,"A handcrafted Vanilla Macchiato prepared with premium Starbucks-style coffee or tea, almond milk, vanilla syrup and carefully balanced flavors.",Coconut,0,Classic,Chocolate Shavings,High,97,186,48,18.2,27.6,3.05,259.25,4.3,5911,Low,No,No,Yes,No,No,Yes,Cookie,Morning,Sweet,Hot,India
SB00735,Caramel Cappuccino,Cappuccino,Venti,Hot,"A handcrafted Caramel Cappuccino prepared with premium Starbucks-style coffee or tea, coconut milk, classic syrup and carefully balanced flavors.",Oat,3,Toffee Nut,Chocolate Shavings,High,54,270,44,11.4,19.1,6.28,533.8,4.3,27995,High,No,Yes,Yes,No,Yes,No,Cookie,Evening,Chocolatey,Hot,India
SB00736,Caramel Latte,Latte,Tall,Cold,"A handcrafted Caramel Latte prepared with premium Starbucks-style coffee or tea, skim milk, toffee nut syrup and carefully balanced flavors.",Whole,1,Toffee Nut,Whipped Cream,High,243,139,47,0.4,19.2,5.06,430.1,4.9,29336,High,No,No,Yes,No,No,No,Sandwich,Afternoon,Nutty,Cold,USA
SB00737,Vanilla Americano,Americano,Tall,Hot,"A handcrafted Vanilla Americano prepared with premium Starbucks-style coffee or tea, soy milk, caramel syrup and carefully balanced flavors.",Whole,0,Classic,Chocolate Shavings,Medium,89,479,64,3.2,21.8,3.26,277.1,4.8,44235,Very High,No,No,Yes,Yes,Yes,Yes,Sandwich,Morning,Fruity,Hot,UK
SB00738,Hazelnut Refresher,Refresher,Venti,Cold,"A handcrafted Hazelnut Refresher prepared with premium Starbucks-style coffee or tea, soy milk, toffee nut syrup and carefully balanced flavors.",Skim,1,None,Whipped Cream,Medium,190,483,55,4.4,27.7,7.35,624.75,4.8,22269,Medium,No,No,Yes,No,Yes,No,Blueberry Muffin,Afternoon,Sweet,Cold,Canada
SB00739,Vanilla Espresso,Espresso,Venti,Hot,"A handcrafted Vanilla Espresso prepared with premium Starbucks-style coffee or tea, soy milk, classic syrup and carefully balanced flavors.",Almond,0,None,Whipped Cream,Medium,117,291,64,15.2,16.9,2.69,228.65,4.9,7618,Low,No,Yes,Yes,No,Yes,Yes,Sandwich,Evening,Bold,Hot,Global
SB00740,Classic Cold Brew,Cold Brew,Tall,Cold,"A handcrafted Classic Cold Brew prepared with premium Starbucks-style coffee or tea, coconut milk, classic syrup and carefully balanced flavors.",Whole,3,Toffee Nut,Whipped Cream,Medium,151,573,33,9.8,24.7,6.46,549.1,4.4,2311,Low,No,No,Yes,No,Yes,No,Blueberry Muffin,Afternoon,Nutty,Cold,USA
SB00741,Matcha Americano,Americano,Grande,Cold,"A handcrafted Matcha Americano prepared with premium Starbucks-style coffee or tea, soy milk, toffee nut syrup and carefully balanced flavors.",Coconut,3,Hazelnut,None,High,257,42,38,7.5,14.2,3.69,313.65,4.1,33935,High,Yes,Yes,Yes,No,No,Yes,Cookie,Morning,Bold,Cold,India
SB00742,Caramel Espresso,Espresso,Tall,Hot,"A handcrafted Caramel Espresso prepared with premium Starbucks-style coffee or tea, oat milk, hazelnut syrup and carefully balanced flavors.",Whole,0,Classic,Chocolate Shavings,Low,235,102,64,15.6,6.9,6.16,523.6,4.1,30189,High,Yes,No,Yes,No,Yes,Yes,Cheesecake,Afternoon,Creamy,Hot,Japan
SB00743,Hazelnut Mocha,Mocha,Tall,Hot,"A handcrafted Hazelnut Mocha prepared with premium Starbucks-style coffee or tea, skim milk, none syrup and carefully balanced flavors.",Coconut,3,Toffee Nut,Chocolate Shavings,Medium,146,539,4,14.7,14.9,4.28,363.8,3.7,13981,Medium,Yes,Yes,Yes,Yes,No,No,Croissant,Evening,Fruity,Hot,UK
SB00744,White Mocha Espresso,Espresso,Venti,Cold,"A handcrafted White Mocha Espresso prepared with premium Starbucks-style coffee or tea, skim milk, caramel syrup and carefully balanced flavors.",Coconut,1,Hazelnut,None,Low,273,489,16,15.1,28.6,8.03,682.55,4.1,17604,Medium,Yes,No,Yes,Yes,No,Yes,Croissant,Evening,Fruity,Cold,Canada
SB00745,Matcha Tea,Tea,Venti,Hot,"A handcrafted Matcha Tea prepared with premium Starbucks-style coffee or tea, oat milk, caramel syrup and carefully balanced flavors.",Coconut,1,Vanilla,None,High,235,200,39,9.2,22.1,5.37,456.45,4.4,45765,Very High,No,Yes,Yes,Yes,No,No,Sandwich,Afternoon,Creamy,Hot,Global
SB00746,Vanilla Americano,Americano,Tall,Hot,"A handcrafted Vanilla Americano prepared with premium Starbucks-style coffee or tea, oat milk, hazelnut syrup and carefully balanced flavors.",Coconut,3,Toffee Nut,Chocolate Shavings,High,142,376,58,19.6,0.0,7.97,677.45,4.3,35895,High,Yes,Yes,Yes,Yes,No,Yes,Croissant,Morning,Sweet,Hot,Global
SB00747,Hazelnut Cold Brew,Cold Brew,Tall,Cold,"A handcrafted Hazelnut Cold Brew prepared with premium Starbucks-style coffee or tea, almond milk, toffee nut syrup and carefully balanced flavors.",Oat,0,Vanilla,Whipped Cream,Medium,74,403,25,16.1,17.0,2.75,233.75,4.0,31369,High,Yes,Yes,Yes,Yes,No,Yes,Cookie,Evening,Nutty,Cold,India
SB00748,Strawberry Refresher,Refresher,Venti,Cold,"A handcrafted Strawberry Refresher prepared with premium Starbucks-style coffee or tea, skim milk, toffee nut syrup and carefully balanced flavors.",Coconut,0,Classic,None,High,133,620,29,12.9,21.3,5.06,430.1,4.7,24433,Medium,No,Yes,Yes,No,Yes,Yes,Blueberry Muffin,Afternoon,Sweet,Cold,USA
SB00749,Mocha Latte,Latte,Tall,Cold,"A handcrafted Mocha Latte prepared with premium Starbucks-style coffee or tea, skim milk, toffee nut syrup and carefully balanced flavors.",Skim,1,Classic,Caramel Drizzle,Low,237,250,44,19.6,26.1,3.92,333.2,3.7,38188,High,Yes,Yes,Yes,Yes,Yes,No,Cookie,Morning,Fruity,Cold,Canada
SB00750,Classic Refresher,Refresher,Tall,Cold,"A handcrafted Classic Refresher prepared with premium Starbucks-style coffee or tea, soy milk, classic syrup and carefully balanced flavors.",Oat,1,Toffee Nut,None,Medium,207,441,38,17.6,13.2,6.74,572.9,4.8,40800,Very High,Yes,Yes,Yes,No,No,No,Blueberry Muffin,Morning,Chocolatey,Cold,Japan
SB00751,Caramel Mocha,Mocha,Tall,Cold,"A handcrafted Caramel Mocha prepared with premium Starbucks-style coffee or tea, soy milk, caramel syrup and carefully balanced flavors.",Soy,4,Classic,Chocolate Shavings,Medium,34,311,56,10.5,16.0,3.36,285.6,3.7,28616,High,No,Yes,Yes,Yes,Yes,Yes,Blueberry Muffin,Afternoon,Creamy,Cold,Global
SB00752,Classic Frappuccino,Frappuccino,Tall,Cold,"A handcrafted Classic Frappuccino prepared with premium Starbucks-style coffee or tea, almond milk, classic syrup and carefully balanced flavors.",Skim,1,Caramel,None,Medium,189,474,0,13.5,7.2,7.23,614.55,4.5,36900,High,Yes,No,Yes,Yes,No,No,Sandwich,Evening,Creamy,Cold,USA
SB00753,Strawberry Americano,Americano,Tall,Hot,"A handcrafted Strawberry Americano prepared with premium Starbucks-style coffee or tea, whole milk, hazelnut syrup and carefully balanced flavors.",Oat,2,Toffee Nut,Whipped Cream,Low,285,466,51,11.1,16.5,7.93,674.05,4.2,27657,High,No,No,Yes,Yes,No,No,Sandwich,Afternoon,Bold,Hot,India
SB00754,Mocha Refresher,Refresher,Venti,Cold,"A handcrafted Mocha Refresher prepared with premium Starbucks-style coffee or tea, soy milk, hazelnut syrup and carefully balanced flavors.",Almond,0,Toffee Nut,Chocolate Shavings,High,239,112,59,16.2,11.3,8.06,685.1,3.6,4110,Low,No,Yes,Yes,No,No,No,Cookie,Morning,Bold,Cold,Canada
SB00755,White Mocha Tea,Tea,Venti,Hot,"A handcrafted White Mocha Tea prepared with premium Starbucks-style coffee or tea, oat milk, vanilla syrup and carefully balanced flavors.",Almond,3,Hazelnut,None,Low,279,49,19,14.3,15.6,6.61,561.85,4.2,15332,Medium,No,No,Yes,No,Yes,No,Cheesecake,Morning,Bold,Hot,Japan
SB00756,Matcha Tea,Tea,Tall,Hot,"A handcrafted Matcha Tea prepared with premium Starbucks-style coffee or tea, soy milk, none syrup and carefully balanced flavors.",Oat,1,None,Caramel Drizzle,Medium,121,482,14,10.2,8.1,6.16,523.6,4.1,28592,High,No,No,Yes,Yes,Yes,Yes,Cheesecake,Afternoon,Bold,Hot,Global
SB00757,Vanilla Espresso,Espresso,Grande,Cold,"A handcrafted Vanilla Espresso prepared with premium Starbucks-style coffee or tea, skim milk, classic syrup and carefully balanced flavors.",Whole,0,Hazelnut,Whipped Cream,Low,155,562,58,8.9,26.0,3.01,255.85,3.8,9623,Low,No,Yes,Yes,Yes,No,No,Sandwich,Afternoon,Chocolatey,Cold,Canada
SB00758,Strawberry Cappuccino,Cappuccino,Grande,Hot,"A handcrafted Strawberry Cappuccino prepared with premium Starbucks-style coffee or tea, oat milk, none syrup and carefully balanced flavors.",Almond,3,Caramel,Caramel Drizzle,Low,293,66,38,9.2,3.4,2.61,221.85,4.0,23846,Medium,No,Yes,Yes,Yes,No,No,Blueberry Muffin,Evening,Bold,Hot,UK
SB00759,Hazelnut Cappuccino,Cappuccino,Venti,Hot,"A handcrafted Hazelnut Cappuccino prepared with premium Starbucks-style coffee or tea, whole milk, none syrup and carefully balanced flavors.",Whole,0,Classic,Whipped Cream,High,282,384,54,13.6,28.3,7.04,598.4,4.1,21572,Medium,No,Yes,Yes,No,No,No,Croissant,Evening,Chocolatey,Hot,UK
SB00760,Mocha Macchiato,Macchiato,Venti,Hot,"A handcrafted Mocha Macchiato prepared with premium Starbucks-style coffee or tea, coconut milk, none syrup and carefully balanced flavors.",Whole,1,Vanilla,Caramel Drizzle,High,290,83,68,0.6,9.9,7.09,602.65,3.8,3426,Low,No,No,Yes,No,No,Yes,Sandwich,Evening,Bold,Hot,UK
SB00761,White Mocha Refresher,Refresher,Grande,Cold,"A handcrafted White Mocha Refresher prepared with premium Starbucks-style coffee or tea, almond milk, vanilla syrup and carefully balanced flavors.",Skim,4,Toffee Nut,Whipped Cream,High,15,587,26,3.8,27.2,2.67,226.95,4.7,49716,Very High,No,No,Yes,Yes,Yes,No,Blueberry Muffin,Evening,Fruity,Cold,UK
SB00762,Classic Macchiato,Macchiato,Venti,Hot,"A handcrafted Classic Macchiato prepared with premium Starbucks-style coffee or tea, almond milk, vanilla syrup and carefully balanced flavors.",Coconut,1,Caramel,Chocolate Shavings,Low,7,394,48,12.1,1.8,2.75,233.75,4.8,39203,High,Yes,No,Yes,Yes,Yes,No,Croissant,Morning,Chocolatey,Hot,Canada
SB00763,Vanilla Latte,Latte,Grande,Cold,"A handcrafted Vanilla Latte prepared with premium Starbucks-style coffee or tea, whole milk, hazelnut syrup and carefully balanced flavors.",Skim,2,Hazelnut,None,Medium,151,31,54,6.1,24.2,5.07,430.95,4.3,24748,Medium,No,No,Yes,Yes,No,No,Sandwich,Afternoon,Bold,Cold,Global
SB00764,Chai Tea,Tea,Tall,Hot,"A handcrafted Chai Tea prepared with premium Starbucks-style coffee or tea, whole milk, caramel syrup and carefully balanced flavors.",Oat,3,Caramel,None,Medium,185,303,29,0.1,24.5,4.86,413.1,4.7,12223,Medium,Yes,No,Yes,No,No,No,Sandwich,Morning,Sweet,Hot,India
SB00765,Caramel Refresher,Refresher,Tall,Cold,"A handcrafted Caramel Refresher prepared with premium Starbucks-style coffee or tea, whole milk, toffee nut syrup and carefully balanced flavors.",Oat,3,Classic,Caramel Drizzle,Medium,270,145,69,8.5,10.1,3.11,264.35,3.7,21851,Medium,Yes,Yes,Yes,No,No,Yes,Sandwich,Morning,Sweet,Cold,Global
SB00766,Caramel Espresso,Espresso,Grande,Cold,"A handcrafted Caramel Espresso prepared with premium Starbucks-style coffee or tea, soy milk, caramel syrup and carefully balanced flavors.",Whole,4,Caramel,None,Low,176,629,15,7.8,16.3,5.97,507.45,5.0,48260,Very High,No,No,Yes,Yes,No,Yes,Cookie,Morning,Chocolatey,Cold,Japan
SB00767,Matcha Refresher,Refresher,Grande,Cold,"A handcrafted Matcha Refresher prepared with premium Starbucks-style coffee or tea, coconut milk, toffee nut syrup and carefully balanced flavors.",Soy,2,None,Chocolate Shavings,Medium,235,541,45,5.4,0.9,2.58,219.3,4.6,14045,Medium,Yes,Yes,Yes,No,No,No,Cookie,Morning,Fruity,Cold,Canada
SB00768,White Mocha Latte,Latte,Grande,Cold,"A handcrafted White Mocha Latte prepared with premium Starbucks-style coffee or tea, whole milk, caramel syrup and carefully balanced flavors.",Almond,3,Classic,None,High,84,631,6,13.8,1.3,7.92,673.2,3.6,7077,Low,No,Yes,Yes,No,No,No,Croissant,Evening,Fruity,Cold,Japan
SB00769,Classic Tea,Tea,Grande,Cold,"A handcrafted Classic Tea prepared with premium Starbucks-style coffee or tea, whole milk, hazelnut syrup and carefully balanced flavors.",Whole,1,Caramel,Chocolate Shavings,High,115,166,36,10.4,18.5,3.02,256.7,3.7,23863,Medium,No,No,Yes,No,No,Yes,Croissant,Morning,Fruity,Cold,Canada
SB00770,Mango Frappuccino,Frappuccino,Tall,Cold,"A handcrafted Mango Frappuccino prepared with premium Starbucks-style coffee or tea, coconut milk, caramel syrup and carefully balanced flavors.",Soy,0,Hazelnut,Chocolate Shavings,High,176,124,22,5.1,24.4,4.63,393.55,4.6,1023,Low,No,No,Yes,Yes,No,No,Cheesecake,Morning,Fruity,Cold,Japan
SB00771,Mango Refresher,Refresher,Grande,Cold,"A handcrafted Mango Refresher prepared with premium Starbucks-style coffee or tea, soy milk, none syrup and carefully balanced flavors.",Whole,4,Toffee Nut,Chocolate Shavings,Medium,253,649,32,19.2,9.0,6.85,582.25,3.8,17210,Medium,Yes,Yes,Yes,Yes,No,No,Blueberry Muffin,Afternoon,Creamy,Cold,USA
SB00772,Caramel Cold Brew,Cold Brew,Venti,Cold,"A handcrafted Caramel Cold Brew prepared with premium Starbucks-style coffee or tea, almond milk, hazelnut syrup and carefully balanced flavors.",Coconut,2,Toffee Nut,Caramel Drizzle,High,199,302,7,7.8,16.3,5.21,442.85,4.5,31267,High,No,No,Yes,Yes,Yes,Yes,Croissant,Afternoon,Sweet,Cold,Canada
SB00773,Java Chip Refresher,Refresher,Tall,Cold,"A handcrafted Java Chip Refresher prepared with premium Starbucks-style coffee or tea, almond milk, none syrup and carefully balanced flavors.",Coconut,1,Caramel,Chocolate Shavings,Low,158,244,66,4.3,16.3,6.59,560.15,4.3,44766,Very High,No,Yes,Yes,Yes,No,Yes,Croissant,Morning,Sweet,Cold,Canada
SB00774,Strawberry Mocha,Mocha,Grande,Hot,"A handcrafted Strawberry Mocha prepared with premium Starbucks-style coffee or tea, oat milk, hazelnut syrup and carefully balanced flavors.",Almond,4,None,Chocolate Shavings,Low,88,354,14,10.3,10.6,8.32,707.2,4.7,44061,Very High,Yes,Yes,Yes,No,Yes,No,Cookie,Evening,Creamy,Hot,India
SB00775,Matcha Americano,Americano,Tall,Cold,"A handcrafted Matcha Americano prepared with premium Starbucks-style coffee or tea, skim milk, vanilla syrup and carefully balanced flavors.",Soy,3,Caramel,Whipped Cream,Low,47,24,50,7.8,14.9,3.07,260.95,4.8,48136,Very High,Yes,Yes,Yes,No,No,No,Blueberry Muffin,Evening,Nutty,Cold,UK
SB00776,Vanilla Latte,Latte,Venti,Hot,"A handcrafted Vanilla Latte prepared with premium Starbucks-style coffee or tea, skim milk, hazelnut syrup and carefully balanced flavors.",Skim,1,Toffee Nut,Chocolate Shavings,Low,40,288,24,20.0,20.4,7.42,630.7,4.3,18562,Medium,Yes,No,Yes,Yes,Yes,Yes,Croissant,Evening,Fruity,Hot,UK
SB00777,White Mocha Mocha,Mocha,Grande,Cold,"A handcrafted White Mocha Mocha prepared with premium Starbucks-style coffee or tea, whole milk, none syrup and carefully balanced flavors.",Soy,0,Classic,Caramel Drizzle,Medium,145,500,22,0.5,15.0,4.82,409.7,4.3,42131,Very High,Yes,No,Yes,No,Yes,Yes,Croissant,Evening,Creamy,Cold,Canada
SB00778,White Mocha Frappuccino,Frappuccino,Venti,Cold,"A handcrafted White Mocha Frappuccino prepared with premium Starbucks-style coffee or tea, oat milk, vanilla syrup and carefully balanced flavors.",Oat,4,None,Whipped Cream,High,298,370,58,13.7,6.4,4.34,368.9,4.0,25299,High,Yes,No,Yes,No,No,Yes,Sandwich,Afternoon,Nutty,Cold,Canada
SB00779,White Mocha Cold Brew,Cold Brew,Venti,Cold,"A handcrafted White Mocha Cold Brew prepared with premium Starbucks-style coffee or tea, oat milk, none syrup and carefully balanced flavors.",Whole,0,Toffee Nut,None,Low,100,116,28,12.5,13.5,4.8,408.0,4.1,41213,Very High,No,Yes,Yes,Yes,No,No,Blueberry Muffin,Afternoon,Sweet,Cold,Global
SB00780,Strawberry Macchiato,Macchiato,Tall,Hot,"A handcrafted Strawberry Macchiato prepared with premium Starbucks-style coffee or tea, soy milk, toffee nut syrup and carefully balanced flavors.",Oat,3,Toffee Nut,None,High,89,450,10,8.3,24.3,7.93,674.05,4.6,32167,High,Yes,Yes,Yes,Yes,No,No,Sandwich,Evening,Creamy,Hot,Global
SB00781,Caramel Cappuccino,Cappuccino,Venti,Cold,"A handcrafted Caramel Cappuccino prepared with premium Starbucks-style coffee or tea, whole milk, caramel syrup and carefully balanced flavors.",Almond,4,None,Whipped Cream,Medium,108,70,11,3.3,7.4,3.76,319.6,3.9,38696,High,Yes,No,Yes,Yes,No,No,Cheesecake,Afternoon,Chocolatey,Cold,UK
SB00782,Mocha Flat White,Flat White,Grande,Cold,"A handcrafted Mocha Flat White prepared with premium Starbucks-style coffee or tea, skim milk, caramel syrup and carefully balanced flavors.",Oat,2,Vanilla,None,Medium,133,205,15,13.8,19.7,4.2,357.0,4.9,20091,Medium,No,No,Yes,Yes,No,Yes,Croissant,Morning,Creamy,Cold,Japan
SB00783,Classic Cold Brew,Cold Brew,Grande,Cold,"A handcrafted Classic Cold Brew prepared with premium Starbucks-style coffee or tea, soy milk, toffee nut syrup and carefully balanced flavors.",Almond,2,Toffee Nut,Chocolate Shavings,Medium,2,440,3,5.4,9.7,5.13,436.05,4.0,10338,Medium,Yes,No,Yes,Yes,No,No,Blueberry Muffin,Afternoon,Bold,Cold,Canada
SB00784,Hazelnut Espresso,Espresso,Tall,Cold,"A handcrafted Hazelnut Espresso prepared with premium Starbucks-style coffee or tea, almond milk, toffee nut syrup and carefully balanced flavors.",Whole,3,Classic,Caramel Drizzle,Medium,77,219,42,9.5,10.4,6.69,568.65,4.6,49427,Very High,Yes,Yes,Yes,No,No,Yes,Blueberry Muffin,Evening,Fruity,Cold,UK
SB00785,Vanilla Cold Brew,Cold Brew,Grande,Cold,"A handcrafted Vanilla Cold Brew prepared with premium Starbucks-style coffee or tea, almond milk, toffee nut syrup and carefully balanced flavors.",Oat,1,None,Whipped Cream,High,88,233,5,16.7,1.1,4.37,371.45,4.0,48934,Very High,No,No,Yes,No,No,No,Cheesecake,Morning,Nutty,Cold,Japan
SB00786,Mocha Mocha,Mocha,Grande,Cold,"A handcrafted Mocha Mocha prepared with premium Starbucks-style coffee or tea, almond milk, none syrup and carefully balanced flavors.",Skim,0,Classic,Chocolate Shavings,High,72,549,2,13.7,12.8,7.29,619.65,4.7,27887,High,Yes,Yes,Yes,Yes,No,No,Cheesecake,Morning,Chocolatey,Cold,Canada
SB00787,Mocha Cold Brew,Cold Brew,Tall,Cold,"A handcrafted Mocha Cold Brew prepared with premium Starbucks-style coffee or tea, oat milk, vanilla syrup and carefully balanced flavors.",Almond,2,Classic,None,Medium,14,106,38,5.9,21.8,6.92,588.2,4.5,48454,Very High,No,Yes,Yes,Yes,Yes,Yes,Cookie,Afternoon,Nutty,Cold,Japan
SB00788,White Mocha Mocha,Mocha,Tall,Hot,"A handcrafted White Mocha Mocha prepared with premium Starbucks-style coffee or tea, whole milk, toffee nut syrup and carefully balanced flavors.",Coconut,3,Vanilla,None,High,287,598,42,15.2,24.0,6.52,554.2,5.0,30447,High,Yes,Yes,Yes,No,No,No,Sandwich,Afternoon,Sweet,Hot,Canada
SB00789,White Mocha Cappuccino,Cappuccino,Grande,Cold,"A handcrafted White Mocha Cappuccino prepared with premium Starbucks-style coffee or tea, almond milk, classic syrup and carefully balanced flavors.",Skim,2,Classic,Whipped Cream,Medium,211,645,58,19.4,8.1,5.11,434.35,4.8,45642,Very High,Yes,Yes,Yes,No,Yes,No,Cheesecake,Afternoon,Nutty,Cold,Canada
SB00790,Java Chip Mocha,Mocha,Venti,Hot,"A handcrafted Java Chip Mocha prepared with premium Starbucks-style coffee or tea, soy milk, vanilla syrup and carefully balanced flavors.",Soy,2,Toffee Nut,None,Medium,266,447,18,1.8,24.8,8.15,692.75,5.0,18365,Medium,No,Yes,Yes,Yes,Yes,Yes,Sandwich,Evening,Nutty,Hot,Japan
SB00791,Java Chip Flat White,Flat White,Grande,Hot,"A handcrafted Java Chip Flat White prepared with premium Starbucks-style coffee or tea, soy milk, toffee nut syrup and carefully balanced flavors.",Whole,2,Hazelnut,Whipped Cream,Low,134,135,19,7.1,14.9,3.49,296.65,3.6,2023,Low,No,Yes,Yes,Yes,Yes,No,Sandwich,Morning,Bold,Hot,USA
SB00792,Strawberry Macchiato,Macchiato,Tall,Cold,"A handcrafted Strawberry Macchiato prepared with premium Starbucks-style coffee or tea, whole milk, toffee nut syrup and carefully balanced flavors.",Coconut,4,None,None,Medium,158,546,58,6.3,24.5,4.58,389.3,3.9,21724,Medium,No,Yes,Yes,Yes,No,Yes,Sandwich,Morning,Sweet,Cold,India
SB00793,White Mocha Americano,Americano,Grande,Cold,"A handcrafted White Mocha Americano prepared with premium Starbucks-style coffee or tea, soy milk, toffee nut syrup and carefully balanced flavors.",Coconut,0,Caramel,None,Low,26,20,17,17.5,0.2,3.3,280.5,4.9,17425,Medium,No,Yes,Yes,No,Yes,No,Cheesecake,Afternoon,Fruity,Cold,UK
SB00794,Strawberry Espresso,Espresso,Tall,Cold,"A handcrafted Strawberry Espresso prepared with premium Starbucks-style coffee or tea, skim milk, toffee nut syrup and carefully balanced flavors.",Oat,4,Classic,None,Low,111,271,34,13.9,5.9,7.51,638.35,5.0,41417,Very High,Yes,Yes,Yes,Yes,Yes,No,Cheesecake,Afternoon,Sweet,Cold,India
SB00795,Caramel Cold Brew,Cold Brew,Grande,Cold,"A handcrafted Caramel Cold Brew prepared with premium Starbucks-style coffee or tea, skim milk, caramel syrup and carefully balanced flavors.",Oat,0,Vanilla,None,Low,84,277,62,10.2,26.0,6.73,572.05,4.7,12557,Medium,Yes,No,Yes,Yes,No,No,Croissant,Afternoon,Sweet,Cold,UK
SB00796,Mocha Espresso,Espresso,Grande,Hot,"A handcrafted Mocha Espresso prepared with premium Starbucks-style coffee or tea, soy milk, classic syrup and carefully balanced flavors.",Almond,1,Toffee Nut,None,High,193,637,10,12.2,21.1,8.27,702.95,4.7,19960,Medium,No,Yes,Yes,Yes,Yes,Yes,Sandwich,Evening,Chocolatey,Hot,Japan
SB00797,Matcha Tea,Tea,Venti,Cold,"A handcrafted Matcha Tea prepared with premium Starbucks-style coffee or tea, coconut milk, caramel syrup and carefully balanced flavors.",Skim,4,Vanilla,Caramel Drizzle,Low,293,253,22,11.4,24.7,8.3,705.5,4.8,34067,High,Yes,Yes,Yes,No,Yes,Yes,Cheesecake,Evening,Sweet,Cold,Japan
SB00798,Vanilla Mocha,Mocha,Venti,Hot,"A handcrafted Vanilla Mocha prepared with premium Starbucks-style coffee or tea, oat milk, classic syrup and carefully balanced flavors.",Skim,4,Vanilla,Caramel Drizzle,Medium,112,438,17,7.2,7.3,6.75,573.75,3.6,43521,Very High,No,No,Yes,No,No,No,Croissant,Afternoon,Nutty,Hot,Canada
SB00799,Hazelnut Frappuccino,Frappuccino,Tall,Cold,"A handcrafted Hazelnut Frappuccino prepared with premium Starbucks-style coffee or tea, oat milk, vanilla syrup and carefully balanced flavors.",Oat,0,Hazelnut,Caramel Drizzle,High,203,509,38,17.4,9.6,5.55,471.75,3.7,17945,Medium,No,No,Yes,Yes,Yes,No,Croissant,Afternoon,Nutty,Cold,India
SB00800,White Mocha Cold Brew,Cold Brew,Grande,Cold,"A handcrafted White Mocha Cold Brew prepared with premium Starbucks-style coffee or tea, coconut milk, toffee nut syrup and carefully balanced flavors.",Skim,2,Toffee Nut,Whipped Cream,Low,201,431,41,0.4,13.6,7.14,606.9,4.1,34951,High,Yes,Yes,Yes,No,No,Yes,Cookie,Morning,Fruity,Cold,India
SB00801,Strawberry Espresso,Espresso,Tall,Hot,"A handcrafted Strawberry Espresso prepared with premium Starbucks-style coffee or tea, almond milk, toffee nut syrup and carefully balanced flavors.",Coconut,4,Toffee Nut,Whipped Cream,Low,160,498,15,9.7,17.0,3.25,276.25,3.8,44866,Very High,Yes,No,Yes,Yes,Yes,Yes,Croissant,Afternoon,Nutty,Hot,UK
SB00802,Caramel Macchiato,Macchiato,Grande,Cold,"A handcrafted Caramel Macchiato prepared with premium Starbucks-style coffee or tea, oat milk, classic syrup and carefully balanced flavors.",Almond,3,Vanilla,Whipped Cream,High,98,146,67,16.8,4.5,7.67,651.95,3.6,42466,Very High,Yes,No,Yes,Yes,No,No,Cookie,Morning,Nutty,Cold,USA
SB00803,White Mocha Flat White,Flat White,Tall,Hot,"A handcrafted White Mocha Flat White prepared with premium Starbucks-style coffee or tea, almond milk, caramel syrup and carefully balanced flavors.",Soy,4,Vanilla,Whipped Cream,High,157,146,9,11.3,18.3,6.52,554.2,4.6,6524,Low,No,Yes,Yes,No,No,Yes,Blueberry Muffin,Afternoon,Sweet,Hot,USA
SB00804,Chai Mocha,Mocha,Tall,Cold,"A handcrafted Chai Mocha prepared with premium Starbucks-style coffee or tea, coconut milk, none syrup and carefully balanced flavors.",Coconut,1,Hazelnut,Chocolate Shavings,Low,62,57,67,19.3,22.4,8.23,699.55,4.4,43267,Very High,No,No,Yes,Yes,Yes,Yes,Sandwich,Evening,Nutty,Cold,Global
SB00805,Java Chip Espresso,Espresso,Tall,Cold,"A handcrafted Java Chip Espresso prepared with premium Starbucks-style coffee or tea, coconut milk, caramel syrup and carefully balanced flavors.",Skim,1,Classic,Whipped Cream,Medium,159,23,60,7.6,4.7,3.81,323.85,5.0,40894,Very High,No,No,Yes,No,No,No,Blueberry Muffin,Morning,Chocolatey,Cold,India
SB00806,Hazelnut Mocha,Mocha,Tall,Cold,"A handcrafted Hazelnut Mocha prepared with premium Starbucks-style coffee or tea, soy milk, caramel syrup and carefully balanced flavors.",Soy,4,None,Caramel Drizzle,Medium,112,343,29,13.6,29.1,7.83,665.55,4.2,39366,High,No,No,Yes,Yes,Yes,No,Croissant,Evening,Bold,Cold,India
SB00807,Strawberry Macchiato,Macchiato,Venti,Cold,"A handcrafted Strawberry Macchiato prepared with premium Starbucks-style coffee or tea, oat milk, vanilla syrup and carefully balanced flavors.",Oat,2,None,None,Low,37,421,46,2.3,20.1,5.79,492.15,4.4,1401,Low,Yes,Yes,Yes,No,No,No,Blueberry Muffin,Evening,Bold,Cold,UK
SB00808,White Mocha Macchiato,Macchiato,Venti,Hot,"A handcrafted White Mocha Macchiato prepared with premium Starbucks-style coffee or tea, almond milk, classic syrup and carefully balanced flavors.",Whole,4,None,None,Medium,78,489,27,11.1,22.4,4.87,413.95,4.5,7348,Low,Yes,No,Yes,No,Yes,No,Blueberry Muffin,Evening,Bold,Hot,Global
SB00809,Matcha Tea,Tea,Venti,Cold,"A handcrafted Matcha Tea prepared with premium Starbucks-style coffee or tea, whole milk, caramel syrup and carefully balanced flavors.",Almond,2,Caramel,Chocolate Shavings,Medium,173,84,34,16.2,6.4,3.71,315.35,4.5,43821,Very High,No,Yes,Yes,Yes,No,Yes,Sandwich,Morning,Sweet,Cold,USA
SB00810,Strawberry Frappuccino,Frappuccino,Grande,Cold,"A handcrafted Strawberry Frappuccino prepared with premium Starbucks-style coffee or tea, oat milk, hazelnut syrup and carefully balanced flavors.",Oat,3,Classic,Chocolate Shavings,High,29,324,43,2.2,1.5,4.98,423.3,3.8,37390,High,No,No,Yes,Yes,Yes,No,Cookie,Evening,Fruity,Cold,India
SB00811,Vanilla Flat White,Flat White,Venti,Hot,"A handcrafted Vanilla Flat White prepared with premium Starbucks-style coffee or tea, whole milk, caramel syrup and carefully balanced flavors.",Coconut,2,None,Caramel Drizzle,High,253,300,24,0.2,13.3,8.38,712.3,5.0,2609,Low,Yes,Yes,Yes,No,Yes,Yes,Sandwich,Evening,Chocolatey,Hot,Global
SB00812,Vanilla Frappuccino,Frappuccino,Grande,Cold,"A handcrafted Vanilla Frappuccino prepared with premium Starbucks-style coffee or tea, coconut milk, none syrup and carefully balanced flavors.",Skim,1,Hazelnut,None,High,8,80,55,18.6,0.2,6.43,546.55,4.9,10730,Medium,No,Yes,Yes,Yes,No,Yes,Croissant,Morning,Fruity,Cold,Global
SB00813,Java Chip Flat White,Flat White,Venti,Hot,"A handcrafted Java Chip Flat White prepared with premium Starbucks-style coffee or tea, skim milk, hazelnut syrup and carefully balanced flavors.",Coconut,0,None,None,High,167,216,41,18.4,2.2,7.01,595.85,4.6,27500,High,Yes,No,Yes,No,No,Yes,Cookie,Afternoon,Bold,Hot,Global
SB00814,Chai Mocha,Mocha,Venti,Hot,"A handcrafted Chai Mocha prepared with premium Starbucks-style coffee or tea, almond milk, classic syrup and carefully balanced flavors.",Skim,0,Vanilla,Chocolate Shavings,Low,213,376,55,12.2,12.2,6.89,585.65,4.9,4296,Low,Yes,No,Yes,No,Yes,Yes,Cheesecake,Morning,Sweet,Hot,Canada
SB00815,Mocha Frappuccino,Frappuccino,Grande,Cold,"A handcrafted Mocha Frappuccino prepared with premium Starbucks-style coffee or tea, almond milk, classic syrup and carefully balanced flavors.",Oat,2,Classic,Whipped Cream,Low,247,67,69,20.0,16.7,6.91,587.35,4.6,22748,Medium,Yes,No,Yes,Yes,Yes,No,Croissant,Evening,Bold,Cold,India
SB00816,Strawberry Frappuccino,Frappuccino,Grande,Cold,"A handcrafted Strawberry Frappuccino prepared with premium Starbucks-style coffee or tea, whole milk, classic syrup and carefully balanced flavors.",Coconut,1,Hazelnut,Whipped Cream,Low,231,218,2,13.3,28.5,4.84,411.4,3.9,6912,Low,Yes,No,Yes,Yes,No,No,Blueberry Muffin,Afternoon,Chocolatey,Cold,Japan
SB00817,Java Chip Cold Brew,Cold Brew,Tall,Cold,"A handcrafted Java Chip Cold Brew prepared with premium Starbucks-style coffee or tea, coconut milk, hazelnut syrup and carefully balanced flavors.",Skim,3,Classic,Whipped Cream,Medium,127,493,30,14.8,23.2,4.84,411.4,4.1,26195,High,No,No,Yes,No,No,Yes,Sandwich,Morning,Fruity,Cold,UK
SB00818,Java Chip Cappuccino,Cappuccino,Grande,Hot,"A handcrafted Java Chip Cappuccino prepared with premium Starbucks-style coffee or tea, coconut milk, caramel syrup and carefully balanced flavors.",Whole,0,None,None,High,28,190,3,15.4,7.4,6.11,519.35,3.7,6379,Low,Yes,No,Yes,Yes,Yes,Yes,Cheesecake,Morning,Fruity,Hot,USA
SB00819,Java Chip Macchiato,Macchiato,Grande,Hot,"A handcrafted Java Chip Macchiato prepared with premium Starbucks-style coffee or tea, coconut milk, vanilla syrup and carefully balanced flavors.",Almond,4,None,Caramel Drizzle,Low,56,119,26,1.1,25.1,5.93,504.05,3.5,39456,High,No,Yes,Yes,No,No,Yes,Cheesecake,Afternoon,Creamy,Hot,Canada
SB00820,Mango Refresher,Refresher,Tall,Cold,"A handcrafted Mango Refresher prepared with premium Starbucks-style coffee or tea, oat milk, classic syrup and carefully balanced flavors.",Skim,0,Classic,Whipped Cream,High,141,47,49,9.7,28.7,7.34,623.9,4.9,2879,Low,No,No,Yes,Yes,Yes,No,Cookie,Morning,Sweet,Cold,USA
SB00821,Vanilla Macchiato,Macchiato,Tall,Cold,"A handcrafted Vanilla Macchiato prepared with premium Starbucks-style coffee or tea, almond milk, toffee nut syrup and carefully balanced flavors.",Soy,0,Hazelnut,Caramel Drizzle,Medium,37,49,39,1.5,20.3,3.67,311.95,4.9,16072,Medium,Yes,Yes,Yes,No,No,No,Sandwich,Evening,Creamy,Cold,Japan
SB00822,Mango Flat White,Flat White,Tall,Hot,"A handcrafted Mango Flat White prepared with premium Starbucks-style coffee or tea, whole milk, vanilla syrup and carefully balanced flavors.",Coconut,3,None,Chocolate Shavings,Medium,59,50,14,5.9,3.7,3.71,315.35,4.8,22556,Medium,Yes,Yes,Yes,No,No,No,Croissant,Morning,Chocolatey,Hot,USA
SB00823,Vanilla Tea,Tea,Grande,Cold,"A handcrafted Vanilla Tea prepared with premium Starbucks-style coffee or tea, soy milk, toffee nut syrup and carefully balanced flavors.",Whole,3,Vanilla,None,Low,0,426,4,15.3,5.7,2.69,228.65,4.4,32436,High,No,Yes,Yes,No,No,No,Cookie,Evening,Nutty,Cold,USA
SB00824,Hazelnut Americano,Americano,Tall,Cold,"A handcrafted Hazelnut Americano prepared with premium Starbucks-style coffee or tea, almond milk, vanilla syrup and carefully balanced flavors.",Whole,0,Classic,Chocolate Shavings,Low,242,369,65,6.8,3.1,4.79,407.15,3.9,6555,Low,Yes,Yes,Yes,Yes,Yes,Yes,Blueberry Muffin,Morning,Creamy,Cold,Canada
SB00825,Java Chip Latte,Latte,Venti,Hot,"A handcrafted Java Chip Latte prepared with premium Starbucks-style coffee or tea, oat milk, hazelnut syrup and carefully balanced flavors.",Soy,0,Classic,Whipped Cream,High,219,317,55,5.2,21.1,6.26,532.1,3.7,16326,Medium,Yes,Yes,Yes,Yes,Yes,No,Sandwich,Evening,Creamy,Hot,USA
SB00826,Chai Macchiato,Macchiato,Tall,Cold,"A handcrafted Chai Macchiato prepared with premium Starbucks-style coffee or tea, coconut milk, vanilla syrup and carefully balanced flavors.",Skim,4,None,None,Medium,29,370,7,10.7,22.8,6.49,551.65,4.0,10127,Medium,No,No,Yes,No,Yes,Yes,Blueberry Muffin,Afternoon,Bold,Cold,Japan
SB00827,Classic Cold Brew,Cold Brew,Grande,Cold,"A handcrafted Classic Cold Brew prepared with premium Starbucks-style coffee or tea, almond milk, toffee nut syrup and carefully balanced flavors.",Almond,0,Toffee Nut,Caramel Drizzle,Low,178,126,52,8.4,8.3,6.21,527.85,3.9,25880,High,Yes,Yes,Yes,No,Yes,Yes,Cheesecake,Evening,Fruity,Cold,Japan
SB00828,Vanilla Cold Brew,Cold Brew,Grande,Cold,"A handcrafted Vanilla Cold Brew prepared with premium Starbucks-style coffee or tea, soy milk, classic syrup and carefully balanced flavors.",Whole,2,None,Caramel Drizzle,High,122,141,68,10.3,2.5,3.9,331.5,4.5,47023,Very High,Yes,Yes,Yes,Yes,Yes,No,Sandwich,Evening,Chocolatey,Cold,Global
SB00829,Mocha Macchiato,Macchiato,Tall,Hot,"A handcrafted Mocha Macchiato prepared with premium Starbucks-style coffee or tea, whole milk, caramel syrup and carefully balanced flavors.",Almond,1,Caramel,Whipped Cream,Low,59,431,57,12.3,26.7,4.97,422.45,3.6,3224,Low,No,No,Yes,Yes,No,No,Blueberry Muffin,Evening,Creamy,Hot,India
SB00830,Mango Tea,Tea,Venti,Hot,"A handcrafted Mango Tea prepared with premium Starbucks-style coffee or tea, soy milk, classic syrup and carefully balanced flavors.",Coconut,1,Classic,Whipped Cream,Medium,251,154,64,12.4,16.6,3.14,266.9,3.6,18700,Medium,No,No,Yes,No,No,No,Sandwich,Afternoon,Nutty,Hot,Japan
SB00831,Chai Flat White,Flat White,Venti,Cold,"A handcrafted Chai Flat White prepared with premium Starbucks-style coffee or tea, skim milk, none syrup and carefully balanced flavors.",Whole,2,Caramel,Whipped Cream,High,269,192,38,11.7,8.6,2.7,229.5,4.4,47345,Very High,No,No,Yes,Yes,Yes,No,Croissant,Afternoon,Fruity,Cold,Canada
SB00832,Vanilla Americano,Americano,Grande,Cold,"A handcrafted Vanilla Americano prepared with premium Starbucks-style coffee or tea, soy milk, hazelnut syrup and carefully balanced flavors.",Almond,4,None,None,High,294,425,41,16.5,20.3,7.68,652.8,4.2,31083,High,No,No,Yes,Yes,No,Yes,Sandwich,Morning,Creamy,Cold,USA
SB00833,Strawberry Cappuccino,Cappuccino,Tall,Cold,"A handcrafted Strawberry Cappuccino prepared with premium Starbucks-style coffee or tea, almond milk, caramel syrup and carefully balanced flavors.",Almond,2,Classic,None,Low,85,375,70,16.5,18.2,4.52,384.2,4.6,22896,Medium,Yes,No,Yes,Yes,Yes,Yes,Cookie,Morning,Chocolatey,Cold,Japan
SB00834,Caramel Frappuccino,Frappuccino,Tall,Cold,"A handcrafted Caramel Frappuccino prepared with premium Starbucks-style coffee or tea, coconut milk, hazelnut syrup and carefully balanced flavors.",Oat,1,Caramel,None,Medium,226,169,18,10.3,20.8,2.64,224.4,4.2,29033,High,Yes,No,Yes,No,Yes,No,Cheesecake,Afternoon,Chocolatey,Cold,UK
SB00835,Hazelnut Cappuccino,Cappuccino,Grande,Cold,"A handcrafted Hazelnut Cappuccino prepared with premium Starbucks-style coffee or tea, oat milk, vanilla syrup and carefully balanced flavors.",Whole,2,Caramel,Caramel Drizzle,High,0,214,5,5.8,18.2,6.29,534.65,4.9,26710,High,No,Yes,Yes,Yes,Yes,Yes,Sandwich,Afternoon,Fruity,Cold,USA
SB00836,Caramel Espresso,Espresso,Grande,Hot,"A handcrafted Caramel Espresso prepared with premium Starbucks-style coffee or tea, almond milk, none syrup and carefully balanced flavors.",Oat,0,Hazelnut,Chocolate Shavings,Medium,125,511,5,2.5,12.4,7.32,622.2,4.2,18174,Medium,Yes,No,Yes,Yes,No,Yes,Croissant,Afternoon,Fruity,Hot,Global
SB00837,Classic Flat White,Flat White,Tall,Hot,"A handcrafted Classic Flat White prepared with premium Starbucks-style coffee or tea, oat milk, caramel syrup and carefully balanced flavors.",Skim,1,Classic,Chocolate Shavings,Low,18,261,59,7.0,26.5,3.53,300.05,3.6,41905,Very High,Yes,No,Yes,No,Yes,No,Blueberry Muffin,Afternoon,Nutty,Hot,USA
SB00838,Vanilla Americano,Americano,Venti,Hot,"A handcrafted Vanilla Americano prepared with premium Starbucks-style coffee or tea, soy milk, hazelnut syrup and carefully balanced flavors.",Soy,3,None,Chocolate Shavings,High,129,218,25,11.3,6.8,6.88,584.8,4.3,15210,Medium,Yes,No,Yes,Yes,No,No,Blueberry Muffin,Evening,Chocolatey,Hot,UK
SB00839,Matcha Tea,Tea,Venti,Hot,"A handcrafted Matcha Tea prepared with premium Starbucks-style coffee or tea, soy milk, none syrup and carefully balanced flavors.",Almond,1,None,Caramel Drizzle,Low,180,216,47,7.7,6.9,5.24,445.4,3.9,47756,Very High,No,Yes,Yes,Yes,Yes,No,Cheesecake,Evening,Chocolatey,Hot,Japan
SB00840,Caramel Refresher,Refresher,Grande,Cold,"A handcrafted Caramel Refresher prepared with premium Starbucks-style coffee or tea, oat milk, hazelnut syrup and carefully balanced flavors.",Oat,0,None,Whipped Cream,Medium,140,599,61,2.1,0.0,2.67,226.95,3.6,29299,High,Yes,No,Yes,Yes,No,Yes,Cookie,Evening,Sweet,Cold,Japan
SB00841,Strawberry Refresher,Refresher,Grande,Cold,"A handcrafted Strawberry Refresher prepared with premium Starbucks-style coffee or tea, soy milk, hazelnut syrup and carefully balanced flavors.",Oat,3,None,None,High,12,284,4,4.1,20.2,7.73,657.05,4.2,48140,Very High,No,Yes,Yes,No,Yes,No,Cheesecake,Morning,Bold,Cold,USA
SB00842,Java Chip Frappuccino,Frappuccino,Grande,Cold,"A handcrafted Java Chip Frappuccino prepared with premium Starbucks-style coffee or tea, soy milk, caramel syrup and carefully balanced flavors.",Whole,3,Classic,Whipped Cream,High,270,543,22,8.5,8.9,4.29,364.65,3.8,47637,Very High,Yes,No,Yes,No,Yes,No,Blueberry Muffin,Evening,Chocolatey,Cold,India
SB00843,White Mocha Latte,Latte,Grande,Hot,"A handcrafted White Mocha Latte prepared with premium Starbucks-style coffee or tea, oat milk, hazelnut syrup and carefully balanced flavors.",Almond,0,Classic,Chocolate Shavings,High,29,244,54,0.6,11.3,7.63,648.55,4.7,23562,Medium,Yes,No,Yes,Yes,Yes,No,Blueberry Muffin,Morning,Creamy,Hot,Canada
SB00844,Vanilla Latte,Latte,Tall,Cold,"A handcrafted Vanilla Latte prepared with premium Starbucks-style coffee or tea, almond milk, hazelnut syrup and carefully balanced flavors.",Skim,1,Caramel,None,High,204,511,52,16.1,0.5,3.65,310.25,4.3,48439,Very High,No,No,Yes,No,No,Yes,Cookie,Evening,Creamy,Cold,Canada
SB00845,Classic Refresher,Refresher,Venti,Cold,"A handcrafted Classic Refresher prepared with premium Starbucks-style coffee or tea, almond milk, vanilla syrup and carefully balanced flavors.",Coconut,2,Hazelnut,None,High,83,237,42,5.4,18.8,7.5,637.5,4.7,20673,Medium,Yes,No,Yes,No,No,Yes,Sandwich,Afternoon,Bold,Cold,USA
SB00846,Mango Espresso,Espresso,Venti,Hot,"A handcrafted Mango Espresso prepared with premium Starbucks-style coffee or tea, oat milk, none syrup and carefully balanced flavors.",Soy,4,Hazelnut,Chocolate Shavings,Low,293,110,59,5.1,25.9,8.15,692.75,4.5,30513,High,Yes,No,Yes,Yes,Yes,Yes,Cheesecake,Afternoon,Nutty,Hot,Japan
SB00847,Mango Tea,Tea,Tall,Cold,"A handcrafted Mango Tea prepared with premium Starbucks-style coffee or tea, almond milk, classic syrup and carefully balanced flavors.",Oat,0,Classic,Whipped Cream,Low,295,446,15,6.5,29.0,6.23,529.55,3.9,4925,Low,No,Yes,Yes,Yes,Yes,No,Croissant,Afternoon,Nutty,Cold,India
SB00848,Java Chip Mocha,Mocha,Venti,Hot,"A handcrafted Java Chip Mocha prepared with premium Starbucks-style coffee or tea, oat milk, none syrup and carefully balanced flavors.",Whole,4,Hazelnut,Caramel Drizzle,High,124,107,10,6.6,26.2,3.55,301.75,3.7,33364,High,Yes,Yes,Yes,No,Yes,Yes,Sandwich,Morning,Sweet,Hot,Global
SB00849,Classic Frappuccino,Frappuccino,Grande,Cold,"A handcrafted Classic Frappuccino prepared with premium Starbucks-style coffee or tea, skim milk, vanilla syrup and carefully balanced flavors.",Oat,4,Vanilla,Whipped Cream,Low,282,121,15,12.2,3.9,6.18,525.3,3.7,35178,High,Yes,Yes,Yes,Yes,No,No,Cookie,Afternoon,Bold,Cold,USA
SB00850,Mango Latte,Latte,Tall,Hot,"A handcrafted Mango Latte prepared with premium Starbucks-style coffee or tea, soy milk, vanilla syrup and carefully balanced flavors.",Oat,3,Caramel,Caramel Drizzle,Medium,127,166,32,15.1,12.6,3.83,325.55,4.6,19612,Medium,No,Yes,Yes,No,Yes,No,Croissant,Morning,Fruity,Hot,UK
SB00851,Chai Flat White,Flat White,Venti,Cold,"A handcrafted Chai Flat White prepared with premium Starbucks-style coffee or tea, skim milk, vanilla syrup and carefully balanced flavors.",Oat,2,Toffee Nut,Chocolate Shavings,Medium,25,242,18,13.1,13.2,5.19,441.15,4.0,33055,High,No,No,Yes,No,No,Yes,Cheesecake,Afternoon,Fruity,Cold,Global
SB00852,Strawberry Refresher,Refresher,Venti,Cold,"A handcrafted Strawberry Refresher prepared with premium Starbucks-style coffee or tea, oat milk, classic syrup and carefully balanced flavors.",Soy,2,Hazelnut,Chocolate Shavings,Medium,182,190,64,3.9,14.6,7.51,638.35,4.2,28896,High,Yes,Yes,Yes,Yes,Yes,Yes,Cookie,Evening,Chocolatey,Cold,UK
SB00853,White Mocha Espresso,Espresso,Tall,Hot,"A handcrafted White Mocha Espresso prepared with premium Starbucks-style coffee or tea, oat milk, caramel syrup and carefully balanced flavors.",Coconut,3,Caramel,Whipped Cream,Low,116,148,51,7.4,21.5,7.02,596.7,3.6,15033,Medium,No,No,Yes,No,No,Yes,Cheesecake,Afternoon,Nutty,Hot,UK
SB00854,Matcha Cold Brew,Cold Brew,Grande,Cold,"A handcrafted Matcha Cold Brew prepared with premium Starbucks-style coffee or tea, oat milk, vanilla syrup and carefully balanced flavors.",Soy,1,Caramel,Chocolate Shavings,Medium,76,260,68,0.3,8.8,4.22,358.7,3.9,43321,Very High,Yes,Yes,Yes,Yes,No,Yes,Cheesecake,Morning,Creamy,Cold,India
SB00855,Mango Mocha,Mocha,Venti,Cold,"A handcrafted Mango Mocha prepared with premium Starbucks-style coffee or tea, oat milk, hazelnut syrup and carefully balanced flavors.",Coconut,2,Toffee Nut,Caramel Drizzle,High,154,476,1,2.3,29.8,5.52,469.2,4.4,30409,High,Yes,No,Yes,Yes,No,Yes,Sandwich,Afternoon,Sweet,Cold,USA
SB00856,Hazelnut Americano,Americano,Grande,Cold,"A handcrafted Hazelnut Americano prepared with premium Starbucks-style coffee or tea, whole milk, classic syrup and carefully balanced flavors.",Skim,3,Vanilla,Caramel Drizzle,Medium,93,402,17,8.3,5.3,4.87,413.95,3.9,37995,High,No,No,Yes,No,Yes,No,Cookie,Morning,Bold,Cold,Japan
SB00857,Vanilla Espresso,Espresso,Grande,Hot,"A handcrafted Vanilla Espresso prepared with premium Starbucks-style coffee or tea, soy milk, caramel syrup and carefully balanced flavors.",Oat,4,Toffee Nut,None,Medium,157,644,31,19.1,18.8,6.08,516.8,4.4,19396,Medium,Yes,No,Yes,Yes,No,No,Cheesecake,Evening,Nutty,Hot,UK
SB00858,Strawberry Americano,Americano,Grande,Cold,"A handcrafted Strawberry Americano prepared with premium Starbucks-style coffee or tea, whole milk, caramel syrup and carefully balanced flavors.",Coconut,1,Hazelnut,Caramel Drizzle,Medium,1,567,1,4.0,29.2,2.78,236.3,4.4,29386,High,Yes,No,Yes,Yes,No,Yes,Cookie,Evening,Bold,Cold,UK
SB00859,Matcha Tea,Tea,Venti,Hot,"A handcrafted Matcha Tea prepared with premium Starbucks-style coffee or tea, soy milk, classic syrup and carefully balanced flavors.",Almond,2,None,None,Medium,263,80,0,10.1,19.5,7.61,646.85,4.7,43695,Very High,Yes,Yes,Yes,No,Yes,No,Croissant,Evening,Fruity,Hot,Canada
SB00860,Mocha Americano,Americano,Grande,Cold,"A handcrafted Mocha Americano prepared with premium Starbucks-style coffee or tea, skim milk, toffee nut syrup and carefully balanced flavors.",Coconut,2,Toffee Nut,Chocolate Shavings,High,276,478,41,15.7,1.6,3.35,284.75,4.0,32909,High,No,Yes,Yes,No,Yes,No,Croissant,Evening,Nutty,Cold,India
SB00861,Java Chip Mocha,Mocha,Venti,Hot,"A handcrafted Java Chip Mocha prepared with premium Starbucks-style coffee or tea, soy milk, none syrup and carefully balanced flavors.",Soy,1,Caramel,None,Low,136,386,49,8.7,15.0,3.47,294.95,4.0,13031,Medium,Yes,Yes,Yes,No,Yes,No,Sandwich,Afternoon,Nutty,Hot,Japan
SB00862,Matcha Latte,Latte,Grande,Cold,"A handcrafted Matcha Latte prepared with premium Starbucks-style coffee or tea, skim milk, vanilla syrup and carefully balanced flavors.",Oat,0,None,Caramel Drizzle,High,296,186,31,16.6,3.6,6.86,583.1,4.0,2987,Low,Yes,Yes,Yes,No,Yes,Yes,Blueberry Muffin,Morning,Nutty,Cold,Global
SB00863,Caramel Macchiato,Macchiato,Venti,Hot,"A handcrafted Caramel Macchiato prepared with premium Starbucks-style coffee or tea, almond milk, caramel syrup and carefully balanced flavors.",Almond,0,None,Caramel Drizzle,High,136,385,43,1.9,29.9,3.42,290.7,3.8,31890,High,Yes,Yes,Yes,Yes,Yes,Yes,Blueberry Muffin,Evening,Bold,Hot,UK
SB00864,Vanilla Cold Brew,Cold Brew,Venti,Cold,"A handcrafted Vanilla Cold Brew prepared with premium Starbucks-style coffee or tea, coconut milk, vanilla syrup and carefully balanced flavors.",Almond,1,Hazelnut,Caramel Drizzle,High,274,370,42,19.1,6.7,3.89,330.65,4.3,26195,High,Yes,No,Yes,Yes,No,Yes,Cheesecake,Evening,Nutty,Cold,UK
SB00865,White Mocha Flat White,Flat White,Tall,Hot,"A handcrafted White Mocha Flat White prepared with premium Starbucks-style coffee or tea, skim milk, classic syrup and carefully balanced flavors.",Soy,3,None,Whipped Cream,Medium,235,93,62,8.3,14.5,7.32,622.2,4.0,43273,Very High,Yes,Yes,Yes,No,No,No,Sandwich,Morning,Bold,Hot,India
SB00866,Caramel Latte,Latte,Venti,Cold,"A handcrafted Caramel Latte prepared with premium Starbucks-style coffee or tea, soy milk, vanilla syrup and carefully balanced flavors.",Soy,3,Toffee Nut,Whipped Cream,Low,207,31,19,3.8,20.1,3.14,266.9,4.8,4493,Low,No,No,Yes,Yes,Yes,Yes,Blueberry Muffin,Morning,Chocolatey,Cold,Canada
SB00867,White Mocha Latte,Latte,Grande,Hot,"A handcrafted White Mocha Latte prepared with premium Starbucks-style coffee or tea, oat milk, vanilla syrup and carefully balanced flavors.",Soy,1,Vanilla,Chocolate Shavings,Low,299,51,25,10.6,20.4,7.16,608.6,3.6,37281,High,Yes,Yes,Yes,Yes,Yes,No,Cookie,Morning,Bold,Hot,Global
SB00868,Java Chip Americano,Americano,Venti,Cold,"A handcrafted Java Chip Americano prepared with premium Starbucks-style coffee or tea, coconut milk, caramel syrup and carefully balanced flavors.",Almond,1,Classic,Chocolate Shavings,Medium,88,479,26,17.4,3.0,4.06,345.1,4.6,5623,Low,Yes,Yes,Yes,Yes,No,Yes,Sandwich,Evening,Fruity,Cold,UK
SB00869,Caramel Cappuccino,Cappuccino,Grande,Hot,"A handcrafted Caramel Cappuccino prepared with premium Starbucks-style coffee or tea, oat milk, none syrup and carefully balanced flavors.",Skim,2,Toffee Nut,Chocolate Shavings,Low,127,441,42,13.6,19.4,8.19,696.15,4.2,32171,High,No,No,Yes,No,Yes,Yes,Sandwich,Morning,Fruity,Hot,Japan
SB00870,Hazelnut Frappuccino,Frappuccino,Venti,Cold,"A handcrafted Hazelnut Frappuccino prepared with premium Starbucks-style coffee or tea, soy milk, none syrup and carefully balanced flavors.",Oat,2,None,None,Low,64,532,43,5.3,28.8,2.54,215.9,3.8,4139,Low,Yes,Yes,Yes,No,No,No,Blueberry Muffin,Afternoon,Sweet,Cold,Global
SB00871,Strawberry Frappuccino,Frappuccino,Venti,Cold,"A handcrafted Strawberry Frappuccino prepared with premium Starbucks-style coffee or tea, whole milk, hazelnut syrup and carefully balanced flavors.",Soy,1,Vanilla,None,Medium,17,394,5,6.8,26.0,6.33,538.05,4.9,6039,Low,Yes,No,Yes,No,No,Yes,Croissant,Evening,Sweet,Cold,Global
SB00872,Hazelnut Americano,Americano,Grande,Hot,"A handcrafted Hazelnut Americano prepared with premium Starbucks-style coffee or tea, skim milk, caramel syrup and carefully balanced flavors.",Skim,0,Caramel,None,High,170,271,49,4.7,28.8,6.22,528.7,4.7,23695,Medium,Yes,Yes,Yes,No,No,Yes,Cookie,Afternoon,Bold,Hot,India
SB00873,Caramel Frappuccino,Frappuccino,Venti,Cold,"A handcrafted Caramel Frappuccino prepared with premium Starbucks-style coffee or tea, oat milk, vanilla syrup and carefully balanced flavors.",Almond,4,Classic,Chocolate Shavings,Medium,180,509,3,7.9,9.8,6.23,529.55,4.1,39312,High,No,Yes,Yes,No,No,Yes,Cheesecake,Afternoon,Creamy,Cold,India
SB00874,Hazelnut Flat White,Flat White,Tall,Hot,"A handcrafted Hazelnut Flat White prepared with premium Starbucks-style coffee or tea, almond milk, toffee nut syrup and carefully balanced flavors.",Almond,4,Caramel,None,Medium,169,386,25,11.0,12.4,2.93,249.05,4.7,32971,High,No,Yes,Yes,No,No,No,Sandwich,Morning,Chocolatey,Hot,USA
SB00875,Classic Frappuccino,Frappuccino,Grande,Cold,"A handcrafted Classic Frappuccino prepared with premium Starbucks-style coffee or tea, almond milk, hazelnut syrup and carefully balanced flavors.",Skim,2,Toffee Nut,Whipped Cream,Medium,222,457,49,9.5,6.2,2.99,254.15,4.2,40853,Very High,No,Yes,Yes,No,Yes,Yes,Blueberry Muffin,Morning,Fruity,Cold,Japan
SB00876,Matcha Frappuccino,Frappuccino,Venti,Cold,"A handcrafted Matcha Frappuccino prepared with premium Starbucks-style coffee or tea, whole milk, caramel syrup and carefully balanced flavors.",Oat,4,Vanilla,None,Medium,98,530,54,19.3,3.5,7.13,606.05,4.8,47557,Very High,No,Yes,Yes,No,No,No,Sandwich,Afternoon,Nutty,Cold,UK
SB00877,Mocha Frappuccino,Frappuccino,Grande,Cold,"A handcrafted Mocha Frappuccino prepared with premium Starbucks-style coffee or tea, oat milk, vanilla syrup and carefully balanced flavors.",Almond,3,Hazelnut,Chocolate Shavings,High,5,400,54,10.6,24.1,7.49,636.65,4.7,39339,High,No,Yes,Yes,Yes,No,No,Cookie,Afternoon,Chocolatey,Cold,UK
SB00878,Vanilla Frappuccino,Frappuccino,Tall,Cold,"A handcrafted Vanilla Frappuccino prepared with premium Starbucks-style coffee or tea, whole milk, hazelnut syrup and carefully balanced flavors.",Almond,1,None,Caramel Drizzle,Medium,227,196,2,0.7,5.4,7.21,612.85,4.3,23782,Medium,No,No,Yes,No,No,No,Cookie,Evening,Bold,Cold,Global
SB00879,Matcha Mocha,Mocha,Tall,Cold,"A handcrafted Matcha Mocha prepared with premium Starbucks-style coffee or tea, almond milk, toffee nut syrup and carefully balanced flavors.",Soy,1,None,Whipped Cream,High,76,311,6,6.9,0.8,7.8,663.0,4.7,7776,Low,Yes,Yes,Yes,Yes,No,No,Blueberry Muffin,Morning,Bold,Cold,UK
SB00880,Classic Macchiato,Macchiato,Tall,Cold,"A handcrafted Classic Macchiato prepared with premium Starbucks-style coffee or tea, skim milk, none syrup and carefully balanced flavors.",Oat,4,Toffee Nut,Chocolate Shavings,High,104,283,57,14.3,17.0,5.56,472.6,3.6,24563,Medium,Yes,Yes,Yes,No,No,Yes,Cookie,Evening,Nutty,Cold,USA
SB00881,Chai Latte,Latte,Venti,Cold,"A handcrafted Chai Latte prepared with premium Starbucks-style coffee or tea, whole milk, hazelnut syrup and carefully balanced flavors.",Soy,2,Classic,Whipped Cream,Medium,283,614,60,9.0,22.6,5.73,487.05,4.6,16595,Medium,Yes,Yes,Yes,No,No,No,Blueberry Muffin,Evening,Nutty,Cold,USA
SB00882,White Mocha Americano,Americano,Grande,Hot,"A handcrafted White Mocha Americano prepared with premium Starbucks-style coffee or tea, soy milk, hazelnut syrup and carefully balanced flavors.",Whole,0,Hazelnut,Whipped Cream,High,92,200,47,13.0,0.2,2.82,239.7,3.6,45172,Very High,No,Yes,Yes,Yes,No,No,Cheesecake,Evening,Nutty,Hot,India
SB00883,Caramel Mocha,Mocha,Grande,Hot,"A handcrafted Caramel Mocha prepared with premium Starbucks-style coffee or tea, almond milk, caramel syrup and carefully balanced flavors.",Almond,4,Vanilla,Whipped Cream,Medium,85,267,10,9.9,6.2,7.0,595.0,3.9,873,Low,No,No,Yes,No,No,Yes,Blueberry Muffin,Evening,Creamy,Hot,Japan
SB00884,Mango Refresher,Refresher,Venti,Cold,"A handcrafted Mango Refresher prepared with premium Starbucks-style coffee or tea, skim milk, toffee nut syrup and carefully balanced flavors.",Almond,4,Classic,Chocolate Shavings,Medium,228,158,59,7.2,9.3,7.66,651.1,3.7,37433,High,Yes,Yes,Yes,Yes,No,Yes,Sandwich,Morning,Nutty,Cold,Canada
SB00885,Hazelnut Refresher,Refresher,Grande,Cold,"A handcrafted Hazelnut Refresher prepared with premium Starbucks-style coffee or tea, skim milk, caramel syrup and carefully balanced flavors.",Almond,0,None,Chocolate Shavings,Low,207,211,45,9.5,5.7,7.88,669.8,4.6,21855,Medium,No,Yes,Yes,Yes,Yes,Yes,Croissant,Evening,Fruity,Cold,Canada
SB00886,Java Chip Americano,Americano,Tall,Hot,"A handcrafted Java Chip Americano prepared with premium Starbucks-style coffee or tea, whole milk, classic syrup and carefully balanced flavors.",Skim,2,Caramel,None,High,253,416,35,6.8,2.7,7.38,627.3,3.9,23046,Medium,No,Yes,Yes,Yes,No,No,Sandwich,Afternoon,Chocolatey,Hot,USA
SB00887,Java Chip Latte,Latte,Grande,Hot,"A handcrafted Java Chip Latte prepared with premium Starbucks-style coffee or tea, almond milk, caramel syrup and carefully balanced flavors.",Soy,4,Toffee Nut,None,High,238,294,34,18.4,9.0,4.24,360.4,4.4,23309,Medium,Yes,Yes,Yes,Yes,Yes,Yes,Cheesecake,Afternoon,Fruity,Hot,Global
SB00888,Caramel Flat White,Flat White,Grande,Cold,"A handcrafted Caramel Flat White prepared with premium Starbucks-style coffee or tea, oat milk, vanilla syrup and carefully balanced flavors.",Almond,3,Vanilla,Whipped Cream,High,31,523,69,11.0,26.2,3.9,331.5,4.3,46554,Very High,No,No,Yes,No,Yes,Yes,Sandwich,Evening,Fruity,Cold,Japan
SB00889,Classic Tea,Tea,Venti,Hot,"A handcrafted Classic Tea prepared with premium Starbucks-style coffee or tea, almond milk, none syrup and carefully balanced flavors.",Soy,2,Vanilla,Whipped Cream,Medium,158,298,24,11.6,20.8,4.69,398.65,3.8,35488,High,No,No,Yes,Yes,Yes,No,Cookie,Evening,Sweet,Hot,Japan
SB00890,Mocha Tea,Tea,Tall,Cold,"A handcrafted Mocha Tea prepared with premium Starbucks-style coffee or tea, skim milk, vanilla syrup and carefully balanced flavors.",Whole,2,None,Chocolate Shavings,Medium,155,155,5,8.0,5.4,4.52,384.2,4.1,12092,Medium,No,Yes,Yes,No,No,No,Cheesecake,Morning,Bold,Cold,Japan
SB00891,Matcha Macchiato,Macchiato,Grande,Cold,"A handcrafted Matcha Macchiato prepared with premium Starbucks-style coffee or tea, skim milk, caramel syrup and carefully balanced flavors.",Almond,2,Vanilla,Caramel Drizzle,Low,130,601,62,6.3,18.9,7.56,642.6,4.2,26008,High,No,Yes,Yes,Yes,No,Yes,Cheesecake,Morning,Nutty,Cold,USA
SB00892,Hazelnut Americano,Americano,Grande,Hot,"A handcrafted Hazelnut Americano prepared with premium Starbucks-style coffee or tea, whole milk, vanilla syrup and carefully balanced flavors.",Coconut,4,Hazelnut,Caramel Drizzle,High,204,28,17,15.5,13.3,6.04,513.4,3.8,47752,Very High,No,No,Yes,Yes,No,Yes,Sandwich,Afternoon,Chocolatey,Hot,India
SB00893,Chai Frappuccino,Frappuccino,Tall,Cold,"A handcrafted Chai Frappuccino prepared with premium Starbucks-style coffee or tea, oat milk, hazelnut syrup and carefully balanced flavors.",Whole,3,None,None,Medium,82,382,62,7.7,8.3,6.45,548.25,4.7,43471,Very High,No,No,Yes,Yes,Yes,No,Cheesecake,Afternoon,Bold,Cold,India
SB00894,Java Chip Cold Brew,Cold Brew,Tall,Cold,"A handcrafted Java Chip Cold Brew prepared with premium Starbucks-style coffee or tea, oat milk, vanilla syrup and carefully balanced flavors.",Oat,2,None,Caramel Drizzle,High,133,635,28,14.0,17.0,3.79,322.15,4.8,23700,Medium,Yes,No,Yes,Yes,No,No,Sandwich,Evening,Chocolatey,Cold,USA
SB00895,Matcha Americano,Americano,Grande,Cold,"A handcrafted Matcha Americano prepared with premium Starbucks-style coffee or tea, skim milk, caramel syrup and carefully balanced flavors.",Soy,0,None,Caramel Drizzle,High,254,533,65,8.7,3.0,4.87,413.95,3.9,18159,Medium,Yes,No,Yes,No,No,No,Sandwich,Morning,Bold,Cold,India
SB00896,Vanilla Refresher,Refresher,Venti,Cold,"A handcrafted Vanilla Refresher prepared with premium Starbucks-style coffee or tea, almond milk, none syrup and carefully balanced flavors.",Almond,1,None,Whipped Cream,High,151,339,24,18.9,12.4,4.15,352.75,4.0,8710,Low,Yes,No,Yes,Yes,Yes,No,Blueberry Muffin,Morning,Creamy,Cold,Japan
SB00897,Java Chip Tea,Tea,Venti,Hot,"A handcrafted Java Chip Tea prepared with premium Starbucks-style coffee or tea, skim milk, toffee nut syrup and carefully balanced flavors.",Oat,1,Toffee Nut,Whipped Cream,Low,205,527,28,3.7,17.6,6.47,549.95,4.7,28944,High,No,No,Yes,Yes,Yes,No,Cheesecake,Evening,Sweet,Hot,Japan
SB00898,Vanilla Frappuccino,Frappuccino,Venti,Cold,"A handcrafted Vanilla Frappuccino prepared with premium Starbucks-style coffee or tea, soy milk, classic syrup and carefully balanced flavors.",Whole,4,Vanilla,Caramel Drizzle,Low,113,160,50,10.2,11.0,8.48,720.8,3.9,1187,Low,Yes,Yes,Yes,No,Yes,Yes,Cheesecake,Evening,Sweet,Cold,UK
SB00899,Vanilla Macchiato,Macchiato,Venti,Cold,"A handcrafted Vanilla Macchiato prepared with premium Starbucks-style coffee or tea, almond milk, toffee nut syrup and carefully balanced flavors.",Whole,0,Vanilla,Caramel Drizzle,Low,136,486,19,18.5,12.4,5.73,487.05,4.2,27246,High,No,No,Yes,Yes,Yes,No,Blueberry Muffin,Morning,Chocolatey,Cold,Japan
SB00900,Mocha Refresher,Refresher,Tall,Cold,"A handcrafted Mocha Refresher prepared with premium Starbucks-style coffee or tea, oat milk, vanilla syrup and carefully balanced flavors.",Skim,4,None,Whipped Cream,High,90,444,36,3.1,0.9,4.36,370.6,3.6,30533,High,No,Yes,Yes,No,Yes,Yes,Sandwich,Morning,Nutty,Cold,USA
SB00901,Mango Espresso,Espresso,Grande,Hot,"A handcrafted Mango Espresso prepared with premium Starbucks-style coffee or tea, soy milk, vanilla syrup and carefully balanced flavors.",Whole,2,None,None,Medium,210,198,51,12.2,20.5,7.88,669.8,4.9,28266,High,No,No,Yes,No,Yes,No,Cheesecake,Morning,Nutty,Hot,Canada
SB00902,Chai Americano,Americano,Tall,Hot,"A handcrafted Chai Americano prepared with premium Starbucks-style coffee or tea, skim milk, classic syrup and carefully balanced flavors.",Whole,2,None,Whipped Cream,Medium,100,158,17,16.2,1.5,7.09,602.65,4.9,31971,High,No,Yes,Yes,No,No,No,Cheesecake,Evening,Nutty,Hot,UK
SB00903,Mocha Refresher,Refresher,Venti,Cold,"A handcrafted Mocha Refresher prepared with premium Starbucks-style coffee or tea, whole milk, toffee nut syrup and carefully balanced flavors.",Soy,0,Vanilla,Whipped Cream,High,103,340,46,16.9,17.8,8.26,702.1,4.5,41895,Very High,Yes,Yes,Yes,Yes,No,No,Croissant,Afternoon,Nutty,Cold,UK
SB00904,White Mocha Cappuccino,Cappuccino,Venti,Cold,"A handcrafted White Mocha Cappuccino prepared with premium Starbucks-style coffee or tea, oat milk, toffee nut syrup and carefully balanced flavors.",Skim,4,Classic,None,High,27,222,0,16.4,22.3,7.11,604.35,4.6,4403,Low,Yes,No,Yes,No,No,Yes,Sandwich,Evening,Fruity,Cold,Global
SB00905,Classic Cappuccino,Cappuccino,Venti,Cold,"A handcrafted Classic Cappuccino prepared with premium Starbucks-style coffee or tea, whole milk, vanilla syrup and carefully balanced flavors.",Oat,4,Toffee Nut,None,High,149,131,35,19.2,26.1,5.56,472.6,4.9,39617,High,Yes,Yes,Yes,No,Yes,No,Blueberry Muffin,Afternoon,Bold,Cold,Global
SB00906,Java Chip Espresso,Espresso,Tall,Hot,"A handcrafted Java Chip Espresso prepared with premium Starbucks-style coffee or tea, soy milk, caramel syrup and carefully balanced flavors.",Coconut,1,Vanilla,Whipped Cream,Medium,206,54,21,2.8,16.0,3.83,325.55,4.5,20475,Medium,No,No,Yes,Yes,No,No,Sandwich,Morning,Fruity,Hot,India
SB00907,Classic Frappuccino,Frappuccino,Tall,Cold,"A handcrafted Classic Frappuccino prepared with premium Starbucks-style coffee or tea, coconut milk, caramel syrup and carefully balanced flavors.",Almond,1,Vanilla,Whipped Cream,High,80,345,68,8.8,7.9,3.35,284.75,4.2,35503,High,No,Yes,Yes,No,Yes,No,Croissant,Evening,Creamy,Cold,India
SB00908,Vanilla Mocha,Mocha,Grande,Hot,"A handcrafted Vanilla Mocha prepared with premium Starbucks-style coffee or tea, soy milk, caramel syrup and carefully balanced flavors.",Almond,1,Hazelnut,Chocolate Shavings,Low,25,622,46,3.4,19.0,4.1,348.5,4.9,7193,Low,Yes,No,Yes,Yes,Yes,No,Blueberry Muffin,Morning,Sweet,Hot,USA
SB00909,White Mocha Tea,Tea,Tall,Hot,"A handcrafted White Mocha Tea prepared with premium Starbucks-style coffee or tea, whole milk, classic syrup and carefully balanced flavors.",Whole,3,Classic,None,High,137,519,32,5.9,14.2,6.8,578.0,4.1,23542,Medium,Yes,Yes,Yes,No,Yes,Yes,Cookie,Afternoon,Sweet,Hot,Japan
SB00910,Chai Mocha,Mocha,Tall,Hot,"A handcrafted Chai Mocha prepared with premium Starbucks-style coffee or tea, soy milk, toffee nut syrup and carefully balanced flavors.",Almond,0,Toffee Nut,Chocolate Shavings,Medium,291,214,21,7.3,19.3,3.99,339.15,4.5,32683,High,No,No,Yes,Yes,No,No,Blueberry Muffin,Evening,Nutty,Hot,USA
SB00911,White Mocha Macchiato,Macchiato,Grande,Hot,"A handcrafted White Mocha Macchiato prepared with premium Starbucks-style coffee or tea, oat milk, hazelnut syrup and carefully balanced flavors.",Coconut,0,None,Whipped Cream,Medium,147,209,55,8.9,12.2,6.22,528.7,4.2,17156,Medium,Yes,No,Yes,Yes,Yes,No,Cheesecake,Evening,Creamy,Hot,USA
SB00912,Vanilla Cappuccino,Cappuccino,Venti,Cold,"A handcrafted Vanilla Cappuccino prepared with premium Starbucks-style coffee or tea, almond milk, vanilla syrup and carefully balanced flavors.",Oat,0,Toffee Nut,Caramel Drizzle,Low,99,195,33,2.5,17.9,8.12,690.2,4.1,27780,High,Yes,No,Yes,Yes,No,Yes,Cookie,Morning,Sweet,Cold,Canada
SB00913,Strawberry Cappuccino,Cappuccino,Tall,Hot,"A handcrafted Strawberry Cappuccino prepared with premium Starbucks-style coffee or tea, oat milk, none syrup and carefully balanced flavors.",Oat,0,None,Chocolate Shavings,High,58,48,4,15.7,13.9,2.81,238.85,4.6,8058,Low,No,Yes,Yes,No,Yes,No,Cookie,Afternoon,Nutty,Hot,Japan
SB00914,Mango Latte,Latte,Venti,Cold,"A handcrafted Mango Latte prepared with premium Starbucks-style coffee or tea, skim milk, caramel syrup and carefully balanced flavors.",Whole,4,Vanilla,Whipped Cream,Medium,23,312,0,15.4,13.8,5.88,499.8,4.6,27809,High,Yes,No,Yes,No,No,Yes,Sandwich,Afternoon,Sweet,Cold,India
SB00915,Matcha Frappuccino,Frappuccino,Venti,Cold,"A handcrafted Matcha Frappuccino prepared with premium Starbucks-style coffee or tea, soy milk, classic syrup and carefully balanced flavors.",Whole,4,Caramel,Whipped Cream,Medium,112,125,51,15.6,15.8,6.21,527.85,4.6,38126,High,Yes,No,Yes,No,Yes,Yes,Croissant,Evening,Sweet,Cold,Japan
SB00916,Matcha Cold Brew,Cold Brew,Tall,Cold,"A handcrafted Matcha Cold Brew prepared with premium Starbucks-style coffee or tea, soy milk, caramel syrup and carefully balanced flavors.",Skim,4,Caramel,Caramel Drizzle,Low,10,68,50,9.0,1.2,4.69,398.65,4.3,9341,Low,No,No,Yes,Yes,Yes,Yes,Blueberry Muffin,Morning,Creamy,Cold,Japan
SB00917,Java Chip Refresher,Refresher,Grande,Cold,"A handcrafted Java Chip Refresher prepared with premium Starbucks-style coffee or tea, soy milk, caramel syrup and carefully balanced flavors.",Oat,0,Caramel,Chocolate Shavings,Medium,245,206,64,7.6,20.3,3.69,313.65,3.6,5332,Low,No,No,Yes,No,Yes,No,Blueberry Muffin,Evening,Fruity,Cold,USA
SB00918,White Mocha Latte,Latte,Grande,Cold,"A handcrafted White Mocha Latte prepared with premium Starbucks-style coffee or tea, coconut milk, none syrup and carefully balanced flavors.",Soy,4,None,Chocolate Shavings,Medium,116,373,8,13.2,8.6,3.1,263.5,3.6,25947,High,No,Yes,Yes,No,No,No,Sandwich,Afternoon,Bold,Cold,Japan
SB00919,Caramel Flat White,Flat White,Venti,Cold,"A handcrafted Caramel Flat White prepared with premium Starbucks-style coffee or tea, almond milk, none syrup and carefully balanced flavors.",Skim,1,None,None,High,292,372,27,14.8,19.5,6.62,562.7,3.7,20763,Medium,Yes,No,Yes,Yes,No,Yes,Blueberry Muffin,Afternoon,Chocolatey,Cold,India
SB00920,Java Chip Frappuccino,Frappuccino,Venti,Cold,"A handcrafted Java Chip Frappuccino prepared with premium Starbucks-style coffee or tea, almond milk, caramel syrup and carefully balanced flavors.",Coconut,0,Classic,Caramel Drizzle,High,159,472,36,2.6,19.8,7.15,607.75,4.5,47373,Very High,No,Yes,Yes,No,No,No,Croissant,Afternoon,Bold,Cold,Canada
SB00921,Strawberry Flat White,Flat White,Tall,Cold,"A handcrafted Strawberry Flat White prepared with premium Starbucks-style coffee or tea, whole milk, classic syrup and carefully balanced flavors.",Skim,3,Caramel,Whipped Cream,Medium,121,638,0,0.4,9.3,8.04,683.4,4.7,31497,High,No,Yes,Yes,No,Yes,No,Sandwich,Afternoon,Bold,Cold,India
SB00922,Matcha Latte,Latte,Tall,Hot,"A handcrafted Matcha Latte prepared with premium Starbucks-style coffee or tea, whole milk, classic syrup and carefully balanced flavors.",Soy,0,Hazelnut,Chocolate Shavings,Medium,207,112,47,14.1,6.9,6.8,578.0,4.3,40554,Very High,Yes,Yes,Yes,Yes,Yes,Yes,Blueberry Muffin,Evening,Nutty,Hot,USA
SB00923,Matcha Tea,Tea,Grande,Hot,"A handcrafted Matcha Tea prepared with premium Starbucks-style coffee or tea, almond milk, toffee nut syrup and carefully balanced flavors.",Skim,3,Toffee Nut,Whipped Cream,Low,208,93,36,14.8,4.0,3.37,286.45,4.6,21484,Medium,Yes,No,Yes,No,Yes,No,Croissant,Morning,Creamy,Hot,Japan
SB00924,Hazelnut Frappuccino,Frappuccino,Tall,Cold,"A handcrafted Hazelnut Frappuccino prepared with premium Starbucks-style coffee or tea, whole milk, classic syrup and carefully balanced flavors.",Coconut,3,Hazelnut,Caramel Drizzle,High,213,422,4,19.2,15.2,4.44,377.4,3.8,38700,High,Yes,Yes,Yes,Yes,No,No,Sandwich,Afternoon,Nutty,Cold,Japan
SB00925,Hazelnut Mocha,Mocha,Grande,Cold,"A handcrafted Hazelnut Mocha prepared with premium Starbucks-style coffee or tea, skim milk, toffee nut syrup and carefully balanced flavors.",Coconut,3,Vanilla,Chocolate Shavings,Medium,253,254,41,17.9,18.9,3.14,266.9,4.4,27214,High,No,No,Yes,Yes,No,Yes,Cookie,Evening,Chocolatey,Cold,Japan
SB00926,Strawberry Tea,Tea,Tall,Cold,"A handcrafted Strawberry Tea prepared with premium Starbucks-style coffee or tea, soy milk, vanilla syrup and carefully balanced flavors.",Whole,2,Classic,Caramel Drizzle,High,197,326,36,13.8,25.5,3.59,305.15,3.7,2575,Low,No,No,Yes,Yes,No,Yes,Sandwich,Morning,Creamy,Cold,India
SB00927,Vanilla Frappuccino,Frappuccino,Tall,Cold,"A handcrafted Vanilla Frappuccino prepared with premium Starbucks-style coffee or tea, coconut milk, classic syrup and carefully balanced flavors.",Oat,1,Vanilla,Chocolate Shavings,Medium,50,221,16,19.9,10.2,2.58,219.3,4.6,33011,High,No,Yes,Yes,Yes,No,Yes,Blueberry Muffin,Evening,Nutty,Cold,USA
SB00928,Java Chip Latte,Latte,Tall,Hot,"A handcrafted Java Chip Latte prepared with premium Starbucks-style coffee or tea, oat milk, hazelnut syrup and carefully balanced flavors.",Almond,1,Toffee Nut,Chocolate Shavings,Medium,297,552,54,7.0,7.6,2.89,245.65,3.8,23569,Medium,No,No,Yes,No,Yes,No,Cookie,Morning,Creamy,Hot,Japan
SB00929,Classic Espresso,Espresso,Grande,Hot,"A handcrafted Classic Espresso prepared with premium Starbucks-style coffee or tea, almond milk, classic syrup and carefully balanced flavors.",Soy,2,Classic,Caramel Drizzle,Medium,200,132,35,3.9,24.7,4.34,368.9,4.6,26372,High,No,No,Yes,No,Yes,Yes,Sandwich,Morning,Fruity,Hot,Canada
SB00930,Caramel Latte,Latte,Grande,Cold,"A handcrafted Caramel Latte prepared with premium Starbucks-style coffee or tea, coconut milk, toffee nut syrup and carefully balanced flavors.",Coconut,4,Caramel,Chocolate Shavings,High,102,159,64,10.6,3.8,5.34,453.9,4.9,14204,Medium,No,Yes,Yes,No,Yes,No,Croissant,Afternoon,Fruity,Cold,UK
SB00931,White Mocha Tea,Tea,Venti,Hot,"A handcrafted White Mocha Tea prepared with premium Starbucks-style coffee or tea, oat milk, caramel syrup and carefully balanced flavors.",Whole,1,None,None,Medium,91,148,39,16.1,11.2,4.99,424.15,4.4,18599,Medium,Yes,Yes,Yes,No,No,No,Cookie,Evening,Bold,Hot,Global
SB00932,Mango Frappuccino,Frappuccino,Venti,Cold,"A handcrafted Mango Frappuccino prepared with premium Starbucks-style coffee or tea, oat milk, vanilla syrup and carefully balanced flavors.",Skim,2,Toffee Nut,Caramel Drizzle,High,76,221,46,7.5,2.6,4.09,347.65,3.9,7122,Low,Yes,No,Yes,Yes,Yes,No,Cookie,Evening,Creamy,Cold,Global
SB00933,Vanilla Tea,Tea,Venti,Hot,"A handcrafted Vanilla Tea prepared with premium Starbucks-style coffee or tea, soy milk, caramel syrup and carefully balanced flavors.",Whole,0,Caramel,Caramel Drizzle,High,5,39,18,15.1,11.2,7.83,665.55,3.9,25448,High,Yes,No,Yes,No,No,No,Croissant,Afternoon,Fruity,Hot,Global
SB00934,Mocha Cold Brew,Cold Brew,Venti,Cold,"A handcrafted Mocha Cold Brew prepared with premium Starbucks-style coffee or tea, skim milk, toffee nut syrup and carefully balanced flavors.",Skim,3,Classic,Whipped Cream,Low,260,130,33,13.6,20.5,7.54,640.9,4.9,21039,Medium,No,No,Yes,Yes,No,No,Cheesecake,Afternoon,Fruity,Cold,Japan
SB00935,Java Chip Latte,Latte,Grande,Cold,"A handcrafted Java Chip Latte prepared with premium Starbucks-style coffee or tea, almond milk, toffee nut syrup and carefully balanced flavors.",Soy,2,Toffee Nut,None,Low,42,339,50,17.7,15.7,4.47,379.95,4.5,47278,Very High,Yes,No,Yes,Yes,Yes,No,Croissant,Evening,Bold,Cold,UK
SB00936,Classic Flat White,Flat White,Venti,Cold,"A handcrafted Classic Flat White prepared with premium Starbucks-style coffee or tea, soy milk, hazelnut syrup and carefully balanced flavors.",Skim,3,Caramel,Chocolate Shavings,Medium,169,618,18,11.7,15.4,5.2,442.0,3.9,31736,High,No,No,Yes,Yes,Yes,Yes,Cookie,Morning,Fruity,Cold,Global
SB00937,Caramel Americano,Americano,Grande,Cold,"A handcrafted Caramel Americano prepared with premium Starbucks-style coffee or tea, soy milk, caramel syrup and carefully balanced flavors.",Oat,2,None,Whipped Cream,Medium,70,444,68,11.8,25.5,3.96,336.6,3.7,45799,Very High,No,No,Yes,No,Yes,No,Cheesecake,Evening,Nutty,Cold,Japan
SB00938,Caramel Frappuccino,Frappuccino,Grande,Cold,"A handcrafted Caramel Frappuccino prepared with premium Starbucks-style coffee or tea, coconut milk, none syrup and carefully balanced flavors.",Skim,2,Caramel,Whipped Cream,Low,145,506,15,16.3,29.3,8.12,690.2,3.6,44437,Very High,No,No,Yes,No,Yes,No,Sandwich,Evening,Bold,Cold,Canada
SB00939,Mocha Frappuccino,Frappuccino,Venti,Cold,"A handcrafted Mocha Frappuccino prepared with premium Starbucks-style coffee or tea, oat milk, none syrup and carefully balanced flavors.",Coconut,1,Toffee Nut,Chocolate Shavings,Medium,224,84,52,0.6,29.3,4.53,385.05,3.8,15431,Medium,Yes,No,Yes,Yes,No,Yes,Cookie,Morning,Creamy,Cold,UK
SB00940,Strawberry Macchiato,Macchiato,Tall,Hot,"A handcrafted Strawberry Macchiato prepared with premium Starbucks-style coffee or tea, almond milk, classic syrup and carefully balanced flavors.",Skim,2,Toffee Nut,Chocolate Shavings,High,238,307,6,17.7,19.1,4.0,340.0,3.8,9207,Low,Yes,Yes,Yes,No,No,No,Croissant,Evening,Chocolatey,Hot,USA
SB00941,Mocha Cold Brew,Cold Brew,Venti,Cold,"A handcrafted Mocha Cold Brew prepared with premium Starbucks-style coffee or tea, skim milk, toffee nut syrup and carefully balanced flavors.",Oat,3,None,Whipped Cream,High,65,420,31,13.5,7.6,7.01,595.85,3.9,44977,Very High,No,Yes,Yes,No,No,No,Cheesecake,Afternoon,Fruity,Cold,USA
SB00942,Hazelnut Americano,Americano,Tall,Hot,"A handcrafted Hazelnut Americano prepared with premium Starbucks-style coffee or tea, almond milk, caramel syrup and carefully balanced flavors.",Whole,3,Caramel,Chocolate Shavings,High,215,50,49,2.4,15.0,3.79,322.15,4.2,35797,High,No,Yes,Yes,Yes,Yes,No,Croissant,Afternoon,Fruity,Hot,USA
SB00943,Chai Flat White,Flat White,Tall,Cold,"A handcrafted Chai Flat White prepared with premium Starbucks-style coffee or tea, oat milk, none syrup and carefully balanced flavors.",Whole,4,Classic,Chocolate Shavings,Low,256,50,0,9.0,19.0,6.09,517.65,4.3,44618,Very High,No,Yes,Yes,Yes,Yes,No,Cheesecake,Afternoon,Fruity,Cold,Japan
SB00944,Strawberry Cappuccino,Cappuccino,Tall,Cold,"A handcrafted Strawberry Cappuccino prepared with premium Starbucks-style coffee or tea, skim milk, caramel syrup and carefully balanced flavors.",Oat,4,None,Chocolate Shavings,Low,264,473,19,12.2,13.2,4.4,374.0,4.9,39209,High,Yes,Yes,Yes,No,No,Yes,Cookie,Afternoon,Sweet,Cold,Global
SB00945,White Mocha Tea,Tea,Venti,Cold,"A handcrafted White Mocha Tea prepared with premium Starbucks-style coffee or tea, coconut milk, vanilla syrup and carefully balanced flavors.",Whole,2,None,Caramel Drizzle,Low,259,513,0,3.7,28.6,4.81,408.85,4.5,6030,Low,No,Yes,Yes,Yes,No,Yes,Croissant,Afternoon,Bold,Cold,Canada
SB00946,Mango Flat White,Flat White,Venti,Hot,"A handcrafted Mango Flat White prepared with premium Starbucks-style coffee or tea, soy milk, none syrup and carefully balanced flavors.",Coconut,4,None,Caramel Drizzle,High,256,253,11,19.7,10.9,3.17,269.45,4.2,21770,Medium,No,No,Yes,Yes,Yes,Yes,Sandwich,Evening,Bold,Hot,UK
SB00947,Chai Americano,Americano,Grande,Cold,"A handcrafted Chai Americano prepared with premium Starbucks-style coffee or tea, soy milk, none syrup and carefully balanced flavors.",Whole,4,Vanilla,Caramel Drizzle,Low,258,486,42,9.9,7.8,5.22,443.7,4.7,25180,High,Yes,Yes,Yes,No,Yes,No,Cookie,Morning,Sweet,Cold,India
SB00948,Java Chip Cold Brew,Cold Brew,Grande,Cold,"A handcrafted Java Chip Cold Brew prepared with premium Starbucks-style coffee or tea, oat milk, toffee nut syrup and carefully balanced flavors.",Skim,0,Toffee Nut,Chocolate Shavings,Medium,295,108,4,2.3,3.4,8.02,681.7,3.6,35104,High,No,Yes,Yes,No,Yes,No,Sandwich,Evening,Creamy,Cold,India
SB00949,White Mocha Latte,Latte,Grande,Cold,"A handcrafted White Mocha Latte prepared with premium Starbucks-style coffee or tea, skim milk, none syrup and carefully balanced flavors.",Coconut,1,Classic,None,Low,168,56,15,0.3,14.7,3.09,262.65,4.7,39681,High,Yes,Yes,Yes,No,Yes,No,Croissant,Morning,Nutty,Cold,USA
SB00950,Vanilla Macchiato,Macchiato,Grande,Cold,"A handcrafted Vanilla Macchiato prepared with premium Starbucks-style coffee or tea, soy milk, vanilla syrup and carefully balanced flavors.",Almond,1,Toffee Nut,None,Medium,77,495,53,5.5,4.8,2.6,221.0,4.4,31852,High,No,Yes,Yes,No,No,Yes,Croissant,Evening,Creamy,Cold,USA
SB00951,Classic Latte,Latte,Venti,Cold,"A handcrafted Classic Latte prepared with premium Starbucks-style coffee or tea, soy milk, toffee nut syrup and carefully balanced flavors.",Skim,1,Caramel,Caramel Drizzle,Medium,243,255,20,10.7,21.7,7.72,656.2,4.1,28983,High,Yes,Yes,Yes,Yes,No,No,Blueberry Muffin,Morning,Fruity,Cold,Japan
SB00952,Mocha Espresso,Espresso,Grande,Hot,"A handcrafted Mocha Espresso prepared with premium Starbucks-style coffee or tea, whole milk, vanilla syrup and carefully balanced flavors.",Oat,2,Vanilla,Whipped Cream,High,125,341,55,4.0,7.2,6.88,584.8,4.3,36781,High,No,No,Yes,Yes,No,Yes,Sandwich,Evening,Nutty,Hot,India
SB00953,Classic Flat White,Flat White,Tall,Cold,"A handcrafted Classic Flat White prepared with premium Starbucks-style coffee or tea, oat milk, hazelnut syrup and carefully balanced flavors.",Whole,2,Toffee Nut,None,High,88,298,17,18.6,25.7,4.73,402.05,4.7,30175,High,Yes,Yes,Yes,Yes,Yes,Yes,Cheesecake,Evening,Bold,Cold,USA
SB00954,Caramel Flat White,Flat White,Venti,Cold,"A handcrafted Caramel Flat White prepared with premium Starbucks-style coffee or tea, whole milk, classic syrup and carefully balanced flavors.",Coconut,2,Vanilla,Whipped Cream,High,225,622,36,2.8,16.3,7.85,667.25,4.8,45146,Very High,Yes,No,Yes,No,Yes,Yes,Cookie,Afternoon,Sweet,Cold,India
SB00955,Vanilla Latte,Latte,Grande,Cold,"A handcrafted Vanilla Latte prepared with premium Starbucks-style coffee or tea, almond milk, none syrup and carefully balanced flavors.",Skim,2,Classic,Chocolate Shavings,Medium,290,28,53,2.5,28.0,6.04,513.4,3.7,41680,Very High,Yes,Yes,Yes,No,Yes,Yes,Sandwich,Evening,Nutty,Cold,India
SB00956,Matcha Cappuccino,Cappuccino,Venti,Hot,"A handcrafted Matcha Cappuccino prepared with premium Starbucks-style coffee or tea, oat milk, none syrup and carefully balanced flavors.",Oat,1,None,Whipped Cream,High,184,349,66,0.1,19.6,4.78,406.3,4.0,5244,Low,No,Yes,Yes,Yes,Yes,Yes,Sandwich,Morning,Bold,Hot,UK
SB00957,Java Chip Refresher,Refresher,Venti,Cold,"A handcrafted Java Chip Refresher prepared with premium Starbucks-style coffee or tea, oat milk, vanilla syrup and carefully balanced flavors.",Whole,3,Toffee Nut,Chocolate Shavings,Medium,83,605,29,8.2,16.1,2.62,222.7,4.9,44449,Very High,No,No,Yes,Yes,No,Yes,Cheesecake,Evening,Chocolatey,Cold,USA
SB00958,Caramel Espresso,Espresso,Venti,Cold,"A handcrafted Caramel Espresso prepared with premium Starbucks-style coffee or tea, whole milk, none syrup and carefully balanced flavors.",Oat,3,Hazelnut,None,Medium,276,321,55,14.5,29.2,8.23,699.55,3.8,46172,Very High,No,No,Yes,Yes,No,No,Croissant,Evening,Fruity,Cold,India
SB00959,Hazelnut Tea,Tea,Tall,Hot,"A handcrafted Hazelnut Tea prepared with premium Starbucks-style coffee or tea, almond milk, vanilla syrup and carefully balanced flavors.",Skim,1,Hazelnut,None,Low,225,156,19,3.0,10.1,4.36,370.6,4.7,16028,Medium,No,Yes,Yes,Yes,Yes,No,Croissant,Afternoon,Nutty,Hot,Global
SB00960,Mango Latte,Latte,Venti,Cold,"A handcrafted Mango Latte prepared with premium Starbucks-style coffee or tea, oat milk, caramel syrup and carefully balanced flavors.",Almond,1,Classic,Whipped Cream,High,235,167,57,8.7,11.4,4.14,351.9,4.0,20891,Medium,Yes,Yes,Yes,Yes,Yes,No,Cookie,Afternoon,Chocolatey,Cold,USA
SB00961,Chai Americano,Americano,Tall,Hot,"A handcrafted Chai Americano prepared with premium Starbucks-style coffee or tea, coconut milk, vanilla syrup and carefully balanced flavors.",Soy,3,Caramel,Caramel Drizzle,High,248,143,48,9.7,24.0,7.67,651.95,4.2,9131,Low,Yes,No,Yes,Yes,Yes,No,Cookie,Evening,Chocolatey,Hot,Global
SB00962,White Mocha Macchiato,Macchiato,Grande,Cold,"A handcrafted White Mocha Macchiato prepared with premium Starbucks-style coffee or tea, oat milk, classic syrup and carefully balanced flavors.",Oat,1,None,None,High,299,155,29,7.8,29.3,6.03,512.55,3.8,5247,Low,Yes,No,Yes,No,Yes,Yes,Cheesecake,Evening,Fruity,Cold,Global
SB00963,Mocha Refresher,Refresher,Tall,Cold,"A handcrafted Mocha Refresher prepared with premium Starbucks-style coffee or tea, almond milk, toffee nut syrup and carefully balanced flavors.",Skim,3,Caramel,Chocolate Shavings,Low,16,127,1,10.0,21.2,5.77,490.45,4.2,45826,Very High,No,No,Yes,No,No,Yes,Blueberry Muffin,Afternoon,Sweet,Cold,UK
SB00964,Chai Latte,Latte,Tall,Cold,"A handcrafted Chai Latte prepared with premium Starbucks-style coffee or tea, coconut milk, toffee nut syrup and carefully balanced flavors.",Whole,1,Vanilla,Whipped Cream,Low,136,249,59,5.8,17.9,3.67,311.95,3.7,36093,High,No,Yes,Yes,Yes,No,No,Sandwich,Afternoon,Creamy,Cold,India
SB00965,Caramel Refresher,Refresher,Tall,Cold,"A handcrafted Caramel Refresher prepared with premium Starbucks-style coffee or tea, whole milk, caramel syrup and carefully balanced flavors.",Coconut,4,Toffee Nut,Caramel Drizzle,Medium,188,26,58,0.5,4.2,5.41,459.85,4.1,18757,Medium,Yes,No,Yes,No,No,Yes,Croissant,Evening,Nutty,Cold,India
SB00966,Java Chip Frappuccino,Frappuccino,Tall,Cold,"A handcrafted Java Chip Frappuccino prepared with premium Starbucks-style coffee or tea, oat milk, classic syrup and carefully balanced flavors.",Oat,4,Caramel,Chocolate Shavings,Low,260,504,29,9.1,6.4,6.85,582.25,3.7,45935,Very High,No,Yes,Yes,No,Yes,Yes,Cookie,Evening,Fruity,Cold,Japan
SB00967,Matcha Flat White,Flat White,Venti,Hot,"A handcrafted Matcha Flat White prepared with premium Starbucks-style coffee or tea, almond milk, caramel syrup and carefully balanced flavors.",Whole,3,Caramel,None,High,275,203,31,10.2,0.6,3.8,323.0,4.4,18077,Medium,Yes,Yes,Yes,No,Yes,No,Cheesecake,Morning,Fruity,Hot,Japan
SB00968,Matcha Latte,Latte,Tall,Cold,"A handcrafted Matcha Latte prepared with premium Starbucks-style coffee or tea, skim milk, toffee nut syrup and carefully balanced flavors.",Skim,2,Caramel,Whipped Cream,High,74,159,12,17.7,13.3,2.79,237.15,3.7,14848,Medium,Yes,Yes,Yes,Yes,No,Yes,Croissant,Afternoon,Chocolatey,Cold,UK
SB00969,Classic Mocha,Mocha,Grande,Hot,"A handcrafted Classic Mocha prepared with premium Starbucks-style coffee or tea, coconut milk, none syrup and carefully balanced flavors.",Skim,2,Caramel,None,Low,12,252,16,7.9,3.6,3.01,255.85,4.0,34308,High,Yes,Yes,Yes,No,No,Yes,Sandwich,Afternoon,Fruity,Hot,UK
SB00970,Caramel Flat White,Flat White,Grande,Cold,"A handcrafted Caramel Flat White prepared with premium Starbucks-style coffee or tea, whole milk, caramel syrup and carefully balanced flavors.",Whole,1,Classic,Whipped Cream,Medium,274,158,59,6.4,28.1,6.04,513.4,4.5,36515,High,Yes,No,Yes,Yes,Yes,Yes,Cheesecake,Afternoon,Bold,Cold,USA
SB00971,Mocha Tea,Tea,Venti,Hot,"A handcrafted Mocha Tea prepared with premium Starbucks-style coffee or tea, coconut milk, vanilla syrup and carefully balanced flavors.",Soy,4,None,None,High,86,533,40,16.7,1.4,7.67,651.95,3.6,46677,Very High,No,Yes,Yes,No,Yes,Yes,Cheesecake,Morning,Chocolatey,Hot,India
SB00972,White Mocha Cold Brew,Cold Brew,Grande,Cold,"A handcrafted White Mocha Cold Brew prepared with premium Starbucks-style coffee or tea, soy milk, toffee nut syrup and carefully balanced flavors.",Coconut,3,None,None,Medium,295,428,38,8.0,10.0,7.07,600.95,4.4,5730,Low,No,Yes,Yes,Yes,Yes,No,Cheesecake,Afternoon,Creamy,Cold,Global
SB00973,Strawberry Cappuccino,Cappuccino,Tall,Hot,"A handcrafted Strawberry Cappuccino prepared with premium Starbucks-style coffee or tea, coconut milk, toffee nut syrup and carefully balanced flavors.",Soy,3,Vanilla,Whipped Cream,Low,65,596,53,18.5,2.5,5.35,454.75,4.1,24524,Medium,No,No,Yes,No,No,Yes,Sandwich,Evening,Nutty,Hot,UK
SB00974,Caramel Mocha,Mocha,Tall,Cold,"A handcrafted Caramel Mocha prepared with premium Starbucks-style coffee or tea, skim milk, classic syrup and carefully balanced flavors.",Skim,0,Classic,None,High,169,199,48,19.0,14.5,3.87,328.95,4.2,27286,High,No,Yes,Yes,Yes,Yes,Yes,Cookie,Afternoon,Bold,Cold,Canada
SB00975,Matcha Cold Brew,Cold Brew,Venti,Cold,"A handcrafted Matcha Cold Brew prepared with premium Starbucks-style coffee or tea, coconut milk, classic syrup and carefully balanced flavors.",Almond,1,Classic,Whipped Cream,Medium,122,75,21,8.9,18.3,6.39,543.15,4.0,24543,Medium,Yes,Yes,Yes,Yes,Yes,Yes,Blueberry Muffin,Evening,Creamy,Cold,Japan
SB00976,Mocha Flat White,Flat White,Venti,Cold,"A handcrafted Mocha Flat White prepared with premium Starbucks-style coffee or tea, soy milk, none syrup and carefully balanced flavors.",Whole,1,Toffee Nut,Chocolate Shavings,Low,42,410,44,1.7,20.1,5.85,497.25,3.7,40800,Very High,Yes,No,Yes,Yes,Yes,Yes,Blueberry Muffin,Morning,Bold,Cold,UK
SB00977,Matcha Tea,Tea,Grande,Cold,"A handcrafted Matcha Tea prepared with premium Starbucks-style coffee or tea, whole milk, toffee nut syrup and carefully balanced flavors.",Almond,0,Toffee Nut,None,Low,158,519,8,6.9,28.8,5.94,504.9,4.2,25627,High,No,No,Yes,No,Yes,No,Sandwich,Evening,Fruity,Cold,Japan
SB00978,Strawberry Cold Brew,Cold Brew,Venti,Cold,"A handcrafted Strawberry Cold Brew prepared with premium Starbucks-style coffee or tea, almond milk, toffee nut syrup and carefully balanced flavors.",Soy,2,Toffee Nut,Caramel Drizzle,High,138,312,15,0.8,8.9,7.58,644.3,4.9,48653,Very High,Yes,Yes,Yes,Yes,Yes,Yes,Sandwich,Afternoon,Fruity,Cold,UK
SB00979,Caramel Flat White,Flat White,Grande,Hot,"A handcrafted Caramel Flat White prepared with premium Starbucks-style coffee or tea, skim milk, classic syrup and carefully balanced flavors.",Almond,3,Caramel,Caramel Drizzle,Medium,292,369,6,17.3,3.3,8.02,681.7,4.5,34891,High,No,Yes,Yes,Yes,No,No,Cookie,Morning,Fruity,Hot,UK
SB00980,Vanilla Mocha,Mocha,Venti,Hot,"A handcrafted Vanilla Mocha prepared with premium Starbucks-style coffee or tea, almond milk, hazelnut syrup and carefully balanced flavors.",Skim,2,Vanilla,None,Medium,39,486,10,19.4,28.8,5.87,498.95,4.0,4262,Low,Yes,Yes,Yes,Yes,Yes,No,Sandwich,Evening,Nutty,Hot,Global
SB00981,Mango Flat White,Flat White,Grande,Hot,"A handcrafted Mango Flat White prepared with premium Starbucks-style coffee or tea, skim milk, caramel syrup and carefully balanced flavors.",Skim,4,Vanilla,None,High,100,388,19,8.7,25.5,7.34,623.9,4.1,25868,High,No,No,Yes,Yes,No,Yes,Cookie,Afternoon,Creamy,Hot,Canada
SB00982,Mocha Tea,Tea,Grande,Cold,"A handcrafted Mocha Tea prepared with premium Starbucks-style coffee or tea, oat milk, caramel syrup and carefully balanced flavors.",Almond,4,Toffee Nut,Whipped Cream,High,84,588,25,8.3,3.6,3.29,279.65,4.8,39143,High,Yes,No,Yes,No,Yes,Yes,Croissant,Morning,Sweet,Cold,India
SB00983,White Mocha Cold Brew,Cold Brew,Tall,Cold,"A handcrafted White Mocha Cold Brew prepared with premium Starbucks-style coffee or tea, oat milk, toffee nut syrup and carefully balanced flavors.",Whole,1,Hazelnut,Caramel Drizzle,Low,184,272,54,9.8,13.4,5.65,480.25,4.4,2438,Low,Yes,Yes,Yes,No,No,No,Sandwich,Evening,Nutty,Cold,Global
SB00984,Classic Tea,Tea,Venti,Hot,"A handcrafted Classic Tea prepared with premium Starbucks-style coffee or tea, almond milk, toffee nut syrup and carefully balanced flavors.",Soy,4,Hazelnut,Caramel Drizzle,Low,204,507,51,15.2,21.9,4.8,408.0,4.2,18909,Medium,No,No,Yes,No,No,Yes,Croissant,Morning,Nutty,Hot,Canada
SB00985,Hazelnut Latte,Latte,Venti,Cold,"A handcrafted Hazelnut Latte prepared with premium Starbucks-style coffee or tea, skim milk, caramel syrup and carefully balanced flavors.",Oat,3,Classic,Caramel Drizzle,Low,15,503,32,1.7,9.0,6.04,513.4,3.5,41636,Very High,Yes,Yes,Yes,Yes,Yes,Yes,Cookie,Afternoon,Bold,Cold,Japan
SB00986,Hazelnut Americano,Americano,Grande,Hot,"A handcrafted Hazelnut Americano prepared with premium Starbucks-style coffee or tea, whole milk, toffee nut syrup and carefully balanced flavors.",Almond,1,Toffee Nut,Caramel Drizzle,Low,27,249,14,4.9,12.8,8.33,708.05,4.4,42602,Very High,Yes,Yes,Yes,No,No,Yes,Sandwich,Morning,Sweet,Hot,India
SB00987,Mango Cappuccino,Cappuccino,Tall,Hot,"A handcrafted Mango Cappuccino prepared with premium Starbucks-style coffee or tea, almond milk, hazelnut syrup and carefully balanced flavors.",Almond,4,Toffee Nut,Whipped Cream,High,270,301,32,10.8,22.7,5.36,455.6,3.9,13549,Medium,No,No,Yes,No,No,Yes,Sandwich,Afternoon,Creamy,Hot,USA
SB00988,Hazelnut Mocha,Mocha,Venti,Cold,"A handcrafted Hazelnut Mocha prepared with premium Starbucks-style coffee or tea, soy milk, classic syrup and carefully balanced flavors.",Skim,4,Classic,Whipped Cream,Medium,243,626,25,7.3,6.4,4.52,384.2,4.2,29504,High,No,Yes,Yes,No,Yes,No,Croissant,Afternoon,Bold,Cold,Global
SB00989,Caramel Tea,Tea,Venti,Cold,"A handcrafted Caramel Tea prepared with premium Starbucks-style coffee or tea, oat milk, classic syrup and carefully balanced flavors.",Coconut,3,Hazelnut,Chocolate Shavings,Medium,14,306,58,9.0,2.7,5.47,464.95,4.1,10347,Medium,Yes,Yes,Yes,Yes,Yes,Yes,Sandwich,Afternoon,Sweet,Cold,Global
SB00990,Caramel Macchiato,Macchiato,Grande,Cold,"A handcrafted Caramel Macchiato prepared with premium Starbucks-style coffee or tea, whole milk, caramel syrup and carefully balanced flavors.",Coconut,0,Classic,Chocolate Shavings,Medium,165,585,3,8.3,20.8,8.22,698.7,4.0,22343,Medium,No,Yes,Yes,No,Yes,No,Cookie,Morning,Nutty,Cold,UK
SB00991,White Mocha Refresher,Refresher,Venti,Cold,"A handcrafted White Mocha Refresher prepared with premium Starbucks-style coffee or tea, oat milk, vanilla syrup and carefully balanced flavors.",Coconut,2,Caramel,Chocolate Shavings,Low,94,573,38,16.2,1.3,6.14,521.9,4.8,16586,Medium,Yes,No,Yes,Yes,No,No,Sandwich,Evening,Fruity,Cold,UK
SB00992,Mocha Flat White,Flat White,Tall,Cold,"A handcrafted Mocha Flat White prepared with premium Starbucks-style coffee or tea, coconut milk, classic syrup and carefully balanced flavors.",Whole,4,Caramel,Caramel Drizzle,High,234,320,6,10.4,6.2,5.37,456.45,3.5,41855,Very High,Yes,Yes,Yes,No,No,Yes,Sandwich,Morning,Creamy,Cold,Japan
SB00993,Hazelnut Latte,Latte,Tall,Hot,"A handcrafted Hazelnut Latte prepared with premium Starbucks-style coffee or tea, coconut milk, classic syrup and carefully balanced flavors.",Skim,3,Caramel,Caramel Drizzle,Medium,49,468,37,4.7,13.7,3.27,277.95,4.7,33920,High,Yes,No,Yes,No,Yes,No,Cookie,Evening,Sweet,Hot,Global
SB00994,Classic Cappuccino,Cappuccino,Tall,Hot,"A handcrafted Classic Cappuccino prepared with premium Starbucks-style coffee or tea, skim milk, caramel syrup and carefully balanced flavors.",Skim,1,Vanilla,Chocolate Shavings,Medium,54,405,59,18.8,2.4,5.76,489.6,4.3,7336,Low,No,No,Yes,No,No,Yes,Blueberry Muffin,Afternoon,Creamy,Hot,India
SB00995,Hazelnut Espresso,Espresso,Tall,Cold,"A handcrafted Hazelnut Espresso prepared with premium Starbucks-style coffee or tea, almond milk, hazelnut syrup and carefully balanced flavors.",Soy,3,Caramel,Caramel Drizzle,Low,246,364,2,0.9,23.8,5.67,481.95,4.9,21853,Medium,Yes,No,Yes,Yes,Yes,No,Cookie,Evening,Fruity,Cold,Canada
SB00996,Chai Refresher,Refresher,Tall,Cold,"A handcrafted Chai Refresher prepared with premium Starbucks-style coffee or tea, skim milk, hazelnut syrup and carefully balanced flavors.",Soy,0,Classic,Whipped Cream,High,227,207,26,15.1,5.5,7.6,646.0,4.0,30568,High,Yes,Yes,Yes,Yes,Yes,Yes,Blueberry Muffin,Afternoon,Fruity,Cold,Global
SB00997,Hazelnut Cappuccino,Cappuccino,Grande,Hot,"A handcrafted Hazelnut Cappuccino prepared with premium Starbucks-style coffee or tea, almond milk, toffee nut syrup and carefully balanced flavors.",Skim,3,Vanilla,None,Low,249,57,30,19.9,29.6,6.96,591.6,4.8,41842,Very High,Yes,No,Yes,Yes,Yes,Yes,Sandwich,Evening,Creamy,Hot,Global
SB00998,White Mocha Latte,Latte,Grande,Hot,"A handcrafted White Mocha Latte prepared with premium Starbucks-style coffee or tea, oat milk, vanilla syrup and carefully balanced flavors.",Soy,4,None,None,Low,0,260,21,7.6,1.9,5.06,430.1,5.0,49250,Very High,No,Yes,Yes,No,Yes,Yes,Sandwich,Morning,Nutty,Hot,Japan
SB00999,Hazelnut Espresso,Espresso,Venti,Cold,"A handcrafted Hazelnut Espresso prepared with premium Starbucks-style coffee or tea, almond milk, toffee nut syrup and carefully balanced flavors.",Oat,4,Vanilla,None,Low,73,477,30,5.6,1.9,7.19,611.15,3.8,38801,High,Yes,Yes,Yes,No,No,Yes,Sandwich,Afternoon,Sweet,Cold,Japan
SB01000,Classic Mocha,Mocha,Tall,Hot,"A handcrafted Classic Mocha prepared with premium Starbucks-style coffee or tea, almond milk, caramel syrup and carefully balanced flavors.",Almond,4,Vanilla,None,Low,168,22,16,17.1,12.7,7.87,668.95,4.6,29547,High,No,No,Yes,Yes,Yes,No,Blueberry Muffin,Afternoon,Chocolatey,Hot,Global
SB01001,Matcha Flat White,Flat White,Tall,Hot,"A handcrafted Matcha Flat White prepared with premium Starbucks-style coffee or tea, whole milk, hazelnut syrup and carefully balanced flavors.",Almond,2,Vanilla,Whipped Cream,Low,45,577,38,11.4,5.2,3.53,300.05,4.8,33138,High,No,Yes,Yes,No,No,Yes,Croissant,Morning,Creamy,Hot,India
SB01002,Matcha Cold Brew,Cold Brew,Tall,Cold,"A handcrafted Matcha Cold Brew prepared with premium Starbucks-style coffee or tea, whole milk, none syrup and carefully balanced flavors.",Soy,0,Classic,Whipped Cream,Low,80,351,35,10.2,18.7,4.26,362.1,4.5,35110,High,Yes,Yes,Yes,No,Yes,No,Sandwich,Morning,Creamy,Cold,Japan
SB01003,Vanilla Espresso,Espresso,Venti,Cold,"A handcrafted Vanilla Espresso prepared with premium Starbucks-style coffee or tea, whole milk, toffee nut syrup and carefully balanced flavors.",Coconut,4,Caramel,None,Low,71,600,8,15.9,8.3,4.13,351.05,4.8,48730,Very High,Yes,No,Yes,No,No,Yes,Croissant,Afternoon,Bold,Cold,India
SB01004,Mango Refresher,Refresher,Venti,Cold,"A handcrafted Mango Refresher prepared with premium Starbucks-style coffee or tea, skim milk, caramel syrup and carefully balanced flavors.",Almond,2,Vanilla,None,Medium,149,133,44,19.8,24.9,2.76,234.6,4.1,27267,High,No,Yes,Yes,No,Yes,No,Sandwich,Evening,Bold,Cold,Japan
SB01005,Classic Flat White,Flat White,Tall,Cold,"A handcrafted Classic Flat White prepared with premium Starbucks-style coffee or tea, coconut milk, classic syrup and carefully balanced flavors.",Almond,4,None,Caramel Drizzle,Low,73,557,43,0.9,7.4,3.02,256.7,4.9,47934,Very High,Yes,No,Yes,Yes,Yes,No,Sandwich,Evening,Creamy,Cold,Japan
SB01006,Chai Refresher,Refresher,Tall,Cold,"A handcrafted Chai Refresher prepared with premium Starbucks-style coffee or tea, coconut milk, none syrup and carefully balanced flavors.",Whole,4,Toffee Nut,None,Low,3,334,28,14.6,21.3,5.79,492.15,4.2,32924,High,No,No,Yes,Yes,Yes,Yes,Cookie,Evening,Bold,Cold,Global
SB01007,Hazelnut Cold Brew,Cold Brew,Venti,Cold,"A handcrafted Hazelnut Cold Brew prepared with premium Starbucks-style coffee or tea, soy milk, none syrup and carefully balanced flavors.",Soy,0,Classic,None,Medium,32,418,9,2.2,24.7,8.0,680.0,3.8,4958,Low,No,Yes,Yes,No,Yes,Yes,Cheesecake,Afternoon,Chocolatey,Cold,Canada
SB01008,Classic Americano,Americano,Tall,Cold,"A handcrafted Classic Americano prepared with premium Starbucks-style coffee or tea, soy milk, classic syrup and carefully balanced flavors.",Whole,3,Hazelnut,Chocolate Shavings,High,84,141,22,10.6,0.8,6.07,515.95,4.1,5621,Low,No,No,Yes,Yes,Yes,Yes,Cheesecake,Evening,Bold,Cold,Japan
SB01009,Java Chip Latte,Latte,Venti,Cold,"A handcrafted Java Chip Latte prepared with premium Starbucks-style coffee or tea, coconut milk, vanilla syrup and carefully balanced flavors.",Soy,4,Classic,Whipped Cream,High,115,361,69,5.1,18.0,5.76,489.6,4.0,7305,Low,Yes,No,Yes,No,Yes,No,Cookie,Evening,Bold,Cold,Global
SB01010,Hazelnut Macchiato,Macchiato,Grande,Cold,"A handcrafted Hazelnut Macchiato prepared with premium Starbucks-style coffee or tea, whole milk, caramel syrup and carefully balanced flavors.",Whole,0,Classic,None,Medium,297,190,7,8.2,1.1,5.61,476.85,4.1,13736,Medium,Yes,Yes,Yes,No,No,Yes,Cheesecake,Afternoon,Nutty,Cold,India
SB01011,Strawberry Frappuccino,Frappuccino,Venti,Cold,"A handcrafted Strawberry Frappuccino prepared with premium Starbucks-style coffee or tea, coconut milk, hazelnut syrup and carefully balanced flavors.",Whole,0,None,Caramel Drizzle,Low,14,479,37,2.3,16.5,5.32,452.2,4.7,38152,High,No,No,Yes,No,No,Yes,Cookie,Afternoon,Nutty,Cold,USA
SB01012,Java Chip Tea,Tea,Grande,Cold,"A handcrafted Java Chip Tea prepared with premium Starbucks-style coffee or tea, coconut milk, toffee nut syrup and carefully balanced flavors.",Almond,4,None,None,Medium,169,25,46,12.6,28.6,6.16,523.6,4.3,19276,Medium,Yes,Yes,Yes,Yes,Yes,No,Cheesecake,Morning,Sweet,Cold,USA
SB01013,Java Chip Americano,Americano,Grande,Cold,"A handcrafted Java Chip Americano prepared with premium Starbucks-style coffee or tea, oat milk, vanilla syrup and carefully balanced flavors.",Soy,1,Hazelnut,Caramel Drizzle,Low,267,219,39,14.9,28.3,4.34,368.9,4.7,6067,Low,No,No,Yes,Yes,No,Yes,Cookie,Morning,Creamy,Cold,Japan
SB01014,Mango Macchiato,Macchiato,Tall,Cold,"A handcrafted Mango Macchiato prepared with premium Starbucks-style coffee or tea, almond milk, hazelnut syrup and carefully balanced flavors.",Almond,3,Caramel,Whipped Cream,High,64,603,69,15.9,8.9,5.73,487.05,4.8,5293,Low,No,Yes,Yes,No,Yes,No,Cheesecake,Afternoon,Chocolatey,Cold,UK
SB01015,Mango Tea,Tea,Tall,Cold,"A handcrafted Mango Tea prepared with premium Starbucks-style coffee or tea, whole milk, hazelnut syrup and carefully balanced flavors.",Skim,1,Classic,Chocolate Shavings,Low,29,165,13,17.3,26.4,5.89,500.65,4.5,46256,Very High,No,No,Yes,Yes,No,No,Sandwich,Afternoon,Fruity,Cold,USA
SB01016,Hazelnut Espresso,Espresso,Grande,Cold,"A handcrafted Hazelnut Espresso prepared with premium Starbucks-style coffee or tea, almond milk, caramel syrup and carefully balanced flavors.",Coconut,2,None,Whipped Cream,High,162,609,9,17.2,20.4,6.45,548.25,3.7,37431,High,No,Yes,Yes,No,Yes,No,Cookie,Evening,Chocolatey,Cold,India
SB01017,Caramel Mocha,Mocha,Grande,Cold,"A handcrafted Caramel Mocha prepared with premium Starbucks-style coffee or tea, skim milk, classic syrup and carefully balanced flavors.",Skim,2,None,None,Low,130,197,63,0.5,14.4,8.32,707.2,3.6,48581,Very High,No,No,Yes,No,No,Yes,Blueberry Muffin,Evening,Chocolatey,Cold,India
SB01018,Caramel Cappuccino,Cappuccino,Venti,Hot,"A handcrafted Caramel Cappuccino prepared with premium Starbucks-style coffee or tea, oat milk, none syrup and carefully balanced flavors.",Whole,4,None,Caramel Drizzle,Medium,118,46,30,0.9,8.2,3.53,300.05,4.0,7009,Low,Yes,Yes,Yes,Yes,No,No,Cheesecake,Morning,Bold,Hot,UK
SB01019,Mango Americano,Americano,Grande,Hot,"A handcrafted Mango Americano prepared with premium Starbucks-style coffee or tea, coconut milk, caramel syrup and carefully balanced flavors.",Oat,2,Classic,Whipped Cream,Low,28,262,44,2.8,1.7,3.49,296.65,4.5,11603,Medium,Yes,Yes,Yes,No,Yes,No,Cheesecake,Afternoon,Chocolatey,Hot,UK
SB01020,Matcha Frappuccino,Frappuccino,Venti,Cold,"A handcrafted Matcha Frappuccino prepared with premium Starbucks-style coffee or tea, skim milk, hazelnut syrup and carefully balanced flavors.",Coconut,1,Classic,Chocolate Shavings,Medium,67,164,21,19.1,7.9,6.07,515.95,4.4,23291,Medium,No,No,Yes,Yes,Yes,Yes,Croissant,Evening,Sweet,Cold,UK
SB01021,White Mocha Mocha,Mocha,Venti,Hot,"A handcrafted White Mocha Mocha prepared with premium Starbucks-style coffee or tea, coconut milk, toffee nut syrup and carefully balanced flavors.",Soy,1,Toffee Nut,Chocolate Shavings,Low,236,448,7,3.2,29.5,5.21,442.85,3.7,45469,Very High,No,No,Yes,Yes,No,No,Cookie,Afternoon,Chocolatey,Hot,Japan
SB01022,Strawberry Mocha,Mocha,Venti,Cold,"A handcrafted Strawberry Mocha prepared with premium Starbucks-style coffee or tea, almond milk, toffee nut syrup and carefully balanced flavors.",Soy,3,Caramel,Chocolate Shavings,Low,117,179,45,5.9,5.9,7.06,600.1,4.3,49514,Very High,No,No,Yes,Yes,No,No,Cookie,Morning,Sweet,Cold,USA
SB01023,Hazelnut Americano,Americano,Venti,Cold,"A handcrafted Hazelnut Americano prepared with premium Starbucks-style coffee or tea, coconut milk, classic syrup and carefully balanced flavors.",Oat,3,Caramel,Chocolate Shavings,Low,116,26,7,11.1,25.0,5.53,470.05,4.6,5555,Low,Yes,Yes,Yes,No,Yes,No,Cookie,Evening,Chocolatey,Cold,Global
SB01024,Vanilla Tea,Tea,Grande,Hot,"A handcrafted Vanilla Tea prepared with premium Starbucks-style coffee or tea, oat milk, none syrup and carefully balanced flavors.",Almond,1,None,None,High,174,222,6,7.6,28.2,3.26,277.1,3.6,14537,Medium,No,Yes,Yes,Yes,No,No,Cookie,Morning,Bold,Hot,Canada
SB01025,Hazelnut Mocha,Mocha,Grande,Hot,"A handcrafted Hazelnut Mocha prepared with premium Starbucks-style coffee or tea, skim milk, caramel syrup and carefully balanced flavors.",Soy,0,Classic,Whipped Cream,Low,77,254,61,1.2,29.4,5.69,483.65,5.0,43508,Very High,Yes,No,Yes,Yes,No,No,Cheesecake,Evening,Creamy,Hot,Canada
SB01026,Chai Mocha,Mocha,Grande,Hot,"A handcrafted Chai Mocha prepared with premium Starbucks-style coffee or tea, oat milk, none syrup and carefully balanced flavors.",Almond,3,Caramel,Caramel Drizzle,Low,55,613,22,10.6,12.0,4.01,340.85,5.0,48407,Very High,Yes,No,Yes,No,Yes,No,Sandwich,Morning,Nutty,Hot,Global
SB01027,Matcha Cappuccino,Cappuccino,Tall,Cold,"A handcrafted Matcha Cappuccino prepared with premium Starbucks-style coffee or tea, skim milk, toffee nut syrup and carefully balanced flavors.",Coconut,4,Classic,Chocolate Shavings,Low,136,181,29,13.0,26.3,7.03,597.55,3.6,22651,Medium,Yes,Yes,Yes,No,No,Yes,Cheesecake,Afternoon,Bold,Cold,USA
SB01028,Chai Espresso,Espresso,Grande,Hot,"A handcrafted Chai Espresso prepared with premium Starbucks-style coffee or tea, skim milk, caramel syrup and carefully balanced flavors.",Soy,4,Hazelnut,Whipped Cream,Low,184,167,1,16.0,16.5,7.07,600.95,4.2,16638,Medium,No,Yes,Yes,Yes,Yes,No,Croissant,Evening,Sweet,Hot,UK
SB01029,White Mocha Macchiato,Macchiato,Grande,Cold,"A handcrafted White Mocha Macchiato prepared with premium Starbucks-style coffee or tea, oat milk, classic syrup and carefully balanced flavors.",Soy,2,Classic,Whipped Cream,High,94,380,20,17.4,9.6,2.68,227.8,3.8,21940,Medium,Yes,No,Yes,Yes,No,Yes,Blueberry Muffin,Morning,Sweet,Cold,Canada
SB01030,Classic Mocha,Mocha,Venti,Hot,"A handcrafted Classic Mocha prepared with premium Starbucks-style coffee or tea, coconut milk, classic syrup and carefully balanced flavors.",Oat,4,Classic,None,Low,83,597,47,17.2,28.6,4.7,399.5,4.8,40725,Very High,Yes,No,Yes,Yes,No,Yes,Blueberry Muffin,Evening,Chocolatey,Hot,UK
SB01031,Caramel Mocha,Mocha,Tall,Hot,"A handcrafted Caramel Mocha prepared with premium Starbucks-style coffee or tea, whole milk, hazelnut syrup and carefully balanced flavors.",Skim,1,Classic,Chocolate Shavings,High,277,548,3,12.6,4.3,7.29,619.65,4.0,21394,Medium,No,Yes,Yes,No,No,Yes,Croissant,Evening,Chocolatey,Hot,UK
SB01032,Chai Macchiato,Macchiato,Venti,Cold,"A handcrafted Chai Macchiato prepared with premium Starbucks-style coffee or tea, coconut milk, caramel syrup and carefully balanced flavors.",Skim,1,Caramel,Whipped Cream,High,152,489,62,11.5,21.5,6.73,572.05,4.6,23678,Medium,No,No,Yes,Yes,Yes,Yes,Sandwich,Afternoon,Fruity,Cold,Japan
SB01033,Strawberry Cold Brew,Cold Brew,Venti,Cold,"A handcrafted Strawberry Cold Brew prepared with premium Starbucks-style coffee or tea, oat milk, none syrup and carefully balanced flavors.",Skim,3,None,None,Low,109,505,70,16.4,5.0,5.68,482.8,4.4,32933,High,No,Yes,Yes,No,No,No,Sandwich,Evening,Creamy,Cold,Global
SB01034,Classic Americano,Americano,Tall,Cold,"A handcrafted Classic Americano prepared with premium Starbucks-style coffee or tea, oat milk, caramel syrup and carefully balanced flavors.",Skim,3,Toffee Nut,Chocolate Shavings,Low,281,21,70,11.7,7.3,3.13,266.05,4.9,19750,Medium,No,Yes,Yes,No,No,No,Cheesecake,Evening,Bold,Cold,India
SB01035,Chai Americano,Americano,Tall,Hot,"A handcrafted Chai Americano prepared with premium Starbucks-style coffee or tea, whole milk, none syrup and carefully balanced flavors.",Skim,4,Vanilla,Chocolate Shavings,Medium,12,564,12,1.4,8.0,6.33,538.05,4.0,19624,Medium,No,No,Yes,Yes,No,Yes,Blueberry Muffin,Evening,Creamy,Hot,Japan
SB01036,Matcha Refresher,Refresher,Tall,Cold,"A handcrafted Matcha Refresher prepared with premium Starbucks-style coffee or tea, almond milk, classic syrup and carefully balanced flavors.",Skim,0,Classic,Whipped Cream,High,138,479,1,18.5,21.3,7.58,644.3,5.0,18784,Medium,No,No,Yes,Yes,No,Yes,Blueberry Muffin,Morning,Nutty,Cold,USA
SB01037,Mocha Americano,Americano,Venti,Cold,"A handcrafted Mocha Americano prepared with premium Starbucks-style coffee or tea, soy milk, caramel syrup and carefully balanced flavors.",Skim,1,Vanilla,Chocolate Shavings,Low,225,432,49,18.7,13.0,4.38,372.3,3.7,23069,Medium,Yes,Yes,Yes,Yes,Yes,Yes,Sandwich,Evening,Chocolatey,Cold,Japan
SB01038,Vanilla Latte,Latte,Venti,Hot,"A handcrafted Vanilla Latte prepared with premium Starbucks-style coffee or tea, almond milk, toffee nut syrup and carefully balanced flavors.",Skim,1,None,Whipped Cream,Medium,132,548,59,11.4,3.1,7.27,617.95,4.6,10560,Medium,Yes,No,Yes,Yes,Yes,No,Blueberry Muffin,Evening,Nutty,Hot,Japan
SB01039,Strawberry Flat White,Flat White,Tall,Hot,"A handcrafted Strawberry Flat White prepared with premium Starbucks-style coffee or tea, skim milk, hazelnut syrup and carefully balanced flavors.",Almond,1,Toffee Nut,Chocolate Shavings,High,188,86,69,7.2,29.8,7.79,662.15,4.7,25492,High,Yes,No,Yes,Yes,No,No,Blueberry Muffin,Evening,Creamy,Hot,USA
SB01040,Mango Cold Brew,Cold Brew,Tall,Cold,"A handcrafted Mango Cold Brew prepared with premium Starbucks-style coffee or tea, whole milk, toffee nut syrup and carefully balanced flavors.",Oat,4,Toffee Nut,Chocolate Shavings,Low,92,25,23,7.0,28.4,6.54,555.9,3.8,49561,Very High,Yes,No,Yes,Yes,No,Yes,Cheesecake,Morning,Fruity,Cold,Canada
SB01041,Caramel Cappuccino,Cappuccino,Grande,Hot,"A handcrafted Caramel Cappuccino prepared with premium Starbucks-style coffee or tea, coconut milk, classic syrup and carefully balanced flavors.",Whole,1,Caramel,Chocolate Shavings,Low,162,381,11,16.4,21.5,2.96,251.6,3.7,33287,High,No,No,Yes,Yes,No,Yes,Blueberry Muffin,Morning,Creamy,Hot,Japan
SB01042,Vanilla Latte,Latte,Venti,Cold,"A handcrafted Vanilla Latte prepared with premium Starbucks-style coffee or tea, coconut milk, classic syrup and carefully balanced flavors.",Whole,1,Hazelnut,None,High,138,90,18,1.4,17.6,4.09,347.65,4.5,28593,High,No,No,Yes,No,Yes,No,Cookie,Afternoon,Fruity,Cold,Global
SB01043,Matcha Latte,Latte,Venti,Hot,"A handcrafted Matcha Latte prepared with premium Starbucks-style coffee or tea, soy milk, classic syrup and carefully balanced flavors.",Skim,3,Vanilla,Caramel Drizzle,Medium,198,215,41,13.7,13.2,2.7,229.5,3.5,40656,Very High,No,Yes,Yes,Yes,No,No,Croissant,Morning,Bold,Hot,India
SB01044,Chai Cappuccino,Cappuccino,Grande,Hot,"A handcrafted Chai Cappuccino prepared with premium Starbucks-style coffee or tea, whole milk, vanilla syrup and carefully balanced flavors.",Whole,2,Toffee Nut,None,High,13,38,35,14.5,9.4,6.99,594.15,4.7,4709,Low,Yes,Yes,Yes,Yes,No,Yes,Croissant,Evening,Creamy,Hot,Japan
SB01045,Caramel Cappuccino,Cappuccino,Venti,Hot,"A handcrafted Caramel Cappuccino prepared with premium Starbucks-style coffee or tea, skim milk, caramel syrup and carefully balanced flavors.",Whole,1,Toffee Nut,Whipped Cream,Low,238,46,4,12.2,12.7,6.28,533.8,4.5,43162,Very High,Yes,Yes,Yes,Yes,Yes,No,Blueberry Muffin,Evening,Sweet,Hot,UK
SB01046,Chai Americano,Americano,Venti,Hot,"A handcrafted Chai Americano prepared with premium Starbucks-style coffee or tea, whole milk, hazelnut syrup and carefully balanced flavors.",Skim,2,None,Chocolate Shavings,Low,70,574,1,9.5,26.1,6.9,586.5,4.6,15468,Medium,No,Yes,Yes,No,No,Yes,Cookie,Afternoon,Nutty,Hot,Japan
SB01047,Caramel Flat White,Flat White,Venti,Cold,"A handcrafted Caramel Flat White prepared with premium Starbucks-style coffee or tea, skim milk, hazelnut syrup and carefully balanced flavors.",Skim,4,Caramel,None,High,44,126,28,6.9,25.0,3.26,277.1,4.8,44879,Very High,Yes,No,Yes,Yes,No,No,Cookie,Evening,Bold,Cold,Canada
SB01048,Caramel Cold Brew,Cold Brew,Tall,Cold,"A handcrafted Caramel Cold Brew prepared with premium Starbucks-style coffee or tea, almond milk, hazelnut syrup and carefully balanced flavors.",Skim,0,Vanilla,Whipped Cream,Low,229,597,69,13.9,27.4,3.56,302.6,4.4,18021,Medium,No,Yes,Yes,Yes,No,Yes,Blueberry Muffin,Afternoon,Bold,Cold,Global
SB01049,Vanilla Refresher,Refresher,Grande,Cold,"A handcrafted Vanilla Refresher prepared with premium Starbucks-style coffee or tea, whole milk, none syrup and carefully balanced flavors.",Coconut,4,Caramel,Whipped Cream,High,97,252,38,7.2,26.4,6.51,553.35,4.9,29103,High,Yes,Yes,Yes,Yes,No,No,Croissant,Morning,Bold,Cold,India
SB01050,Java Chip Latte,Latte,Venti,Hot,"A handcrafted Java Chip Latte prepared with premium Starbucks-style coffee or tea, skim milk, vanilla syrup and carefully balanced flavors.",Whole,2,Vanilla,None,High,65,385,4,3.2,7.3,4.28,363.8,4.1,9489,Low,No,Yes,Yes,No,No,No,Croissant,Afternoon,Fruity,Hot,Canada
SB01051,White Mocha Latte,Latte,Grande,Hot,"A handcrafted White Mocha Latte prepared with premium Starbucks-style coffee or tea, almond milk, toffee nut syrup and carefully balanced flavors.",Whole,0,Hazelnut,Whipped Cream,Medium,180,473,2,2.7,24.1,5.39,458.15,4.0,9171,Low,No,Yes,Yes,No,No,Yes,Croissant,Morning,Nutty,Hot,Canada
SB01052,Caramel Cappuccino,Cappuccino,Tall,Hot,"A handcrafted Caramel Cappuccino prepared with premium Starbucks-style coffee or tea, whole milk, vanilla syrup and carefully balanced flavors.",Coconut,3,Caramel,Whipped Cream,Low,85,37,56,5.8,5.8,7.46,634.1,4.2,23430,Medium,Yes,No,Yes,No,No,Yes,Cookie,Morning,Nutty,Hot,UK
SB01053,Vanilla Flat White,Flat White,Grande,Cold,"A handcrafted Vanilla Flat White prepared with premium Starbucks-style coffee or tea, soy milk, caramel syrup and carefully balanced flavors.",Soy,4,Caramel,Caramel Drizzle,Low,229,353,59,12.8,15.8,6.99,594.15,4.7,32856,High,Yes,Yes,Yes,No,No,Yes,Blueberry Muffin,Evening,Sweet,Cold,Japan
SB01054,White Mocha Americano,Americano,Grande,Cold,"A handcrafted White Mocha Americano prepared with premium Starbucks-style coffee or tea, almond milk, classic syrup and carefully balanced flavors.",Skim,0,Toffee Nut,None,Medium,11,611,65,0.6,17.2,3.34,283.9,4.5,26100,High,Yes,No,Yes,Yes,Yes,No,Cheesecake,Evening,Chocolatey,Cold,India
SB01055,White Mocha Cappuccino,Cappuccino,Venti,Hot,"A handcrafted White Mocha Cappuccino prepared with premium Starbucks-style coffee or tea, coconut milk, hazelnut syrup and carefully balanced flavors.",Coconut,4,None,Chocolate Shavings,Medium,34,41,36,2.7,16.0,6.49,551.65,4.2,12263,Medium,Yes,Yes,Yes,No,Yes,No,Croissant,Morning,Creamy,Hot,India
SB01056,Matcha Cold Brew,Cold Brew,Tall,Cold,"A handcrafted Matcha Cold Brew prepared with premium Starbucks-style coffee or tea, coconut milk, none syrup and carefully balanced flavors.",Oat,2,Toffee Nut,Whipped Cream,Low,250,610,64,5.5,6.3,5.43,461.55,4.3,25447,High,Yes,No,Yes,No,No,No,Sandwich,Afternoon,Fruity,Cold,Global
SB01057,Matcha Tea,Tea,Tall,Hot,"A handcrafted Matcha Tea prepared with premium Starbucks-style coffee or tea, soy milk, caramel syrup and carefully balanced flavors.",Whole,0,None,Caramel Drizzle,Medium,135,384,47,16.8,21.7,6.55,556.75,3.7,4003,Low,Yes,No,Yes,No,Yes,Yes,Blueberry Muffin,Evening,Fruity,Hot,Global
SB01058,Mocha Mocha,Mocha,Venti,Cold,"A handcrafted Mocha Mocha prepared with premium Starbucks-style coffee or tea, skim milk, none syrup and carefully balanced flavors.",Coconut,2,Vanilla,None,Low,3,353,43,17.9,8.3,7.27,617.95,4.6,3081,Low,No,No,Yes,No,No,Yes,Cheesecake,Afternoon,Bold,Cold,India
SB01059,Mango Refresher,Refresher,Grande,Cold,"A handcrafted Mango Refresher prepared with premium Starbucks-style coffee or tea, skim milk, hazelnut syrup and carefully balanced flavors.",Oat,0,Hazelnut,Chocolate Shavings,Medium,151,289,23,6.0,4.4,7.78,661.3,4.9,19590,Medium,No,No,Yes,Yes,No,Yes,Cookie,Evening,Nutty,Cold,Canada
SB01060,Vanilla Macchiato,Macchiato,Grande,Hot,"A handcrafted Vanilla Macchiato prepared with premium Starbucks-style coffee or tea, whole milk, none syrup and carefully balanced flavors.",Skim,0,Caramel,Chocolate Shavings,Low,274,42,29,16.1,28.0,7.68,652.8,4.3,3948,Low,No,No,Yes,No,Yes,No,Cookie,Evening,Creamy,Hot,Global
SB01061,Hazelnut Americano,Americano,Grande,Cold,"A handcrafted Hazelnut Americano prepared with premium Starbucks-style coffee or tea, skim milk, hazelnut syrup and carefully balanced flavors.",Coconut,1,Caramel,Whipped Cream,Low,62,519,52,13.0,19.7,2.92,248.2,4.7,16716,Medium,Yes,Yes,Yes,No,No,Yes,Blueberry Muffin,Evening,Bold,Cold,Canada
SB01062,Classic Cold Brew,Cold Brew,Venti,Cold,"A handcrafted Classic Cold Brew prepared with premium Starbucks-style coffee or tea, coconut milk, classic syrup and carefully balanced flavors.",Soy,1,Caramel,Whipped Cream,Medium,94,451,41,7.2,13.5,5.32,452.2,3.6,2703,Low,No,No,Yes,No,No,Yes,Blueberry Muffin,Afternoon,Nutty,Cold,India
SB01063,Hazelnut Cappuccino,Cappuccino,Grande,Cold,"A handcrafted Hazelnut Cappuccino prepared with premium Starbucks-style coffee or tea, oat milk, none syrup and carefully balanced flavors.",Whole,3,Toffee Nut,Whipped Cream,Low,101,509,0,12.4,29.1,4.24,360.4,3.9,24978,Medium,No,Yes,Yes,Yes,Yes,No,Blueberry Muffin,Evening,Bold,Cold,Canada
SB01064,Hazelnut Flat White,Flat White,Grande,Cold,"A handcrafted Hazelnut Flat White prepared with premium Starbucks-style coffee or tea, oat milk, toffee nut syrup and carefully balanced flavors.",Almond,1,Vanilla,Chocolate Shavings,High,44,27,4,2.9,5.1,3.51,298.35,4.3,44723,Very High,Yes,No,Yes,Yes,No,No,Croissant,Morning,Fruity,Cold,Global
SB01065,Hazelnut Americano,Americano,Grande,Cold,"A handcrafted Hazelnut Americano prepared with premium Starbucks-style coffee or tea, skim milk, toffee nut syrup and carefully balanced flavors.",Oat,1,Toffee Nut,Chocolate Shavings,High,78,269,37,8.0,5.7,5.42,460.7,4.1,16806,Medium,No,No,Yes,No,Yes,Yes,Cheesecake,Afternoon,Creamy,Cold,India
SB01066,Mango Cold Brew,Cold Brew,Grande,Cold,"A handcrafted Mango Cold Brew prepared with premium Starbucks-style coffee or tea, oat milk, none syrup and carefully balanced flavors.",Skim,1,Caramel,Caramel Drizzle,Medium,30,112,11,12.8,9.0,4.59,390.15,3.6,32204,High,No,Yes,Yes,No,Yes,Yes,Croissant,Evening,Creamy,Cold,Global
SB01067,Mango Espresso,Espresso,Venti,Hot,"A handcrafted Mango Espresso prepared with premium Starbucks-style coffee or tea, whole milk, classic syrup and carefully balanced flavors.",Coconut,1,Vanilla,Whipped Cream,High,249,453,40,19.9,14.5,7.48,635.8,4.7,15352,Medium,Yes,Yes,Yes,Yes,Yes,No,Cheesecake,Afternoon,Creamy,Hot,Japan
SB01068,Chai Refresher,Refresher,Venti,Cold,"A handcrafted Chai Refresher prepared with premium Starbucks-style coffee or tea, whole milk, hazelnut syrup and carefully balanced flavors.",Almond,1,Hazelnut,Caramel Drizzle,High,18,131,24,8.2,15.7,2.87,243.95,3.8,40632,Very High,No,Yes,Yes,No,Yes,No,Blueberry Muffin,Morning,Bold,Cold,Japan
SB01069,Hazelnut Mocha,Mocha,Tall,Hot,"A handcrafted Hazelnut Mocha prepared with premium Starbucks-style coffee or tea, skim milk, toffee nut syrup and carefully balanced flavors.",Almond,1,Caramel,None,Low,159,310,41,15.8,12.6,4.6,391.0,4.3,12484,Medium,No,Yes,Yes,Yes,No,No,Croissant,Afternoon,Creamy,Hot,Canada
SB01070,Matcha Macchiato,Macchiato,Grande,Cold,"A handcrafted Matcha Macchiato prepared with premium Starbucks-style coffee or tea, coconut milk, none syrup and carefully balanced flavors.",Coconut,4,Toffee Nut,Chocolate Shavings,Low,64,568,62,19.9,17.7,5.19,441.15,4.4,3168,Low,No,Yes,Yes,Yes,Yes,No,Blueberry Muffin,Afternoon,Bold,Cold,UK
SB01071,Caramel Tea,Tea,Venti,Cold,"A handcrafted Caramel Tea prepared with premium Starbucks-style coffee or tea, oat milk, toffee nut syrup and carefully balanced flavors.",Oat,0,Classic,Whipped Cream,Medium,156,277,52,11.7,12.2,5.72,486.2,4.0,36993,High,No,Yes,Yes,No,No,Yes,Sandwich,Afternoon,Nutty,Cold,UK
SB01072,Mango Flat White,Flat White,Venti,Hot,"A handcrafted Mango Flat White prepared with premium Starbucks-style coffee or tea, skim milk, vanilla syrup and carefully balanced flavors.",Coconut,4,Classic,Caramel Drizzle,High,192,572,6,6.0,20.9,7.34,623.9,4.3,3508,Low,No,Yes,Yes,No,Yes,Yes,Sandwich,Evening,Chocolatey,Hot,Canada
SB01073,Caramel Tea,Tea,Venti,Hot,"A handcrafted Caramel Tea prepared with premium Starbucks-style coffee or tea, coconut milk, hazelnut syrup and carefully balanced flavors.",Coconut,4,Hazelnut,Caramel Drizzle,High,54,648,12,9.3,15.6,2.5,212.5,4.4,49773,Very High,Yes,No,Yes,No,No,No,Blueberry Muffin,Evening,Bold,Hot,India
SB01074,Mocha Cold Brew,Cold Brew,Venti,Cold,"A handcrafted Mocha Cold Brew prepared with premium Starbucks-style coffee or tea, coconut milk, none syrup and carefully balanced flavors.",Soy,0,Caramel,Chocolate Shavings,Medium,192,41,45,4.7,29.6,4.7,399.5,4.5,12201,Medium,Yes,No,Yes,Yes,No,No,Cheesecake,Morning,Fruity,Cold,Global
SB01075,Matcha Frappuccino,Frappuccino,Tall,Cold,"A handcrafted Matcha Frappuccino prepared with premium Starbucks-style coffee or tea, skim milk, caramel syrup and carefully balanced flavors.",Whole,2,Hazelnut,None,High,273,133,29,18.5,15.9,8.44,717.4,5.0,21803,Medium,Yes,No,Yes,No,Yes,No,Croissant,Morning,Sweet,Cold,Japan
SB01076,Caramel Tea,Tea,Venti,Cold,"A handcrafted Caramel Tea prepared with premium Starbucks-style coffee or tea, soy milk, classic syrup and carefully balanced flavors.",Soy,0,None,None,Medium,268,413,68,18.3,26.5,5.51,468.35,3.7,18551,Medium,Yes,Yes,Yes,No,No,No,Sandwich,Afternoon,Creamy,Cold,Canada
SB01077,Classic Tea,Tea,Tall,Cold,"A handcrafted Classic Tea prepared with premium Starbucks-style coffee or tea, almond milk, caramel syrup and carefully balanced flavors.",Skim,4,Classic,Caramel Drizzle,High,48,407,52,0.4,28.5,2.86,243.1,4.5,33062,High,No,Yes,Yes,Yes,Yes,Yes,Cheesecake,Morning,Bold,Cold,Canada
SB01078,White Mocha Latte,Latte,Tall,Hot,"A handcrafted White Mocha Latte prepared with premium Starbucks-style coffee or tea, soy milk, vanilla syrup and carefully balanced flavors.",Almond,4,Vanilla,Caramel Drizzle,High,221,443,65,9.0,17.1,8.14,691.9,4.7,18895,Medium,Yes,Yes,Yes,No,No,No,Cheesecake,Afternoon,Chocolatey,Hot,Japan
SB01079,Classic Frappuccino,Frappuccino,Grande,Cold,"A handcrafted Classic Frappuccino prepared with premium Starbucks-style coffee or tea, almond milk, classic syrup and carefully balanced flavors.",Oat,4,Hazelnut,Whipped Cream,Low,24,461,54,17.8,7.2,7.07,600.95,4.7,42975,Very High,Yes,Yes,Yes,No,No,Yes,Blueberry Muffin,Morning,Creamy,Cold,Canada
SB01080,Mocha Latte,Latte,Grande,Hot,"A handcrafted Mocha Latte prepared with premium Starbucks-style coffee or tea, soy milk, hazelnut syrup and carefully balanced flavors.",Soy,4,Vanilla,Chocolate Shavings,Medium,97,236,20,18.5,26.5,5.54,470.9,4.0,36306,High,No,No,Yes,Yes,No,Yes,Croissant,Afternoon,Bold,Hot,Canada
SB01081,Chai Espresso,Espresso,Tall,Cold,"A handcrafted Chai Espresso prepared with premium Starbucks-style coffee or tea, oat milk, toffee nut syrup and carefully balanced flavors.",Coconut,4,Vanilla,Caramel Drizzle,High,142,560,19,17.6,17.4,3.4,289.0,4.4,44140,Very High,Yes,Yes,Yes,No,Yes,No,Cookie,Afternoon,Sweet,Cold,USA
SB01082,Strawberry Macchiato,Macchiato,Tall,Cold,"A handcrafted Strawberry Macchiato prepared with premium Starbucks-style coffee or tea, soy milk, hazelnut syrup and carefully balanced flavors.",Whole,0,Toffee Nut,Caramel Drizzle,Low,17,197,31,10.8,8.3,6.93,589.05,4.2,15682,Medium,Yes,Yes,Yes,Yes,No,No,Cheesecake,Morning,Creamy,Cold,USA
SB01083,Matcha Flat White,Flat White,Grande,Hot,"A handcrafted Matcha Flat White prepared with premium Starbucks-style coffee or tea, soy milk, caramel syrup and carefully balanced flavors.",Coconut,3,Vanilla,None,Medium,66,153,37,19.4,18.9,3.81,323.85,3.8,7180,Low,No,No,Yes,No,Yes,No,Cheesecake,Morning,Fruity,Hot,UK
SB01084,Caramel Macchiato,Macchiato,Grande,Cold,"A handcrafted Caramel Macchiato prepared with premium Starbucks-style coffee or tea, coconut milk, toffee nut syrup and carefully balanced flavors.",Oat,1,Vanilla,None,Low,36,88,21,19.0,22.0,7.08,601.8,3.9,23478,Medium,Yes,Yes,Yes,No,No,No,Sandwich,Evening,Nutty,Cold,Canada
SB01085,Matcha Macchiato,Macchiato,Venti,Hot,"A handcrafted Matcha Macchiato prepared with premium Starbucks-style coffee or tea, almond milk, classic syrup and carefully balanced flavors.",Coconut,2,None,Whipped Cream,High,169,499,37,11.1,7.7,2.97,252.45,4.6,45538,Very High,Yes,No,Yes,No,No,No,Croissant,Afternoon,Chocolatey,Hot,India
SB01086,Matcha Americano,Americano,Grande,Cold,"A handcrafted Matcha Americano prepared with premium Starbucks-style coffee or tea, skim milk, hazelnut syrup and carefully balanced flavors.",Skim,1,Caramel,Whipped Cream,Low,159,602,39,12.9,12.2,6.04,513.4,4.3,45766,Very High,No,Yes,Yes,Yes,No,No,Sandwich,Evening,Fruity,Cold,USA
SB01087,Mocha Cappuccino,Cappuccino,Grande,Cold,"A handcrafted Mocha Cappuccino prepared with premium Starbucks-style coffee or tea, almond milk, hazelnut syrup and carefully balanced flavors.",Soy,3,Hazelnut,Whipped Cream,High,121,509,44,6.8,27.1,8.3,705.5,4.9,1818,Low,No,Yes,Yes,Yes,Yes,No,Blueberry Muffin,Evening,Fruity,Cold,India
SB01088,Mango Refresher,Refresher,Grande,Cold,"A handcrafted Mango Refresher prepared with premium Starbucks-style coffee or tea, coconut milk, classic syrup and carefully balanced flavors.",Oat,3,Classic,Whipped Cream,High,111,287,22,8.1,24.0,4.03,342.55,4.0,36983,High,No,Yes,Yes,Yes,No,No,Cheesecake,Evening,Chocolatey,Cold,USA
SB01089,Classic Macchiato,Macchiato,Venti,Hot,"A handcrafted Classic Macchiato prepared with premium Starbucks-style coffee or tea, coconut milk, toffee nut syrup and carefully balanced flavors.",Soy,2,None,None,Low,109,232,13,6.2,14.8,7.42,630.7,3.9,45595,Very High,Yes,Yes,Yes,No,No,No,Cookie,Afternoon,Creamy,Hot,Japan
SB01090,White Mocha Mocha,Mocha,Grande,Hot,"A handcrafted White Mocha Mocha prepared with premium Starbucks-style coffee or tea, oat milk, vanilla syrup and carefully balanced flavors.",Oat,0,Hazelnut,Caramel Drizzle,Medium,44,409,37,6.3,28.3,7.38,627.3,3.5,7326,Low,No,Yes,Yes,No,Yes,Yes,Croissant,Evening,Chocolatey,Hot,Japan
SB01091,Java Chip Latte,Latte,Grande,Cold,"A handcrafted Java Chip Latte prepared with premium Starbucks-style coffee or tea, whole milk, none syrup and carefully balanced flavors.",Soy,4,Toffee Nut,Whipped Cream,Low,78,154,17,10.7,1.4,7.26,617.1,3.5,14507,Medium,Yes,No,Yes,No,No,No,Blueberry Muffin,Evening,Chocolatey,Cold,USA
SB01092,Classic Macchiato,Macchiato,Venti,Cold,"A handcrafted Classic Macchiato prepared with premium Starbucks-style coffee or tea, oat milk, classic syrup and carefully balanced flavors.",Almond,1,Hazelnut,Caramel Drizzle,Medium,23,614,48,16.4,12.3,7.43,631.55,4.5,9018,Low,No,No,Yes,No,No,Yes,Cheesecake,Morning,Creamy,Cold,UK
SB01093,Matcha Americano,Americano,Tall,Hot,"A handcrafted Matcha Americano prepared with premium Starbucks-style coffee or tea, skim milk, hazelnut syrup and carefully balanced flavors.",Skim,2,Classic,Whipped Cream,Medium,124,632,17,13.6,11.3,5.58,474.3,4.7,9978,Low,Yes,No,Yes,No,No,Yes,Cheesecake,Evening,Bold,Hot,Japan
SB01094,Strawberry Refresher,Refresher,Tall,Cold,"A handcrafted Strawberry Refresher prepared with premium Starbucks-style coffee or tea, oat milk, caramel syrup and carefully balanced flavors.",Coconut,3,Classic,Chocolate Shavings,Medium,74,634,49,2.7,13.4,5.07,430.95,3.6,34646,High,No,Yes,Yes,Yes,Yes,No,Croissant,Morning,Fruity,Cold,Global
SB01095,Vanilla Espresso,Espresso,Venti,Hot,"A handcrafted Vanilla Espresso prepared with premium Starbucks-style coffee or tea, almond milk, hazelnut syrup and carefully balanced flavors.",Soy,2,Caramel,Whipped Cream,High,37,180,60,17.1,17.3,7.21,612.85,4.0,20938,Medium,No,No,Yes,No,Yes,No,Croissant,Afternoon,Chocolatey,Hot,Global
SB01096,Java Chip Mocha,Mocha,Grande,Hot,"A handcrafted Java Chip Mocha prepared with premium Starbucks-style coffee or tea, almond milk, classic syrup and carefully balanced flavors.",Oat,4,Vanilla,Caramel Drizzle,High,49,445,18,8.5,14.2,7.17,609.45,3.6,6323,Low,Yes,No,Yes,No,Yes,No,Blueberry Muffin,Morning,Fruity,Hot,USA
SB01097,Mocha Latte,Latte,Grande,Hot,"A handcrafted Mocha Latte prepared with premium Starbucks-style coffee or tea, coconut milk, caramel syrup and carefully balanced flavors.",Oat,0,Caramel,Chocolate Shavings,High,225,439,47,17.0,27.9,7.57,643.45,4.9,18455,Medium,No,Yes,Yes,Yes,Yes,No,Croissant,Afternoon,Bold,Hot,Global
SB01098,Mango Cappuccino,Cappuccino,Venti,Cold,"A handcrafted Mango Cappuccino prepared with premium Starbucks-style coffee or tea, almond milk, none syrup and carefully balanced flavors.",Soy,2,Vanilla,Chocolate Shavings,Medium,93,287,16,5.9,20.8,5.27,447.95,3.7,21858,Medium,Yes,No,Yes,No,No,Yes,Sandwich,Morning,Creamy,Cold,India
SB01099,Mocha Cappuccino,Cappuccino,Grande,Hot,"A handcrafted Mocha Cappuccino prepared with premium Starbucks-style coffee or tea, almond milk, vanilla syrup and carefully balanced flavors.",Skim,1,Hazelnut,Whipped Cream,Medium,127,231,0,16.3,4.4,5.6,476.0,4.3,40668,Very High,No,No,Yes,Yes,No,No,Croissant,Evening,Nutty,Hot,India
SB01100,Java Chip Frappuccino,Frappuccino,Venti,Cold,"A handcrafted Java Chip Frappuccino prepared with premium Starbucks-style coffee or tea, soy milk, caramel syrup and carefully balanced flavors.",Coconut,1,Classic,Chocolate Shavings,Medium,188,590,25,19.7,17.3,3.79,322.15,4.0,10891,Medium,Yes,Yes,Yes,Yes,Yes,No,Blueberry Muffin,Evening,Chocolatey,Cold,UK
SB01101,Hazelnut Tea,Tea,Venti,Hot,"A handcrafted Hazelnut Tea prepared with premium Starbucks-style coffee or tea, skim milk, toffee nut syrup and carefully balanced flavors.",Almond,3,Classic,Caramel Drizzle,Low,21,395,23,3.7,6.7,8.23,699.55,4.7,48297,Very High,No,No,Yes,No,No,Yes,Cookie,Afternoon,Chocolatey,Hot,Global
SB01102,Java Chip Americano,Americano,Grande,Hot,"A handcrafted Java Chip Americano prepared with premium Starbucks-style coffee or tea, oat milk, hazelnut syrup and carefully balanced flavors.",Oat,0,Toffee Nut,Caramel Drizzle,Low,90,51,14,19.9,3.1,8.19,696.15,4.5,8978,Low,No,No,Yes,No,Yes,No,Cheesecake,Morning,Chocolatey,Hot,USA
SB01103,Mango Cold Brew,Cold Brew,Tall,Cold,"A handcrafted Mango Cold Brew prepared with premium Starbucks-style coffee or tea, skim milk, hazelnut syrup and carefully balanced flavors.",Skim,4,Hazelnut,Caramel Drizzle,Low,77,289,4,4.4,17.8,4.4,374.0,4.7,11361,Medium,No,No,Yes,No,Yes,No,Sandwich,Morning,Chocolatey,Cold,UK
SB01104,Strawberry Frappuccino,Frappuccino,Venti,Cold,"A handcrafted Strawberry Frappuccino prepared with premium Starbucks-style coffee or tea, almond milk, toffee nut syrup and carefully balanced flavors.",Whole,1,None,None,Low,16,632,2,14.3,0.7,5.85,497.25,4.7,20927,Medium,Yes,Yes,Yes,Yes,No,No,Sandwich,Afternoon,Creamy,Cold,USA
SB01105,Mango Tea,Tea,Venti,Cold,"A handcrafted Mango Tea prepared with premium Starbucks-style coffee or tea, whole milk, hazelnut syrup and carefully balanced flavors.",Skim,3,Caramel,None,Low,213,122,69,18.1,28.1,5.45,463.25,3.8,42803,Very High,No,No,Yes,No,Yes,No,Sandwich,Afternoon,Sweet,Cold,India
SB01106,Java Chip Refresher,Refresher,Tall,Cold,"A handcrafted Java Chip Refresher prepared with premium Starbucks-style coffee or tea, whole milk, toffee nut syrup and carefully balanced flavors.",Whole,2,Classic,Chocolate Shavings,Medium,100,20,52,4.7,16.7,4.45,378.25,4.3,45808,Very High,No,Yes,Yes,No,Yes,Yes,Croissant,Evening,Creamy,Cold,Japan
SB01107,Caramel Cold Brew,Cold Brew,Venti,Cold,"A handcrafted Caramel Cold Brew prepared with premium Starbucks-style coffee or tea, coconut milk, caramel syrup and carefully balanced flavors.",Almond,2,Toffee Nut,Chocolate Shavings,Medium,207,364,44,6.8,1.9,6.98,593.3,3.8,37062,High,No,No,Yes,No,No,No,Blueberry Muffin,Morning,Sweet,Cold,India
SB01108,Mango Mocha,Mocha,Venti,Cold,"A handcrafted Mango Mocha prepared with premium Starbucks-style coffee or tea, coconut milk, hazelnut syrup and carefully balanced flavors.",Coconut,4,Hazelnut,Caramel Drizzle,Low,257,531,56,1.0,23.5,4.04,343.4,4.1,3945,Low,Yes,Yes,Yes,Yes,No,No,Cheesecake,Evening,Fruity,Cold,Canada
SB01109,Caramel Cappuccino,Cappuccino,Grande,Hot,"A handcrafted Caramel Cappuccino prepared with premium Starbucks-style coffee or tea, whole milk, none syrup and carefully balanced flavors.",Coconut,1,None,Chocolate Shavings,Low,127,533,67,4.2,1.0,8.19,696.15,3.6,13102,Medium,Yes,Yes,Yes,Yes,Yes,No,Sandwich,Morning,Creamy,Hot,USA
SB01110,Classic Espresso,Espresso,Venti,Cold,"A handcrafted Classic Espresso prepared with premium Starbucks-style coffee or tea, coconut milk, none syrup and carefully balanced flavors.",Almond,2,Vanilla,Chocolate Shavings,Low,293,192,47,7.3,1.3,8.24,700.4,4.8,49582,Very High,No,No,Yes,Yes,Yes,Yes,Sandwich,Afternoon,Creamy,Cold,Japan
SB01111,Java Chip Macchiato,Macchiato,Grande,Hot,"A handcrafted Java Chip Macchiato prepared with premium Starbucks-style coffee or tea, coconut milk, none syrup and carefully balanced flavors.",Coconut,4,Vanilla,Whipped Cream,High,254,66,11,10.7,8.5,5.22,443.7,4.1,11972,Medium,No,No,Yes,No,Yes,Yes,Cheesecake,Evening,Bold,Hot,Global
SB01112,Mango Macchiato,Macchiato,Tall,Cold,"A handcrafted Mango Macchiato prepared with premium Starbucks-style coffee or tea, skim milk, none syrup and carefully balanced flavors.",Skim,0,None,Whipped Cream,Low,153,516,13,1.9,0.4,8.48,720.8,4.0,25541,High,Yes,No,Yes,Yes,Yes,No,Cookie,Evening,Sweet,Cold,India
SB01113,Chai Latte,Latte,Tall,Hot,"A handcrafted Chai Latte prepared with premium Starbucks-style coffee or tea, oat milk, toffee nut syrup and carefully balanced flavors.",Skim,0,Vanilla,None,Medium,98,130,45,8.5,14.0,5.24,445.4,3.7,36088,High,Yes,No,Yes,Yes,No,Yes,Blueberry Muffin,Morning,Chocolatey,Hot,Global
SB01114,White Mocha Latte,Latte,Tall,Hot,"A handcrafted White Mocha Latte prepared with premium Starbucks-style coffee or tea, whole milk, hazelnut syrup and carefully balanced flavors.",Almond,1,Classic,Whipped Cream,Medium,129,214,24,3.8,21.7,6.32,537.2,3.8,49708,Very High,No,Yes,Yes,No,Yes,Yes,Cookie,Evening,Nutty,Hot,Japan
SB01115,Matcha Cappuccino,Cappuccino,Grande,Cold,"A handcrafted Matcha Cappuccino prepared with premium Starbucks-style coffee or tea, soy milk, vanilla syrup and carefully balanced flavors.",Coconut,0,Caramel,None,High,224,436,32,16.6,3.9,3.86,328.1,4.4,6609,Low,No,No,Yes,No,Yes,No,Cookie,Morning,Fruity,Cold,UK
SB01116,Mango Macchiato,Macchiato,Venti,Hot,"A handcrafted Mango Macchiato prepared with premium Starbucks-style coffee or tea, soy milk, none syrup and carefully balanced flavors.",Soy,0,Toffee Nut,Caramel Drizzle,High,272,51,38,6.2,27.3,4.23,359.55,3.9,26453,High,No,No,Yes,No,No,Yes,Cookie,Evening,Fruity,Hot,Canada
SB01117,Caramel Latte,Latte,Venti,Cold,"A handcrafted Caramel Latte prepared with premium Starbucks-style coffee or tea, soy milk, caramel syrup and carefully balanced flavors.",Oat,2,Hazelnut,Caramel Drizzle,Low,147,151,12,8.4,20.8,6.76,574.6,3.6,11091,Medium,No,No,Yes,No,Yes,Yes,Cheesecake,Morning,Nutty,Cold,Canada
SB01118,Classic Tea,Tea,Grande,Hot,"A handcrafted Classic Tea prepared with premium Starbucks-style coffee or tea, almond milk, classic syrup and carefully balanced flavors.",Almond,1,Toffee Nut,Whipped Cream,High,120,480,53,8.0,19.9,5.87,498.95,4.8,4799,Low,No,Yes,Yes,No,Yes,Yes,Cheesecake,Morning,Fruity,Hot,UK
SB01119,Classic Cold Brew,Cold Brew,Tall,Cold,"A handcrafted Classic Cold Brew prepared with premium Starbucks-style coffee or tea, coconut milk, none syrup and carefully balanced flavors.",Coconut,0,None,None,High,265,622,34,10.0,27.4,7.19,611.15,4.7,44933,Very High,No,No,Yes,No,No,Yes,Cookie,Morning,Fruity,Cold,UK
SB01120,Mango Refresher,Refresher,Tall,Cold,"A handcrafted Mango Refresher prepared with premium Starbucks-style coffee or tea, coconut milk, none syrup and carefully balanced flavors.",Skim,1,None,None,Medium,268,406,39,8.8,7.4,3.42,290.7,4.9,500,Low,Yes,No,Yes,Yes,Yes,No,Croissant,Evening,Nutty,Cold,USA
SB01121,Strawberry Cold Brew,Cold Brew,Tall,Cold,"A handcrafted Strawberry Cold Brew prepared with premium Starbucks-style coffee or tea, whole milk, none syrup and carefully balanced flavors.",Oat,0,None,Whipped Cream,High,11,589,1,9.9,12.5,4.37,371.45,3.8,15090,Medium,Yes,No,Yes,Yes,No,Yes,Blueberry Muffin,Afternoon,Sweet,Cold,India
SB01122,Hazelnut Espresso,Espresso,Tall,Hot,"A handcrafted Hazelnut Espresso prepared with premium Starbucks-style coffee or tea, coconut milk, none syrup and carefully balanced flavors.",Oat,1,None,Caramel Drizzle,Medium,82,603,70,11.1,2.3,4.97,422.45,4.9,1620,Low,No,No,Yes,Yes,Yes,No,Cookie,Evening,Creamy,Hot,USA
SB01123,Vanilla Macchiato,Macchiato,Tall,Cold,"A handcrafted Vanilla Macchiato prepared with premium Starbucks-style coffee or tea, soy milk, caramel syrup and carefully balanced flavors.",Oat,1,Toffee Nut,Whipped Cream,High,142,441,45,18.0,1.6,3.29,279.65,3.7,43834,Very High,Yes,No,Yes,Yes,Yes,Yes,Croissant,Morning,Creamy,Cold,India
SB01124,Vanilla Espresso,Espresso,Venti,Hot,"A handcrafted Vanilla Espresso prepared with premium Starbucks-style coffee or tea, whole milk, hazelnut syrup and carefully balanced flavors.",Almond,4,Vanilla,Whipped Cream,High,56,278,70,9.8,17.4,5.27,447.95,3.5,32053,High,Yes,No,Yes,Yes,No,Yes,Blueberry Muffin,Evening,Nutty,Hot,Japan
SB01125,White Mocha Espresso,Espresso,Venti,Hot,"A handcrafted White Mocha Espresso prepared with premium Starbucks-style coffee or tea, whole milk, hazelnut syrup and carefully balanced flavors.",Skim,4,Hazelnut,None,High,173,181,35,6.1,5.8,4.64,394.4,4.7,15886,Medium,Yes,Yes,Yes,No,Yes,No,Blueberry Muffin,Evening,Fruity,Hot,USA
SB01126,White Mocha Tea,Tea,Venti,Cold,"A handcrafted White Mocha Tea prepared with premium Starbucks-style coffee or tea, whole milk, toffee nut syrup and carefully balanced flavors.",Whole,0,Hazelnut,Whipped Cream,High,50,616,69,12.3,16.2,5.62,477.7,4.3,47884,Very High,No,Yes,Yes,No,Yes,Yes,Cookie,Evening,Creamy,Cold,USA
SB01127,Strawberry Macchiato,Macchiato,Tall,Hot,"A handcrafted Strawberry Macchiato prepared with premium Starbucks-style coffee or tea, coconut milk, vanilla syrup and carefully balanced flavors.",Skim,3,Hazelnut,None,High,19,645,35,11.5,28.9,5.39,458.15,4.1,20137,Medium,Yes,Yes,Yes,Yes,No,Yes,Blueberry Muffin,Morning,Chocolatey,Hot,Canada
SB01128,White Mocha Flat White,Flat White,Tall,Cold,"A handcrafted White Mocha Flat White prepared with premium Starbucks-style coffee or tea, oat milk, none syrup and carefully balanced flavors.",Oat,1,None,Caramel Drizzle,Low,199,445,29,11.4,25.8,2.86,243.1,4.0,27079,High,No,No,Yes,No,No,Yes,Cheesecake,Morning,Chocolatey,Cold,India
SB01129,Chai Mocha,Mocha,Tall,Hot,"A handcrafted Chai Mocha prepared with premium Starbucks-style coffee or tea, almond milk, hazelnut syrup and carefully balanced flavors.",Almond,1,Toffee Nut,Whipped Cream,Low,261,266,44,8.8,27.3,8.32,707.2,4.2,18936,Medium,No,Yes,Yes,No,No,Yes,Cookie,Morning,Creamy,Hot,USA
SB01130,Classic Espresso,Espresso,Grande,Cold,"A handcrafted Classic Espresso prepared with premium Starbucks-style coffee or tea, whole milk, vanilla syrup and carefully balanced flavors.",Oat,2,Caramel,Whipped Cream,High,183,252,61,14.9,23.4,4.82,409.7,4.7,21214,Medium,Yes,No,Yes,No,No,No,Croissant,Afternoon,Sweet,Cold,Canada
SB01131,Mocha Flat White,Flat White,Venti,Cold,"A handcrafted Mocha Flat White prepared with premium Starbucks-style coffee or tea, skim milk, none syrup and carefully balanced flavors.",Almond,2,None,Caramel Drizzle,Low,163,514,37,6.9,22.8,6.14,521.9,5.0,14872,Medium,Yes,No,Yes,Yes,No,Yes,Croissant,Evening,Nutty,Cold,Canada
SB01132,Mocha Espresso,Espresso,Venti,Hot,"A handcrafted Mocha Espresso prepared with premium Starbucks-style coffee or tea, skim milk, vanilla syrup and carefully balanced flavors.",Soy,4,Vanilla,Caramel Drizzle,Low,98,394,52,2.2,13.1,4.95,420.75,4.5,975,Low,Yes,Yes,Yes,No,Yes,Yes,Sandwich,Morning,Bold,Hot,Global
SB01133,Mocha Latte,Latte,Venti,Cold,"A handcrafted Mocha Latte prepared with premium Starbucks-style coffee or tea, almond milk, classic syrup and carefully balanced flavors.",Almond,3,Hazelnut,None,Medium,146,225,8,5.7,0.2,5.55,471.75,4.5,5363,Low,Yes,No,Yes,Yes,Yes,Yes,Sandwich,Afternoon,Nutty,Cold,USA
SB01134,Strawberry Americano,Americano,Tall,Cold,"A handcrafted Strawberry Americano prepared with premium Starbucks-style coffee or tea, oat milk, classic syrup and carefully balanced flavors.",Whole,3,Toffee Nut,None,High,11,379,59,4.3,3.2,6.02,511.7,4.0,45293,Very High,Yes,No,Yes,Yes,No,No,Sandwich,Afternoon,Nutty,Cold,Global
SB01135,Classic Cold Brew,Cold Brew,Grande,Cold,"A handcrafted Classic Cold Brew prepared with premium Starbucks-style coffee or tea, oat milk, none syrup and carefully balanced flavors.",Soy,4,None,Caramel Drizzle,Low,189,442,45,3.6,15.8,7.73,657.05,4.6,38950,High,No,Yes,Yes,Yes,Yes,No,Blueberry Muffin,Evening,Fruity,Cold,USA
SB01136,Strawberry Espresso,Espresso,Tall,Hot,"A handcrafted Strawberry Espresso prepared with premium Starbucks-style coffee or tea, soy milk, hazelnut syrup and carefully balanced flavors.",Almond,3,None,Whipped Cream,Medium,270,512,52,1.7,14.0,2.92,248.2,4.1,21949,Medium,Yes,Yes,Yes,No,No,Yes,Blueberry Muffin,Morning,Sweet,Hot,USA
SB01137,Chai Cold Brew,Cold Brew,Grande,Cold,"A handcrafted Chai Cold Brew prepared with premium Starbucks-style coffee or tea, almond milk, caramel syrup and carefully balanced flavors.",Soy,1,Classic,Chocolate Shavings,Medium,165,321,20,15.4,4.6,4.03,342.55,4.1,34448,High,No,Yes,Yes,Yes,No,No,Croissant,Afternoon,Bold,Cold,India
SB01138,Caramel Americano,Americano,Grande,Cold,"A handcrafted Caramel Americano prepared with premium Starbucks-style coffee or tea, skim milk, toffee nut syrup and carefully balanced flavors.",Soy,3,Classic,Whipped Cream,Medium,242,455,12,15.2,27.4,7.78,661.3,3.6,16247,Medium,Yes,No,Yes,Yes,Yes,Yes,Blueberry Muffin,Evening,Bold,Cold,UK
SB01139,Matcha Cold Brew,Cold Brew,Grande,Cold,"A handcrafted Matcha Cold Brew prepared with premium Starbucks-style coffee or tea, soy milk, toffee nut syrup and carefully balanced flavors.",Almond,0,None,Whipped Cream,Low,246,126,42,2.5,21.8,6.61,561.85,4.6,38889,High,Yes,No,Yes,No,No,No,Cookie,Morning,Sweet,Cold,UK
SB01140,Vanilla Frappuccino,Frappuccino,Tall,Cold,"A handcrafted Vanilla Frappuccino prepared with premium Starbucks-style coffee or tea, coconut milk, classic syrup and carefully balanced flavors.",Soy,1,Hazelnut,Chocolate Shavings,High,178,613,18,4.0,22.8,8.0,680.0,4.2,18712,Medium,Yes,No,Yes,No,No,Yes,Sandwich,Evening,Nutty,Cold,USA
SB01141,Chai Cold Brew,Cold Brew,Grande,Cold,"A handcrafted Chai Cold Brew prepared with premium Starbucks-style coffee or tea, skim milk, caramel syrup and carefully balanced flavors.",Whole,4,None,Whipped Cream,High,42,368,11,0.7,1.0,7.7,654.5,3.5,33249,High,No,No,Yes,No,Yes,No,Cookie,Evening,Fruity,Cold,UK
SB01142,Chai Americano,Americano,Grande,Hot,"A handcrafted Chai Americano prepared with premium Starbucks-style coffee or tea, almond milk, vanilla syrup and carefully balanced flavors.",Soy,2,Vanilla,Caramel Drizzle,High,287,26,41,10.0,18.5,3.66,311.1,4.6,23402,Medium,No,No,Yes,Yes,Yes,No,Croissant,Evening,Sweet,Hot,Canada
SB01143,Strawberry Americano,Americano,Grande,Hot,"A handcrafted Strawberry Americano prepared with premium Starbucks-style coffee or tea, whole milk, vanilla syrup and carefully balanced flavors.",Soy,1,Hazelnut,Whipped Cream,Low,155,619,59,10.9,0.1,5.43,461.55,3.9,26814,High,No,Yes,Yes,Yes,Yes,Yes,Cookie,Afternoon,Chocolatey,Hot,UK
SB01144,White Mocha Mocha,Mocha,Grande,Cold,"A handcrafted White Mocha Mocha prepared with premium Starbucks-style coffee or tea, skim milk, hazelnut syrup and carefully balanced flavors.",Coconut,3,Classic,None,High,200,538,16,15.9,4.7,5.72,486.2,3.9,32101,High,Yes,No,Yes,No,Yes,No,Croissant,Morning,Bold,Cold,Global
SB01145,Classic Macchiato,Macchiato,Tall,Cold,"A handcrafted Classic Macchiato prepared with premium Starbucks-style coffee or tea, whole milk, toffee nut syrup and carefully balanced flavors.",Coconut,4,None,Chocolate Shavings,Medium,150,206,49,5.1,6.2,2.84,241.4,3.6,23529,Medium,No,No,Yes,No,Yes,Yes,Sandwich,Afternoon,Chocolatey,Cold,USA
SB01146,Matcha Americano,Americano,Venti,Hot,"A handcrafted Matcha Americano prepared with premium Starbucks-style coffee or tea, almond milk, hazelnut syrup and carefully balanced flavors.",Whole,1,Vanilla,Caramel Drizzle,Medium,217,420,51,10.0,10.7,4.26,362.1,5.0,27140,High,Yes,No,Yes,No,Yes,Yes,Sandwich,Morning,Nutty,Hot,Canada
SB01147,Vanilla Mocha,Mocha,Venti,Cold,"A handcrafted Vanilla Mocha prepared with premium Starbucks-style coffee or tea, coconut milk, caramel syrup and carefully balanced flavors.",Oat,2,Caramel,Chocolate Shavings,High,171,485,2,15.4,12.9,5.39,458.15,4.3,23906,Medium,Yes,No,Yes,Yes,Yes,No,Sandwich,Evening,Bold,Cold,Japan
SB01148,White Mocha Cold Brew,Cold Brew,Venti,Cold,"A handcrafted White Mocha Cold Brew prepared with premium Starbucks-style coffee or tea, coconut milk, none syrup and carefully balanced flavors.",Coconut,0,Classic,Chocolate Shavings,Low,99,461,27,9.9,29.5,5.3,450.5,4.6,38589,High,No,No,Yes,Yes,Yes,No,Blueberry Muffin,Evening,Chocolatey,Cold,USA
SB01149,Classic Mocha,Mocha,Venti,Cold,"A handcrafted Classic Mocha prepared with premium Starbucks-style coffee or tea, whole milk, classic syrup and carefully balanced flavors.",Oat,4,Toffee Nut,Whipped Cream,Medium,210,52,58,1.8,1.1,3.03,257.55,4.1,21249,Medium,No,Yes,Yes,No,Yes,No,Croissant,Afternoon,Fruity,Cold,UK
SB01150,Strawberry Cold Brew,Cold Brew,Tall,Cold,"A handcrafted Strawberry Cold Brew prepared with premium Starbucks-style coffee or tea, almond milk, classic syrup and carefully balanced flavors.",Skim,0,Hazelnut,Chocolate Shavings,Medium,66,32,55,15.1,7.5,4.15,352.75,4.8,36791,High,Yes,Yes,Yes,Yes,No,Yes,Croissant,Afternoon,Creamy,Cold,India
SB01151,Caramel Cappuccino,Cappuccino,Venti,Cold,"A handcrafted Caramel Cappuccino prepared with premium Starbucks-style coffee or tea, skim milk, none syrup and carefully balanced flavors.",Skim,4,Toffee Nut,Chocolate Shavings,High,179,59,40,19.0,3.4,2.56,217.6,4.7,37091,High,Yes,Yes,Yes,Yes,No,No,Blueberry Muffin,Afternoon,Creamy,Cold,India
SB01152,White Mocha Latte,Latte,Venti,Cold,"A handcrafted White Mocha Latte prepared with premium Starbucks-style coffee or tea, oat milk, caramel syrup and carefully balanced flavors.",Coconut,4,Toffee Nut,None,Medium,3,237,8,12.7,1.0,8.17,694.45,4.5,11530,Medium,No,No,Yes,Yes,No,Yes,Blueberry Muffin,Evening,Sweet,Cold,Global
SB01153,Matcha Tea,Tea,Venti,Cold,"A handcrafted Matcha Tea prepared with premium Starbucks-style coffee or tea, coconut milk, toffee nut syrup and carefully balanced flavors.",Skim,1,Vanilla,Chocolate Shavings,Low,211,219,57,7.7,20.9,8.36,710.6,4.6,8545,Low,No,No,Yes,Yes,No,Yes,Sandwich,Afternoon,Nutty,Cold,India
SB01154,Vanilla Americano,Americano,Venti,Hot,"A handcrafted Vanilla Americano prepared with premium Starbucks-style coffee or tea, soy milk, hazelnut syrup and carefully balanced flavors.",Almond,1,Toffee Nut,Chocolate Shavings,High,185,488,4,2.1,27.4,5.61,476.85,4.6,2577,Low,No,Yes,Yes,No,Yes,Yes,Croissant,Afternoon,Sweet,Hot,Japan
SB01155,Chai Refresher,Refresher,Tall,Cold,"A handcrafted Chai Refresher prepared with premium Starbucks-style coffee or tea, oat milk, classic syrup and carefully balanced flavors.",Coconut,1,Classic,Whipped Cream,Medium,244,120,48,11.1,21.7,5.21,442.85,3.6,31835,High,Yes,Yes,Yes,Yes,Yes,Yes,Blueberry Muffin,Morning,Nutty,Cold,UK
SB01156,Mocha Cold Brew,Cold Brew,Grande,Cold,"A handcrafted Mocha Cold Brew prepared with premium Starbucks-style coffee or tea, almond milk, vanilla syrup and carefully balanced flavors.",Skim,4,Vanilla,None,Low,113,291,21,16.7,13.3,7.99,679.15,4.8,31671,High,No,No,Yes,No,Yes,No,Croissant,Evening,Nutty,Cold,Canada
SB01157,White Mocha Americano,Americano,Tall,Cold,"A handcrafted White Mocha Americano prepared with premium Starbucks-style coffee or tea, oat milk, toffee nut syrup and carefully balanced flavors.",Coconut,3,Vanilla,None,Low,33,558,34,9.6,3.7,6.81,578.85,4.9,31897,High,Yes,Yes,Yes,Yes,No,Yes,Sandwich,Morning,Fruity,Cold,UK
SB01158,Java Chip Frappuccino,Frappuccino,Grande,Cold,"A handcrafted Java Chip Frappuccino prepared with premium Starbucks-style coffee or tea, whole milk, classic syrup and carefully balanced flavors.",Soy,3,None,Caramel Drizzle,High,173,76,51,1.1,23.2,3.05,259.25,4.9,8661,Low,Yes,Yes,Yes,Yes,No,No,Cheesecake,Morning,Creamy,Cold,UK
SB01159,Caramel Cold Brew,Cold Brew,Tall,Cold,"A handcrafted Caramel Cold Brew prepared with premium Starbucks-style coffee or tea, coconut milk, toffee nut syrup and carefully balanced flavors.",Coconut,1,Caramel,Chocolate Shavings,Medium,93,292,39,17.8,6.6,8.02,681.7,4.6,5847,Low,Yes,No,Yes,Yes,Yes,No,Cookie,Afternoon,Sweet,Cold,Global
SB01160,Hazelnut Cappuccino,Cappuccino,Grande,Cold,"A handcrafted Hazelnut Cappuccino prepared with premium Starbucks-style coffee or tea, skim milk, vanilla syrup and carefully balanced flavors.",Skim,4,None,Caramel Drizzle,Low,22,590,69,1.9,11.7,3.88,329.8,5.0,30287,High,No,No,Yes,Yes,Yes,Yes,Blueberry Muffin,Evening,Bold,Cold,UK
SB01161,Strawberry Espresso,Espresso,Venti,Hot,"A handcrafted Strawberry Espresso prepared with premium Starbucks-style coffee or tea, oat milk, classic syrup and carefully balanced flavors.",Whole,2,Vanilla,None,Low,126,563,1,7.6,6.7,8.27,702.95,3.7,11784,Medium,No,No,Yes,Yes,Yes,No,Sandwich,Morning,Fruity,Hot,India
SB01162,Classic Cold Brew,Cold Brew,Tall,Cold,"A handcrafted Classic Cold Brew prepared with premium Starbucks-style coffee or tea, soy milk, none syrup and carefully balanced flavors.",Soy,2,None,Chocolate Shavings,High,74,509,0,5.1,11.5,3.03,257.55,4.9,26335,High,No,No,Yes,Yes,No,No,Croissant,Evening,Nutty,Cold,Canada
SB01163,Mango Cold Brew,Cold Brew,Venti,Cold,"A handcrafted Mango Cold Brew prepared with premium Starbucks-style coffee or tea, whole milk, hazelnut syrup and carefully balanced flavors.",Oat,0,Classic,Chocolate Shavings,Medium,239,443,12,14.3,18.7,3.47,294.95,4.6,8958,Low,Yes,Yes,Yes,Yes,No,Yes,Sandwich,Evening,Nutty,Cold,Canada
SB01164,Chai Frappuccino,Frappuccino,Venti,Cold,"A handcrafted Chai Frappuccino prepared with premium Starbucks-style coffee or tea, coconut milk, none syrup and carefully balanced flavors.",Soy,4,Classic,None,Low,224,569,55,1.5,13.6,6.01,510.85,3.6,13880,Medium,No,Yes,Yes,No,Yes,Yes,Blueberry Muffin,Evening,Nutty,Cold,UK
SB01165,Caramel Cold Brew,Cold Brew,Venti,Cold,"A handcrafted Caramel Cold Brew prepared with premium Starbucks-style coffee or tea, almond milk, none syrup and carefully balanced flavors.",Whole,0,Vanilla,None,Low,6,492,6,19.6,21.7,5.98,508.3,4.4,11426,Medium,No,Yes,Yes,Yes,Yes,No,Cookie,Evening,Nutty,Cold,Global
SB01166,Classic Espresso,Espresso,Tall,Cold,"A handcrafted Classic Espresso prepared with premium Starbucks-style coffee or tea, whole milk, hazelnut syrup and carefully balanced flavors.",Coconut,4,Vanilla,Chocolate Shavings,Medium,181,111,68,13.7,22.3,3.81,323.85,4.4,18151,Medium,No,No,Yes,Yes,No,No,Croissant,Afternoon,Creamy,Cold,Global
SB01167,Java Chip Tea,Tea,Tall,Hot,"A handcrafted Java Chip Tea prepared with premium Starbucks-style coffee or tea, coconut milk, hazelnut syrup and carefully balanced flavors.",Oat,0,Caramel,Chocolate Shavings,Low,38,326,37,11.8,21.5,5.15,437.75,4.2,2364,Low,Yes,Yes,Yes,No,No,Yes,Blueberry Muffin,Evening,Fruity,Hot,UK
SB01168,Hazelnut Latte,Latte,Tall,Hot,"A handcrafted Hazelnut Latte prepared with premium Starbucks-style coffee or tea, soy milk, vanilla syrup and carefully balanced flavors.",Oat,4,Classic,Caramel Drizzle,High,225,256,55,5.6,2.4,5.75,488.75,3.5,44625,Very High,No,Yes,Yes,Yes,No,Yes,Cookie,Afternoon,Creamy,Hot,Japan
SB01169,Hazelnut Latte,Latte,Grande,Cold,"A handcrafted Hazelnut Latte prepared with premium Starbucks-style coffee or tea, coconut milk, hazelnut syrup and carefully balanced flavors.",Coconut,0,Toffee Nut,None,High,136,449,40,18.6,28.6,6.45,548.25,4.4,31646,High,No,Yes,Yes,Yes,Yes,Yes,Sandwich,Morning,Chocolatey,Cold,Japan
SB01170,Vanilla Cappuccino,Cappuccino,Grande,Cold,"A handcrafted Vanilla Cappuccino prepared with premium Starbucks-style coffee or tea, oat milk, classic syrup and carefully balanced flavors.",Skim,0,Hazelnut,Chocolate Shavings,High,126,335,48,19.0,10.0,6.43,546.55,4.3,25940,High,No,No,Yes,No,No,No,Sandwich,Afternoon,Bold,Cold,USA
SB01171,Vanilla Cappuccino,Cappuccino,Tall,Cold,"A handcrafted Vanilla Cappuccino prepared with premium Starbucks-style coffee or tea, almond milk, hazelnut syrup and carefully balanced flavors.",Whole,0,Caramel,Chocolate Shavings,Medium,233,489,16,8.8,22.6,3.25,276.25,4.8,16943,Medium,No,No,Yes,No,Yes,Yes,Cheesecake,Morning,Creamy,Cold,USA
SB01172,White Mocha Tea,Tea,Grande,Cold,"A handcrafted White Mocha Tea prepared with premium Starbucks-style coffee or tea, oat milk, toffee nut syrup and carefully balanced flavors.",Coconut,3,None,None,High,93,78,48,3.2,11.2,2.82,239.7,4.7,8307,Low,No,Yes,Yes,Yes,No,Yes,Croissant,Morning,Fruity,Cold,UK
SB01173,Mocha Cappuccino,Cappuccino,Venti,Cold,"A handcrafted Mocha Cappuccino prepared with premium Starbucks-style coffee or tea, coconut milk, caramel syrup and carefully balanced flavors.",Soy,0,Toffee Nut,Whipped Cream,High,123,204,17,7.1,18.9,6.0,510.0,4.8,9265,Low,Yes,Yes,Yes,No,No,No,Blueberry Muffin,Evening,Chocolatey,Cold,India
SB01174,Matcha Cappuccino,Cappuccino,Tall,Hot,"A handcrafted Matcha Cappuccino prepared with premium Starbucks-style coffee or tea, skim milk, none syrup and carefully balanced flavors.",Skim,4,Vanilla,Whipped Cream,High,163,119,17,20.0,19.0,5.31,451.35,3.6,25482,High,Yes,No,Yes,No,No,No,Cookie,Afternoon,Nutty,Hot,Japan
SB01175,Hazelnut Tea,Tea,Grande,Hot,"A handcrafted Hazelnut Tea prepared with premium Starbucks-style coffee or tea, soy milk, vanilla syrup and carefully balanced flavors.",Whole,2,Caramel,Chocolate Shavings,High,223,286,8,15.7,29.2,5.75,488.75,3.5,41815,Very High,No,No,Yes,No,Yes,Yes,Cookie,Afternoon,Creamy,Hot,Japan
SB01176,Chai Macchiato,Macchiato,Tall,Cold,"A handcrafted Chai Macchiato prepared with premium Starbucks-style coffee or tea, almond milk, hazelnut syrup and carefully balanced flavors.",Skim,2,Caramel,Caramel Drizzle,Low,270,118,37,7.4,17.1,7.72,656.2,4.2,25218,High,Yes,No,Yes,No,No,No,Cheesecake,Morning,Bold,Cold,India
SB01177,Vanilla Flat White,Flat White,Venti,Hot,"A handcrafted Vanilla Flat White prepared with premium Starbucks-style coffee or tea, coconut milk, toffee nut syrup and carefully balanced flavors.",Coconut,4,Vanilla,None,High,92,317,47,11.2,11.1,8.42,715.7,3.9,4116,Low,Yes,Yes,Yes,No,No,Yes,Croissant,Afternoon,Sweet,Hot,UK
SB01178,White Mocha Cold Brew,Cold Brew,Grande,Cold,"A handcrafted White Mocha Cold Brew prepared with premium Starbucks-style coffee or tea, coconut milk, toffee nut syrup and carefully balanced flavors.",Whole,3,Caramel,Caramel Drizzle,Low,245,587,4,14.0,27.4,7.77,660.45,4.9,47829,Very High,No,No,Yes,Yes,Yes,Yes,Cheesecake,Evening,Chocolatey,Cold,Canada
SB01179,Mango Latte,Latte,Venti,Hot,"A handcrafted Mango Latte prepared with premium Starbucks-style coffee or tea, oat milk, toffee nut syrup and carefully balanced flavors.",Coconut,4,Toffee Nut,Caramel Drizzle,High,48,374,42,11.6,16.6,6.05,514.25,3.8,21296,Medium,Yes,Yes,Yes,Yes,No,Yes,Cheesecake,Morning,Bold,Hot,UK
SB01180,Chai Flat White,Flat White,Venti,Hot,"A handcrafted Chai Flat White prepared with premium Starbucks-style coffee or tea, whole milk, hazelnut syrup and carefully balanced flavors.",Oat,2,Toffee Nut,Whipped Cream,Medium,28,334,29,16.6,27.0,5.65,480.25,3.6,35678,High,No,Yes,Yes,No,Yes,Yes,Sandwich,Afternoon,Bold,Hot,India
SB01181,Strawberry Flat White,Flat White,Venti,Hot,"A handcrafted Strawberry Flat White prepared with premium Starbucks-style coffee or tea, whole milk, none syrup and carefully balanced flavors.",Soy,0,Toffee Nut,None,High,30,29,50,4.5,17.7,5.69,483.65,4.2,16169,Medium,No,No,Yes,Yes,Yes,No,Cheesecake,Morning,Nutty,Hot,Japan
SB01182,Java Chip Espresso,Espresso,Venti,Hot,"A handcrafted Java Chip Espresso prepared with premium Starbucks-style coffee or tea, coconut milk, hazelnut syrup and carefully balanced flavors.",Almond,3,Caramel,Chocolate Shavings,High,99,174,13,0.9,12.3,6.86,583.1,3.8,14768,Medium,No,No,Yes,No,Yes,Yes,Croissant,Evening,Fruity,Hot,Canada
SB01183,Classic Latte,Latte,Tall,Hot,"A handcrafted Classic Latte prepared with premium Starbucks-style coffee or tea, coconut milk, toffee nut syrup and carefully balanced flavors.",Soy,3,Hazelnut,Chocolate Shavings,Low,49,385,50,19.6,23.4,4.2,357.0,4.1,25159,High,No,No,Yes,No,No,Yes,Cookie,Evening,Nutty,Hot,Global
SB01184,Mango Macchiato,Macchiato,Venti,Hot,"A handcrafted Mango Macchiato prepared with premium Starbucks-style coffee or tea, coconut milk, hazelnut syrup and carefully balanced flavors.",Coconut,1,Toffee Nut,None,Medium,174,442,21,8.6,3.9,3.22,273.7,4.0,43164,Very High,No,Yes,Yes,Yes,No,Yes,Croissant,Afternoon,Nutty,Hot,Japan
SB01185,Hazelnut Flat White,Flat White,Grande,Cold,"A handcrafted Hazelnut Flat White prepared with premium Starbucks-style coffee or tea, skim milk, caramel syrup and carefully balanced flavors.",Whole,1,Hazelnut,Whipped Cream,Medium,211,138,18,16.2,25.6,3.96,336.6,4.7,5458,Low,Yes,Yes,Yes,Yes,No,Yes,Cheesecake,Afternoon,Creamy,Cold,India
SB01186,Mocha Cappuccino,Cappuccino,Venti,Hot,"A handcrafted Mocha Cappuccino prepared with premium Starbucks-style coffee or tea, coconut milk, vanilla syrup and carefully balanced flavors.",Oat,1,Toffee Nut,Whipped Cream,Low,45,159,42,10.0,23.9,7.61,646.85,3.6,42885,Very High,No,No,Yes,No,No,No,Croissant,Morning,Nutty,Hot,Canada
SB01187,Matcha Macchiato,Macchiato,Tall,Hot,"A handcrafted Matcha Macchiato prepared with premium Starbucks-style coffee or tea, oat milk, classic syrup and carefully balanced flavors.",Soy,2,Vanilla,Whipped Cream,High,191,602,62,15.4,3.3,7.33,623.05,3.8,8501,Low,No,Yes,Yes,Yes,Yes,No,Cheesecake,Evening,Sweet,Hot,India
SB01188,Matcha Refresher,Refresher,Grande,Cold,"A handcrafted Matcha Refresher prepared with premium Starbucks-style coffee or tea, whole milk, classic syrup and carefully balanced flavors.",Skim,0,None,None,High,107,384,19,1.1,4.2,3.88,329.8,4.4,14679,Medium,No,No,Yes,Yes,No,Yes,Cheesecake,Evening,Bold,Cold,UK
SB01189,Vanilla Frappuccino,Frappuccino,Grande,Cold,"A handcrafted Vanilla Frappuccino prepared with premium Starbucks-style coffee or tea, skim milk, classic syrup and carefully balanced flavors.",Whole,4,Hazelnut,Caramel Drizzle,Medium,43,315,38,11.6,28.3,6.34,538.9,3.9,43525,Very High,Yes,Yes,Yes,No,Yes,Yes,Sandwich,Morning,Creamy,Cold,Japan
SB01190,Chai Refresher,Refresher,Tall,Cold,"A handcrafted Chai Refresher prepared with premium Starbucks-style coffee or tea, whole milk, vanilla syrup and carefully balanced flavors.",Almond,0,Hazelnut,None,High,219,627,37,16.5,24.7,4.67,396.95,4.3,15278,Medium,Yes,Yes,Yes,Yes,Yes,No,Croissant,Afternoon,Sweet,Cold,Japan
SB01191,Caramel Cappuccino,Cappuccino,Tall,Hot,"A handcrafted Caramel Cappuccino prepared with premium Starbucks-style coffee or tea, soy milk, hazelnut syrup and carefully balanced flavors.",Whole,0,Hazelnut,None,Low,224,211,26,9.5,11.7,6.7,569.5,4.3,11585,Medium,Yes,No,Yes,No,No,No,Cheesecake,Afternoon,Chocolatey,Hot,Canada
SB01192,Classic Americano,Americano,Venti,Cold,"A handcrafted Classic Americano prepared with premium Starbucks-style coffee or tea, almond milk, toffee nut syrup and carefully balanced flavors.",Skim,4,Toffee Nut,Chocolate Shavings,Medium,149,593,59,19.1,10.0,7.22,613.7,3.6,4531,Low,Yes,Yes,Yes,Yes,No,Yes,Cookie,Morning,Bold,Cold,India
SB01193,Java Chip Macchiato,Macchiato,Venti,Cold,"A handcrafted Java Chip Macchiato prepared with premium Starbucks-style coffee or tea, whole milk, vanilla syrup and carefully balanced flavors.",Soy,0,None,None,Low,45,280,52,19.8,1.4,7.91,672.35,4.6,6517,Low,No,Yes,Yes,Yes,No,Yes,Blueberry Muffin,Evening,Bold,Cold,USA
SB01194,Matcha Tea,Tea,Venti,Cold,"A handcrafted Matcha Tea prepared with premium Starbucks-style coffee or tea, almond milk, caramel syrup and carefully balanced flavors.",Oat,3,None,Chocolate Shavings,High,190,631,9,19.3,10.6,2.73,232.05,4.4,15952,Medium,No,No,Yes,Yes,Yes,No,Croissant,Afternoon,Nutty,Cold,USA
SB01195,Mango Cold Brew,Cold Brew,Tall,Cold,"A handcrafted Mango Cold Brew prepared with premium Starbucks-style coffee or tea, skim milk, classic syrup and carefully balanced flavors.",Soy,4,Toffee Nut,Caramel Drizzle,Low,265,493,66,4.4,29.4,5.41,459.85,3.8,43543,Very High,Yes,No,Yes,No,Yes,Yes,Sandwich,Morning,Sweet,Cold,Global
SB01196,Matcha Flat White,Flat White,Tall,Hot,"A handcrafted Matcha Flat White prepared with premium Starbucks-style coffee or tea, whole milk, none syrup and carefully balanced flavors.",Whole,4,Caramel,Chocolate Shavings,Low,263,329,8,17.6,14.2,6.47,549.95,4.8,15741,Medium,Yes,No,Yes,No,No,No,Blueberry Muffin,Evening,Sweet,Hot,India
SB01197,White Mocha Refresher,Refresher,Grande,Cold,"A handcrafted White Mocha Refresher prepared with premium Starbucks-style coffee or tea, skim milk, vanilla syrup and carefully balanced flavors.",Soy,3,Toffee Nut,None,Medium,133,320,27,6.2,28.6,3.23,274.55,4.8,39424,High,Yes,No,Yes,No,Yes,No,Cheesecake,Morning,Bold,Cold,India
SB01198,White Mocha Frappuccino,Frappuccino,Grande,Cold,"A handcrafted White Mocha Frappuccino prepared with premium Starbucks-style coffee or tea, whole milk, caramel syrup and carefully balanced flavors.",Whole,0,Classic,Caramel Drizzle,Low,298,150,46,6.6,25.4,7.48,635.8,3.8,16489,Medium,No,No,Yes,No,No,No,Blueberry Muffin,Morning,Fruity,Cold,Canada
SB01199,Classic Cold Brew,Cold Brew,Grande,Cold,"A handcrafted Classic Cold Brew prepared with premium Starbucks-style coffee or tea, oat milk, caramel syrup and carefully balanced flavors.",Skim,0,Toffee Nut,Whipped Cream,High,166,35,62,17.1,23.3,5.25,446.25,4.6,45333,Very High,No,Yes,Yes,Yes,No,Yes,Croissant,Evening,Nutty,Cold,Canada
SB01200,Matcha Flat White,Flat White,Tall,Cold,"A handcrafted Matcha Flat White prepared with premium Starbucks-style coffee or tea, oat milk, classic syrup and carefully balanced flavors.",Oat,3,Classic,None,High,257,98,9,19.6,26.9,6.05,514.25,3.6,8453,Low,Yes,Yes,Yes,Yes,No,No,Croissant,Afternoon,Chocolatey,Cold,USA
SB01201,Chai Americano,Americano,Grande,Cold,"A handcrafted Chai Americano prepared with premium Starbucks-style coffee or tea, almond milk, caramel syrup and carefully balanced flavors.",Soy,1,None,None,Low,3,153,48,5.3,13.8,6.43,546.55,4.1,12250,Medium,Yes,No,Yes,No,Yes,No,Cheesecake,Evening,Nutty,Cold,Canada
SB01202,Vanilla Mocha,Mocha,Grande,Hot,"A handcrafted Vanilla Mocha prepared with premium Starbucks-style coffee or tea, soy milk, toffee nut syrup and carefully balanced flavors.",Soy,1,Toffee Nut,Whipped Cream,Medium,88,365,30,10.1,23.6,2.96,251.6,3.8,36485,High,No,Yes,Yes,No,Yes,No,Sandwich,Morning,Fruity,Hot,Japan
SB01203,Caramel Macchiato,Macchiato,Grande,Cold,"A handcrafted Caramel Macchiato prepared with premium Starbucks-style coffee or tea, soy milk, toffee nut syrup and carefully balanced flavors.",Skim,0,Hazelnut,Caramel Drizzle,High,81,136,62,4.5,9.0,7.41,629.85,4.3,18038,Medium,Yes,No,Yes,No,No,No,Croissant,Morning,Creamy,Cold,UK
SB01204,Caramel Tea,Tea,Tall,Cold,"A handcrafted Caramel Tea prepared with premium Starbucks-style coffee or tea, soy milk, vanilla syrup and carefully balanced flavors.",Soy,2,Caramel,None,High,134,321,29,12.4,11.1,3.34,283.9,3.7,40626,Very High,No,Yes,Yes,No,No,Yes,Cheesecake,Afternoon,Sweet,Cold,UK
SB01205,Classic Latte,Latte,Grande,Cold,"A handcrafted Classic Latte prepared with premium Starbucks-style coffee or tea, whole milk, hazelnut syrup and carefully balanced flavors.",Skim,2,Hazelnut,Caramel Drizzle,High,37,648,34,14.6,15.2,6.98,593.3,4.1,13730,Medium,Yes,No,Yes,No,No,No,Blueberry Muffin,Afternoon,Fruity,Cold,Japan
SB01206,Strawberry Latte,Latte,Grande,Hot,"A handcrafted Strawberry Latte prepared with premium Starbucks-style coffee or tea, whole milk, caramel syrup and carefully balanced flavors.",Oat,1,Hazelnut,None,Low,85,331,9,14.9,6.7,7.43,631.55,4.0,21136,Medium,No,Yes,Yes,Yes,Yes,Yes,Sandwich,Morning,Bold,Hot,Canada
SB01207,Strawberry Espresso,Espresso,Tall,Cold,"A handcrafted Strawberry Espresso prepared with premium Starbucks-style coffee or tea, almond milk, hazelnut syrup and carefully balanced flavors.",Whole,0,Classic,Caramel Drizzle,High,36,603,20,9.8,2.1,8.02,681.7,4.4,8704,Low,No,Yes,Yes,No,Yes,Yes,Blueberry Muffin,Morning,Nutty,Cold,Canada
SB01208,Strawberry Cappuccino,Cappuccino,Venti,Cold,"A handcrafted Strawberry Cappuccino prepared with premium Starbucks-style coffee or tea, skim milk, vanilla syrup and carefully balanced flavors.",Oat,0,Vanilla,Whipped Cream,High,48,464,29,0.7,22.2,6.02,511.7,3.6,1915,Low,No,No,Yes,Yes,No,Yes,Sandwich,Afternoon,Fruity,Cold,Global
SB01209,Hazelnut Mocha,Mocha,Tall,Cold,"A handcrafted Hazelnut Mocha prepared with premium Starbucks-style coffee or tea, soy milk, vanilla syrup and carefully balanced flavors.",Coconut,3,Vanilla,Whipped Cream,High,108,639,14,8.2,3.3,6.28,533.8,4.5,30391,High,No,Yes,Yes,No,Yes,No,Blueberry Muffin,Afternoon,Nutty,Cold,UK
SB01210,White Mocha Flat White,Flat White,Grande,Hot,"A handcrafted White Mocha Flat White prepared with premium Starbucks-style coffee or tea, oat milk, hazelnut syrup and carefully balanced flavors.",Oat,2,Classic,Chocolate Shavings,Low,224,493,37,19.2,1.5,7.5,637.5,4.3,13180,Medium,No,No,Yes,No,No,Yes,Blueberry Muffin,Morning,Creamy,Hot,India
SB01211,White Mocha Mocha,Mocha,Grande,Cold,"A handcrafted White Mocha Mocha prepared with premium Starbucks-style coffee or tea, soy milk, classic syrup and carefully balanced flavors.",Coconut,1,None,Caramel Drizzle,Low,38,420,10,10.9,13.0,7.71,655.35,4.8,44965,Very High,No,No,Yes,Yes,Yes,No,Cheesecake,Afternoon,Sweet,Cold,Japan
SB01212,Matcha Cappuccino,Cappuccino,Tall,Hot,"A handcrafted Matcha Cappuccino prepared with premium Starbucks-style coffee or tea, skim milk, none syrup and carefully balanced flavors.",Skim,1,Vanilla,Chocolate Shavings,Low,299,334,2,8.4,25.6,3.33,283.05,3.9,8032,Low,Yes,Yes,Yes,Yes,No,No,Cookie,Evening,Nutty,Hot,Global
SB01213,Mocha Espresso,Espresso,Tall,Hot,"A handcrafted Mocha Espresso prepared with premium Starbucks-style coffee or tea, coconut milk, caramel syrup and carefully balanced flavors.",Whole,2,Caramel,Whipped Cream,High,82,281,39,17.4,15.2,8.1,688.5,3.7,29058,High,Yes,Yes,Yes,Yes,Yes,Yes,Blueberry Muffin,Morning,Bold,Hot,Japan
SB01214,Vanilla Refresher,Refresher,Grande,Cold,"A handcrafted Vanilla Refresher prepared with premium Starbucks-style coffee or tea, skim milk, none syrup and carefully balanced flavors.",Soy,2,Hazelnut,Chocolate Shavings,Medium,219,504,46,8.5,6.6,7.38,627.3,4.0,7263,Low,Yes,Yes,Yes,No,Yes,No,Sandwich,Evening,Bold,Cold,Global
SB01215,Mocha Flat White,Flat White,Venti,Cold,"A handcrafted Mocha Flat White prepared with premium Starbucks-style coffee or tea, almond milk, vanilla syrup and carefully balanced flavors.",Skim,4,None,None,High,188,230,2,9.4,3.1,4.95,420.75,4.3,37243,High,Yes,No,Yes,Yes,Yes,Yes,Sandwich,Evening,Creamy,Cold,UK
SB01216,Matcha Refresher,Refresher,Tall,Cold,"A handcrafted Matcha Refresher prepared with premium Starbucks-style coffee or tea, coconut milk, hazelnut syrup and carefully balanced flavors.",Skim,3,None,Caramel Drizzle,Low,100,24,54,4.3,23.7,5.01,425.85,4.6,18770,Medium,Yes,No,Yes,No,Yes,Yes,Sandwich,Afternoon,Sweet,Cold,Canada
SB01217,Java Chip Refresher,Refresher,Tall,Cold,"A handcrafted Java Chip Refresher prepared with premium Starbucks-style coffee or tea, oat milk, classic syrup and carefully balanced flavors.",Skim,0,None,Chocolate Shavings,High,5,280,22,1.8,13.9,5.9,501.5,4.7,47578,Very High,Yes,Yes,Yes,Yes,No,Yes,Blueberry Muffin,Morning,Nutty,Cold,Global
SB01218,Java Chip Mocha,Mocha,Tall,Hot,"A handcrafted Java Chip Mocha prepared with premium Starbucks-style coffee or tea, oat milk, classic syrup and carefully balanced flavors.",Oat,2,Toffee Nut,Chocolate Shavings,High,51,490,26,9.6,24.6,2.81,238.85,4.8,27381,High,No,No,Yes,No,Yes,No,Blueberry Muffin,Evening,Fruity,Hot,Japan
SB01219,Strawberry Refresher,Refresher,Tall,Cold,"A handcrafted Strawberry Refresher prepared with premium Starbucks-style coffee or tea, soy milk, toffee nut syrup and carefully balanced flavors.",Almond,4,None,Caramel Drizzle,High,296,211,56,5.8,18.7,2.83,240.55,4.2,39867,High,Yes,Yes,Yes,Yes,Yes,No,Croissant,Evening,Nutty,Cold,Japan
SB01220,Vanilla Cold Brew,Cold Brew,Grande,Cold,"A handcrafted Vanilla Cold Brew prepared with premium Starbucks-style coffee or tea, skim milk, classic syrup and carefully balanced flavors.",Coconut,3,Toffee Nut,Caramel Drizzle,High,171,506,34,18.3,23.3,5.39,458.15,3.8,28535,High,No,Yes,Yes,Yes,Yes,Yes,Croissant,Morning,Chocolatey,Cold,Global
SB01221,Vanilla Americano,Americano,Grande,Cold,"A handcrafted Vanilla Americano prepared with premium Starbucks-style coffee or tea, coconut milk, classic syrup and carefully balanced flavors.",Soy,3,Caramel,Whipped Cream,Low,232,234,5,16.0,17.1,6.77,575.45,4.6,16570,Medium,Yes,No,Yes,No,Yes,No,Sandwich,Evening,Creamy,Cold,USA
SB01222,Caramel Cappuccino,Cappuccino,Tall,Hot,"A handcrafted Caramel Cappuccino prepared with premium Starbucks-style coffee or tea, almond milk, caramel syrup and carefully balanced flavors.",Skim,3,Classic,Caramel Drizzle,Low,105,443,50,3.2,21.9,7.18,610.3,4.4,32457,High,No,Yes,Yes,Yes,Yes,No,Sandwich,Morning,Bold,Hot,USA
SB01223,Mocha Macchiato,Macchiato,Venti,Hot,"A handcrafted Mocha Macchiato prepared with premium Starbucks-style coffee or tea, whole milk, toffee nut syrup and carefully balanced flavors.",Coconut,4,None,None,High,55,584,50,8.2,17.4,6.03,512.55,4.8,6965,Low,No,Yes,Yes,Yes,No,No,Cookie,Morning,Nutty,Hot,India
SB01224,Classic Macchiato,Macchiato,Venti,Cold,"A handcrafted Classic Macchiato prepared with premium Starbucks-style coffee or tea, whole milk, caramel syrup and carefully balanced flavors.",Whole,3,Classic,Chocolate Shavings,Low,70,338,53,3.5,20.2,4.43,376.55,4.0,12060,Medium,No,No,Yes,No,Yes,Yes,Sandwich,Evening,Fruity,Cold,Canada
SB01225,Mocha Espresso,Espresso,Venti,Hot,"A handcrafted Mocha Espresso prepared with premium Starbucks-style coffee or tea, soy milk, toffee nut syrup and carefully balanced flavors.",Almond,0,None,Caramel Drizzle,High,159,602,37,18.0,13.9,8.39,713.15,4.1,12701,Medium,No,Yes,Yes,Yes,No,No,Croissant,Morning,Chocolatey,Hot,Canada
SB01226,Caramel Cappuccino,Cappuccino,Venti,Hot,"A handcrafted Caramel Cappuccino prepared with premium Starbucks-style coffee or tea, coconut milk, caramel syrup and carefully balanced flavors.",Oat,2,Classic,None,High,77,377,12,0.5,28.8,6.43,546.55,4.8,28249,High,Yes,No,Yes,No,No,No,Croissant,Morning,Fruity,Hot,Global
SB01227,Mocha Refresher,Refresher,Tall,Cold,"A handcrafted Mocha Refresher prepared with premium Starbucks-style coffee or tea, almond milk, classic syrup and carefully balanced flavors.",Whole,0,Hazelnut,Chocolate Shavings,Low,106,245,23,9.7,16.0,5.71,485.35,4.7,20554,Medium,Yes,No,Yes,No,Yes,Yes,Croissant,Evening,Creamy,Cold,India
SB01228,Java Chip Latte,Latte,Venti,Hot,"A handcrafted Java Chip Latte prepared with premium Starbucks-style coffee or tea, soy milk, none syrup and carefully balanced flavors.",Oat,2,Classic,Whipped Cream,High,78,106,55,19.8,28.1,3.64,309.4,4.9,27976,High,Yes,No,Yes,No,Yes,No,Croissant,Morning,Fruity,Hot,India
SB01229,White Mocha Refresher,Refresher,Grande,Cold,"A handcrafted White Mocha Refresher prepared with premium Starbucks-style coffee or tea, whole milk, hazelnut syrup and carefully balanced flavors.",Almond,4,Hazelnut,Caramel Drizzle,Low,117,108,25,1.2,10.6,5.39,458.15,4.1,21971,Medium,Yes,Yes,Yes,Yes,Yes,No,Sandwich,Morning,Sweet,Cold,Japan
SB01230,Chai Latte,Latte,Grande,Hot,"A handcrafted Chai Latte prepared with premium Starbucks-style coffee or tea, skim milk, hazelnut syrup and carefully balanced flavors.",Whole,4,Hazelnut,Whipped Cream,Low,164,173,14,7.3,10.8,4.78,406.3,4.6,11079,Medium,Yes,Yes,Yes,Yes,No,No,Sandwich,Evening,Fruity,Hot,USA
SB01231,Caramel Tea,Tea,Tall,Hot,"A handcrafted Caramel Tea prepared with premium Starbucks-style coffee or tea, oat milk, vanilla syrup and carefully balanced flavors.",Whole,4,Vanilla,None,High,191,350,62,0.7,8.0,3.69,313.65,4.6,4477,Low,Yes,Yes,Yes,No,Yes,Yes,Croissant,Evening,Bold,Hot,Global
SB01232,Matcha Cold Brew,Cold Brew,Grande,Cold,"A handcrafted Matcha Cold Brew prepared with premium Starbucks-style coffee or tea, whole milk, classic syrup and carefully balanced flavors.",Coconut,4,Toffee Nut,Caramel Drizzle,High,244,476,0,12.0,17.7,3.32,282.2,3.8,21263,Medium,Yes,Yes,Yes,Yes,Yes,Yes,Blueberry Muffin,Morning,Bold,Cold,India
SB01233,Mocha Espresso,Espresso,Venti,Hot,"A handcrafted Mocha Espresso prepared with premium Starbucks-style coffee or tea, skim milk, classic syrup and carefully balanced flavors.",Whole,1,Toffee Nut,Chocolate Shavings,Low,46,252,41,4.2,25.8,5.81,493.85,4.2,44710,Very High,Yes,No,Yes,No,Yes,Yes,Cookie,Morning,Bold,Hot,India
SB01234,Vanilla Flat White,Flat White,Tall,Hot,"A handcrafted Vanilla Flat White prepared with premium Starbucks-style coffee or tea, whole milk, toffee nut syrup and carefully balanced flavors.",Skim,3,Caramel,Caramel Drizzle,Low,46,492,39,8.9,9.6,7.02,596.7,3.8,27747,High,Yes,No,Yes,Yes,No,Yes,Blueberry Muffin,Morning,Nutty,Hot,Canada
SB01235,Classic Macchiato,Macchiato,Venti,Cold,"A handcrafted Classic Macchiato prepared with premium Starbucks-style coffee or tea, soy milk, hazelnut syrup and carefully balanced flavors.",Oat,0,Toffee Nut,Whipped Cream,High,125,456,68,13.9,11.2,8.49,721.65,3.5,8242,Low,No,Yes,Yes,No,Yes,Yes,Blueberry Muffin,Morning,Fruity,Cold,Canada
SB01236,White Mocha Latte,Latte,Venti,Hot,"A handcrafted White Mocha Latte prepared with premium Starbucks-style coffee or tea, coconut milk, caramel syrup and carefully balanced flavors.",Coconut,4,Caramel,Caramel Drizzle,Medium,217,332,62,11.5,10.0,2.72,231.2,4.9,7243,Low,No,Yes,Yes,Yes,No,No,Croissant,Evening,Fruity,Hot,Canada
SB01237,Mocha Americano,Americano,Venti,Cold,"A handcrafted Mocha Americano prepared with premium Starbucks-style coffee or tea, whole milk, hazelnut syrup and carefully balanced flavors.",Coconut,0,Classic,Caramel Drizzle,Low,73,143,27,1.1,2.1,7.17,609.45,3.6,35436,High,No,Yes,Yes,No,No,Yes,Sandwich,Afternoon,Nutty,Cold,Canada
SB01238,Java Chip Americano,Americano,Venti,Cold,"A handcrafted Java Chip Americano prepared with premium Starbucks-style coffee or tea, skim milk, caramel syrup and carefully balanced flavors.",Skim,4,None,None,Low,152,276,39,14.7,21.2,4.22,358.7,4.8,43334,Very High,Yes,Yes,Yes,No,No,Yes,Cookie,Evening,Fruity,Cold,India
SB01239,Vanilla Americano,Americano,Venti,Cold,"A handcrafted Vanilla Americano prepared with premium Starbucks-style coffee or tea, coconut milk, toffee nut syrup and carefully balanced flavors.",Soy,4,Vanilla,Caramel Drizzle,Medium,47,366,68,14.4,7.1,7.39,628.15,4.6,2239,Low,No,Yes,Yes,No,Yes,No,Blueberry Muffin,Morning,Bold,Cold,Global
SB01240,Hazelnut Frappuccino,Frappuccino,Tall,Cold,"A handcrafted Hazelnut Frappuccino prepared with premium Starbucks-style coffee or tea, almond milk, toffee nut syrup and carefully balanced flavors.",Skim,3,Classic,Chocolate Shavings,High,249,150,20,14.9,11.7,3.81,323.85,4.5,44631,Very High,No,Yes,Yes,No,No,No,Blueberry Muffin,Evening,Creamy,Cold,India
SB01241,Java Chip Refresher,Refresher,Grande,Cold,"A handcrafted Java Chip Refresher prepared with premium Starbucks-style coffee or tea, coconut milk, vanilla syrup and carefully balanced flavors.",Almond,2,Caramel,Whipped Cream,Medium,61,568,50,17.8,8.1,5.7,484.5,3.9,40671,Very High,Yes,Yes,Yes,No,Yes,No,Croissant,Afternoon,Bold,Cold,UK
SB01242,White Mocha Cold Brew,Cold Brew,Grande,Cold,"A handcrafted White Mocha Cold Brew prepared with premium Starbucks-style coffee or tea, whole milk, none syrup and carefully balanced flavors.",Skim,0,Toffee Nut,Whipped Cream,Medium,293,579,44,10.1,4.6,2.72,231.2,4.8,34519,High,No,Yes,Yes,Yes,No,No,Sandwich,Afternoon,Chocolatey,Cold,UK
SB01243,Classic Latte,Latte,Venti,Hot,"A handcrafted Classic Latte prepared with premium Starbucks-style coffee or tea, coconut milk, classic syrup and carefully balanced flavors.",Almond,3,Hazelnut,Caramel Drizzle,Medium,49,352,31,7.4,25.6,4.9,416.5,4.1,2719,Low,Yes,No,Yes,Yes,Yes,No,Cookie,Evening,Chocolatey,Hot,USA
SB01244,Hazelnut Tea,Tea,Venti,Hot,"A handcrafted Hazelnut Tea prepared with premium Starbucks-style coffee or tea, almond milk, hazelnut syrup and carefully balanced flavors.",Oat,1,Vanilla,Chocolate Shavings,Medium,123,579,33,15.0,29.7,8.19,696.15,4.6,37986,High,Yes,No,Yes,No,Yes,Yes,Blueberry Muffin,Morning,Nutty,Hot,UK
SB01245,Vanilla Frappuccino,Frappuccino,Venti,Cold,"A handcrafted Vanilla Frappuccino prepared with premium Starbucks-style coffee or tea, skim milk, hazelnut syrup and carefully balanced flavors.",Coconut,3,Hazelnut,Caramel Drizzle,High,230,292,8,3.3,16.7,2.89,245.65,4.0,22214,Medium,No,No,Yes,Yes,No,No,Blueberry Muffin,Evening,Sweet,Cold,Japan
SB01246,Matcha Macchiato,Macchiato,Venti,Hot,"A handcrafted Matcha Macchiato prepared with premium Starbucks-style coffee or tea, almond milk, toffee nut syrup and carefully balanced flavors.",Soy,2,Classic,Chocolate Shavings,Medium,70,636,12,9.0,4.4,5.72,486.2,3.7,29961,High,No,No,Yes,No,Yes,Yes,Sandwich,Morning,Bold,Hot,Japan
SB01247,Chai Cappuccino,Cappuccino,Tall,Cold,"A handcrafted Chai Cappuccino prepared with premium Starbucks-style coffee or tea, almond milk, vanilla syrup and carefully balanced flavors.",Coconut,4,Classic,Chocolate Shavings,High,124,485,37,8.8,12.6,2.63,223.55,3.5,44067,Very High,No,No,Yes,No,No,Yes,Blueberry Muffin,Evening,Nutty,Cold,USA
SB01248,Hazelnut Mocha,Mocha,Tall,Cold,"A handcrafted Hazelnut Mocha prepared with premium Starbucks-style coffee or tea, whole milk, classic syrup and carefully balanced flavors.",Almond,2,Toffee Nut,Chocolate Shavings,High,64,336,20,14.1,18.4,5.88,499.8,4.5,26557,High,No,No,Yes,Yes,No,No,Blueberry Muffin,Afternoon,Creamy,Cold,USA
SB01249,Java Chip Cappuccino,Cappuccino,Tall,Hot,"A handcrafted Java Chip Cappuccino prepared with premium Starbucks-style coffee or tea, skim milk, caramel syrup and carefully balanced flavors.",Soy,3,Caramel,Chocolate Shavings,High,177,630,59,6.3,6.4,6.47,549.95,4.1,48998,Very High,Yes,Yes,Yes,No,Yes,No,Blueberry Muffin,Evening,Nutty,Hot,Canada
SB01250,Classic Macchiato,Macchiato,Tall,Hot,"A handcrafted Classic Macchiato prepared with premium Starbucks-style coffee or tea, whole milk, vanilla syrup and carefully balanced flavors.",Oat,2,Hazelnut,Caramel Drizzle,Medium,143,130,29,19.7,16.7,7.65,650.25,4.3,11685,Medium,Yes,Yes,Yes,Yes,No,No,Blueberry Muffin,Evening,Fruity,Hot,UK
SB01251,Vanilla Cold Brew,Cold Brew,Tall,Cold,"A handcrafted Vanilla Cold Brew prepared with premium Starbucks-style coffee or tea, soy milk, toffee nut syrup and carefully balanced flavors.",Whole,1,Hazelnut,None,Medium,14,415,5,6.8,21.2,4.37,371.45,3.6,18984,Medium,No,Yes,Yes,Yes,Yes,No,Cookie,Evening,Sweet,Cold,Canada
SB01252,Chai Refresher,Refresher,Venti,Cold,"A handcrafted Chai Refresher prepared with premium Starbucks-style coffee or tea, whole milk, none syrup and carefully balanced flavors.",Oat,3,None,Chocolate Shavings,Low,101,152,29,3.1,12.8,6.97,592.45,4.4,6756,Low,No,Yes,Yes,Yes,No,Yes,Cheesecake,Evening,Sweet,Cold,Japan
SB01253,Vanilla Mocha,Mocha,Grande,Hot,"A handcrafted Vanilla Mocha prepared with premium Starbucks-style coffee or tea, skim milk, classic syrup and carefully balanced flavors.",Coconut,0,Vanilla,Caramel Drizzle,High,272,626,25,16.4,28.0,7.52,639.2,4.0,46465,Very High,No,Yes,Yes,Yes,No,Yes,Cheesecake,Morning,Fruity,Hot,India
SB01254,Caramel Refresher,Refresher,Venti,Cold,"A handcrafted Caramel Refresher prepared with premium Starbucks-style coffee or tea, whole milk, none syrup and carefully balanced flavors.",Whole,3,Hazelnut,Whipped Cream,Low,280,329,59,18.3,8.6,3.59,305.15,4.8,8801,Low,Yes,No,Yes,No,Yes,Yes,Blueberry Muffin,Evening,Chocolatey,Cold,Canada
SB01255,Classic Frappuccino,Frappuccino,Tall,Cold,"A handcrafted Classic Frappuccino prepared with premium Starbucks-style coffee or tea, soy milk, vanilla syrup and carefully balanced flavors.",Coconut,0,Hazelnut,Chocolate Shavings,Low,9,597,24,18.4,18.0,3.87,328.95,4.9,887,Low,No,Yes,Yes,No,No,Yes,Croissant,Morning,Sweet,Cold,Global
SB01256,Matcha Mocha,Mocha,Tall,Hot,"A handcrafted Matcha Mocha prepared with premium Starbucks-style coffee or tea, oat milk, caramel syrup and carefully balanced flavors.",Soy,2,None,Whipped Cream,Medium,286,528,34,1.0,15.9,5.32,452.2,4.0,21407,Medium,Yes,No,Yes,No,Yes,Yes,Croissant,Afternoon,Sweet,Hot,USA
SB01257,Caramel Refresher,Refresher,Grande,Cold,"A handcrafted Caramel Refresher prepared with premium Starbucks-style coffee or tea, soy milk, caramel syrup and carefully balanced flavors.",Oat,0,Hazelnut,Whipped Cream,High,178,535,2,3.0,28.6,6.37,541.45,4.9,9235,Low,Yes,Yes,Yes,No,Yes,Yes,Cookie,Evening,Sweet,Cold,UK
SB01258,Classic Latte,Latte,Venti,Hot,"A handcrafted Classic Latte prepared with premium Starbucks-style coffee or tea, soy milk, hazelnut syrup and carefully balanced flavors.",Oat,2,Vanilla,None,High,212,165,14,14.9,13.8,6.83,580.55,4.6,28903,High,No,No,Yes,Yes,No,Yes,Sandwich,Evening,Fruity,Hot,USA
SB01259,Vanilla Cold Brew,Cold Brew,Venti,Cold,"A handcrafted Vanilla Cold Brew prepared with premium Starbucks-style coffee or tea, coconut milk, caramel syrup and carefully balanced flavors.",Oat,2,None,Chocolate Shavings,High,213,249,17,2.0,12.9,4.41,374.85,5.0,6095,Low,No,Yes,Yes,Yes,Yes,No,Sandwich,Evening,Chocolatey,Cold,India
SB01260,Mocha Refresher,Refresher,Tall,Cold,"A handcrafted Mocha Refresher prepared with premium Starbucks-style coffee or tea, skim milk, vanilla syrup and carefully balanced flavors.",Oat,4,Vanilla,Chocolate Shavings,Medium,102,20,44,19.9,15.8,4.03,342.55,4.5,12003,Medium,No,Yes,Yes,No,Yes,No,Croissant,Evening,Creamy,Cold,Japan
SB01261,Matcha Frappuccino,Frappuccino,Venti,Cold,"A handcrafted Matcha Frappuccino prepared with premium Starbucks-style coffee or tea, soy milk, classic syrup and carefully balanced flavors.",Soy,1,Caramel,Caramel Drizzle,Medium,56,337,39,3.4,8.8,8.43,716.55,4.2,19546,Medium,No,Yes,Yes,Yes,No,Yes,Cookie,Morning,Chocolatey,Cold,UK
SB01262,Mango Americano,Americano,Grande,Hot,"A handcrafted Mango Americano prepared with premium Starbucks-style coffee or tea, oat milk, toffee nut syrup and carefully balanced flavors.",Soy,2,Classic,Chocolate Shavings,Medium,176,480,47,19.4,3.2,3.23,274.55,4.1,14717,Medium,Yes,No,Yes,No,No,Yes,Croissant,Morning,Nutty,Hot,USA
SB01263,Matcha Macchiato,Macchiato,Venti,Cold,"A handcrafted Matcha Macchiato prepared with premium Starbucks-style coffee or tea, coconut milk, caramel syrup and carefully balanced flavors.",Soy,3,Caramel,Whipped Cream,High,132,523,59,10.9,18.1,4.38,372.3,4.7,40824,Very High,Yes,Yes,Yes,Yes,No,Yes,Sandwich,Morning,Bold,Cold,Global
SB01264,Strawberry Refresher,Refresher,Grande,Cold,"A handcrafted Strawberry Refresher prepared with premium Starbucks-style coffee or tea, skim milk, none syrup and carefully balanced flavors.",Oat,1,Caramel,Chocolate Shavings,Low,206,629,66,20.0,8.5,7.24,615.4,3.7,15794,Medium,Yes,Yes,Yes,No,No,No,Sandwich,Morning,Nutty,Cold,Japan
SB01265,Mocha Cold Brew,Cold Brew,Grande,Cold,"A handcrafted Mocha Cold Brew prepared with premium Starbucks-style coffee or tea, skim milk, none syrup and carefully balanced flavors.",Soy,2,Vanilla,None,High,284,468,61,3.4,28.5,3.82,324.7,4.8,41921,Very High,No,Yes,Yes,Yes,Yes,Yes,Cookie,Morning,Fruity,Cold,Japan
SB01266,Mango Refresher,Refresher,Grande,Cold,"A handcrafted Mango Refresher prepared with premium Starbucks-style coffee or tea, coconut milk, hazelnut syrup and carefully balanced flavors.",Oat,1,Classic,None,Medium,52,590,1,10.0,25.2,5.59,475.15,3.9,44339,Very High,Yes,No,Yes,No,No,Yes,Cheesecake,Afternoon,Creamy,Cold,UK
SB01267,Hazelnut Flat White,Flat White,Tall,Hot,"A handcrafted Hazelnut Flat White prepared with premium Starbucks-style coffee or tea, almond milk, toffee nut syrup and carefully balanced flavors.",Skim,2,Vanilla,Chocolate Shavings,High,108,292,61,9.8,7.3,3.69,313.65,4.4,18647,Medium,No,Yes,Yes,Yes,No,Yes,Cookie,Morning,Creamy,Hot,Japan
SB01268,Vanilla Macchiato,Macchiato,Grande,Cold,"A handcrafted Vanilla Macchiato prepared with premium Starbucks-style coffee or tea, oat milk, classic syrup and carefully balanced flavors.",Coconut,3,Vanilla,Caramel Drizzle,High,3,102,21,16.8,4.6,7.17,609.45,4.1,29457,High,No,No,Yes,Yes,No,Yes,Cookie,Morning,Chocolatey,Cold,Canada
SB01269,Mocha Americano,Americano,Venti,Cold,"A handcrafted Mocha Americano prepared with premium Starbucks-style coffee or tea, soy milk, classic syrup and carefully balanced flavors.",Oat,4,Classic,Caramel Drizzle,Low,293,142,46,11.3,19.5,6.66,566.1,3.6,9921,Low,Yes,Yes,Yes,Yes,No,No,Croissant,Afternoon,Sweet,Cold,Global
SB01270,Mocha Flat White,Flat White,Grande,Cold,"A handcrafted Mocha Flat White prepared with premium Starbucks-style coffee or tea, soy milk, none syrup and carefully balanced flavors.",Coconut,0,Caramel,None,Medium,262,486,36,12.7,18.6,5.26,447.1,4.7,10570,Medium,No,Yes,Yes,Yes,No,Yes,Blueberry Muffin,Afternoon,Chocolatey,Cold,Japan
SB01271,Vanilla Cappuccino,Cappuccino,Tall,Cold,"A handcrafted Vanilla Cappuccino prepared with premium Starbucks-style coffee or tea, oat milk, caramel syrup and carefully balanced flavors.",Soy,2,Classic,Chocolate Shavings,Medium,103,257,68,15.0,0.3,6.88,584.8,3.9,35485,High,No,Yes,Yes,No,No,No,Croissant,Afternoon,Nutty,Cold,USA
SB01272,Caramel Latte,Latte,Venti,Hot,"A handcrafted Caramel Latte prepared with premium Starbucks-style coffee or tea, soy milk, toffee nut syrup and carefully balanced flavors.",Coconut,0,Classic,Caramel Drizzle,High,300,193,8,15.0,17.4,6.4,544.0,3.7,1458,Low,No,Yes,Yes,Yes,No,Yes,Cheesecake,Morning,Sweet,Hot,UK
SB01273,Matcha Flat White,Flat White,Tall,Cold,"A handcrafted Matcha Flat White prepared with premium Starbucks-style coffee or tea, whole milk, toffee nut syrup and carefully balanced flavors.",Oat,2,Caramel,Chocolate Shavings,Low,300,547,66,13.0,17.8,3.09,262.65,4.2,14879,Medium,Yes,Yes,Yes,Yes,No,No,Blueberry Muffin,Evening,Chocolatey,Cold,India
SB01274,Classic Espresso,Espresso,Grande,Cold,"A handcrafted Classic Espresso prepared with premium Starbucks-style coffee or tea, oat milk, vanilla syrup and carefully balanced flavors.",Skim,1,Caramel,Whipped Cream,High,223,362,22,5.3,22.2,4.05,344.25,4.6,22197,Medium,Yes,No,Yes,No,Yes,No,Blueberry Muffin,Morning,Bold,Cold,Global
SB01275,White Mocha Refresher,Refresher,Venti,Cold,"A handcrafted White Mocha Refresher prepared with premium Starbucks-style coffee or tea, skim milk, hazelnut syrup and carefully balanced flavors.",Coconut,0,Hazelnut,Whipped Cream,Medium,161,147,55,12.9,17.6,2.98,253.3,3.9,16939,Medium,Yes,No,Yes,Yes,No,Yes,Croissant,Afternoon,Nutty,Cold,UK
SB01276,Caramel Tea,Tea,Tall,Hot,"A handcrafted Caramel Tea prepared with premium Starbucks-style coffee or tea, skim milk, none syrup and carefully balanced flavors.",Almond,2,Caramel,Caramel Drizzle,Medium,273,395,25,14.9,18.6,6.66,566.1,4.4,16104,Medium,Yes,Yes,Yes,Yes,Yes,Yes,Cheesecake,Evening,Nutty,Hot,USA
SB01277,Mocha Espresso,Espresso,Venti,Cold,"A handcrafted Mocha Espresso prepared with premium Starbucks-style coffee or tea, whole milk, none syrup and carefully balanced flavors.",Oat,2,Toffee Nut,Whipped Cream,High,108,356,32,8.9,17.4,3.2,272.0,4.5,23278,Medium,No,Yes,Yes,No,Yes,Yes,Croissant,Morning,Bold,Cold,USA
SB01278,Vanilla Flat White,Flat White,Tall,Hot,"A handcrafted Vanilla Flat White prepared with premium Starbucks-style coffee or tea, oat milk, caramel syrup and carefully balanced flavors.",Skim,0,Toffee Nut,None,Low,250,412,52,5.9,5.7,2.66,226.1,4.7,45554,Very High,No,Yes,Yes,No,Yes,No,Croissant,Afternoon,Creamy,Hot,Japan
SB01279,Strawberry Mocha,Mocha,Grande,Cold,"A handcrafted Strawberry Mocha prepared with premium Starbucks-style coffee or tea, whole milk, none syrup and carefully balanced flavors.",Oat,0,Classic,Caramel Drizzle,Low,218,380,3,13.3,25.9,6.79,577.15,4.7,9471,Low,Yes,No,Yes,Yes,Yes,No,Cookie,Afternoon,Bold,Cold,USA
SB01280,Matcha Refresher,Refresher,Tall,Cold,"A handcrafted Matcha Refresher prepared with premium Starbucks-style coffee or tea, oat milk, caramel syrup and carefully balanced flavors.",Whole,1,None,Chocolate Shavings,Low,128,256,20,19.8,28.8,7.17,609.45,4.4,27229,High,No,No,Yes,No,No,No,Croissant,Evening,Bold,Cold,India
SB01281,White Mocha Americano,Americano,Venti,Hot,"A handcrafted White Mocha Americano prepared with premium Starbucks-style coffee or tea, almond milk, vanilla syrup and carefully balanced flavors.",Skim,2,Classic,Chocolate Shavings,Low,11,637,53,13.1,4.4,4.37,371.45,4.4,24933,Medium,Yes,No,Yes,Yes,Yes,Yes,Sandwich,Afternoon,Sweet,Hot,Canada
SB01282,Strawberry Espresso,Espresso,Grande,Cold,"A handcrafted Strawberry Espresso prepared with premium Starbucks-style coffee or tea, oat milk, hazelnut syrup and carefully balanced flavors.",Oat,1,None,Chocolate Shavings,High,299,615,7,10.2,0.3,5.5,467.5,3.6,11730,Medium,No,No,Yes,No,Yes,No,Sandwich,Afternoon,Chocolatey,Cold,USA
SB01283,Mango Cappuccino,Cappuccino,Grande,Hot,"A handcrafted Mango Cappuccino prepared with premium Starbucks-style coffee or tea, whole milk, toffee nut syrup and carefully balanced flavors.",Skim,4,Caramel,None,Medium,81,426,56,16.6,11.4,6.97,592.45,4.9,9509,Low,No,Yes,Yes,Yes,Yes,Yes,Sandwich,Morning,Chocolatey,Hot,UK
SB01284,Classic Americano,Americano,Grande,Hot,"A handcrafted Classic Americano prepared with premium Starbucks-style coffee or tea, coconut milk, classic syrup and carefully balanced flavors.",Almond,1,Caramel,Caramel Drizzle,Low,106,127,46,4.6,15.3,5.58,474.3,5.0,41772,Very High,No,Yes,Yes,No,No,Yes,Cookie,Evening,Creamy,Hot,Japan
SB01285,Hazelnut Frappuccino,Frappuccino,Venti,Cold,"A handcrafted Hazelnut Frappuccino prepared with premium Starbucks-style coffee or tea, whole milk, hazelnut syrup and carefully balanced flavors.",Soy,1,Toffee Nut,None,High,169,255,33,8.0,17.7,7.23,614.55,4.8,46632,Very High,Yes,No,Yes,Yes,Yes,No,Sandwich,Afternoon,Chocolatey,Cold,UK
SB01286,Strawberry Refresher,Refresher,Venti,Cold,"A handcrafted Strawberry Refresher prepared with premium Starbucks-style coffee or tea, almond milk, toffee nut syrup and carefully balanced flavors.",Whole,1,Vanilla,Whipped Cream,Low,47,325,44,17.8,25.2,6.98,593.3,4.9,18068,Medium,No,No,Yes,Yes,Yes,Yes,Blueberry Muffin,Morning,Bold,Cold,USA
SB01287,Vanilla Macchiato,Macchiato,Venti,Cold,"A handcrafted Vanilla Macchiato prepared with premium Starbucks-style coffee or tea, coconut milk, hazelnut syrup and carefully balanced flavors.",Skim,1,Caramel,Whipped Cream,Low,144,528,44,10.7,11.1,3.19,271.15,4.3,27987,High,Yes,Yes,Yes,Yes,Yes,Yes,Cookie,Evening,Fruity,Cold,USA
SB01288,Strawberry Latte,Latte,Tall,Cold,"A handcrafted Strawberry Latte prepared with premium Starbucks-style coffee or tea, oat milk, caramel syrup and carefully balanced flavors.",Coconut,2,Caramel,Chocolate Shavings,High,221,578,22,7.4,9.9,7.76,659.6,4.8,48145,Very High,Yes,Yes,Yes,Yes,Yes,Yes,Cookie,Evening,Sweet,Cold,UK
SB01289,Classic Cold Brew,Cold Brew,Tall,Cold,"A handcrafted Classic Cold Brew prepared with premium Starbucks-style coffee or tea, soy milk, classic syrup and carefully balanced flavors.",Whole,1,Caramel,Caramel Drizzle,High,66,267,4,13.9,8.0,4.88,414.8,3.8,34515,High,Yes,No,Yes,Yes,Yes,No,Cheesecake,Afternoon,Chocolatey,Cold,Japan
SB01290,Hazelnut Macchiato,Macchiato,Venti,Cold,"A handcrafted Hazelnut Macchiato prepared with premium Starbucks-style coffee or tea, oat milk, toffee nut syrup and carefully balanced flavors.",Coconut,0,Hazelnut,Caramel Drizzle,Medium,32,499,59,13.8,23.0,5.88,499.8,3.9,46544,Very High,Yes,Yes,Yes,Yes,Yes,No,Croissant,Evening,Sweet,Cold,India
SB01291,Caramel Mocha,Mocha,Venti,Cold,"A handcrafted Caramel Mocha prepared with premium Starbucks-style coffee or tea, almond milk, classic syrup and carefully balanced flavors.",Whole,0,Hazelnut,Whipped Cream,Low,97,339,3,16.6,17.5,4.87,413.95,4.8,30701,High,No,No,Yes,No,No,No,Blueberry Muffin,Evening,Creamy,Cold,India
SB01292,White Mocha Cold Brew,Cold Brew,Tall,Cold,"A handcrafted White Mocha Cold Brew prepared with premium Starbucks-style coffee or tea, almond milk, toffee nut syrup and carefully balanced flavors.",Almond,0,Caramel,None,High,280,627,22,14.8,25.2,3.69,313.65,4.9,9003,Low,No,Yes,Yes,No,No,No,Croissant,Morning,Chocolatey,Cold,UK
SB01293,Caramel Americano,Americano,Grande,Hot,"A handcrafted Caramel Americano prepared with premium Starbucks-style coffee or tea, almond milk, caramel syrup and carefully balanced flavors.",Soy,3,None,Whipped Cream,Low,81,20,11,19.3,1.8,4.39,373.15,4.1,47540,Very High,No,No,Yes,Yes,Yes,No,Cookie,Evening,Fruity,Hot,Japan
SB01294,Mocha Cappuccino,Cappuccino,Grande,Hot,"A handcrafted Mocha Cappuccino prepared with premium Starbucks-style coffee or tea, coconut milk, hazelnut syrup and carefully balanced flavors.",Almond,0,Toffee Nut,None,High,292,604,42,3.8,10.6,7.91,672.35,4.2,10884,Medium,No,Yes,Yes,Yes,Yes,No,Cookie,Afternoon,Creamy,Hot,India
SB01295,White Mocha Cold Brew,Cold Brew,Grande,Cold,"A handcrafted White Mocha Cold Brew prepared with premium Starbucks-style coffee or tea, oat milk, classic syrup and carefully balanced flavors.",Almond,1,Hazelnut,Chocolate Shavings,Medium,138,207,33,11.8,22.3,8.33,708.05,4.9,8807,Low,No,Yes,Yes,Yes,Yes,Yes,Cheesecake,Morning,Sweet,Cold,India
SB01296,Matcha Flat White,Flat White,Tall,Hot,"A handcrafted Matcha Flat White prepared with premium Starbucks-style coffee or tea, coconut milk, toffee nut syrup and carefully balanced flavors.",Oat,4,None,Chocolate Shavings,Medium,199,224,14,9.2,23.2,4.7,399.5,4.6,20448,Medium,No,No,Yes,No,Yes,No,Blueberry Muffin,Morning,Sweet,Hot,UK
SB01297,Strawberry Espresso,Espresso,Grande,Hot,"A handcrafted Strawberry Espresso prepared with premium Starbucks-style coffee or tea, whole milk, vanilla syrup and carefully balanced flavors.",Whole,1,Caramel,None,Low,271,360,22,7.6,23.6,3.99,339.15,4.8,43952,Very High,No,No,Yes,Yes,No,No,Blueberry Muffin,Evening,Chocolatey,Hot,UK
SB01298,Caramel Refresher,Refresher,Venti,Cold,"A handcrafted Caramel Refresher prepared with premium Starbucks-style coffee or tea, soy milk, none syrup and carefully balanced flavors.",Almond,3,Vanilla,None,Low,46,515,33,4.0,0.6,3.87,328.95,3.9,47152,Very High,Yes,No,Yes,Yes,No,Yes,Blueberry Muffin,Morning,Bold,Cold,India
SB01299,Strawberry Mocha,Mocha,Venti,Cold,"A handcrafted Strawberry Mocha prepared with premium Starbucks-style coffee or tea, soy milk, classic syrup and carefully balanced flavors.",Skim,3,Toffee Nut,Caramel Drizzle,High,150,114,33,15.2,17.5,3.87,328.95,4.0,6706,Low,No,Yes,Yes,No,Yes,Yes,Croissant,Morning,Bold,Cold,Canada
SB01300,White Mocha Espresso,Espresso,Venti,Hot,"A handcrafted White Mocha Espresso prepared with premium Starbucks-style coffee or tea, whole milk, caramel syrup and carefully balanced flavors.",Skim,2,None,None,High,82,169,37,9.4,11.0,7.19,611.15,3.8,23897,Medium,Yes,No,Yes,Yes,No,Yes,Cheesecake,Evening,Fruity,Hot,India
SB01301,Matcha Refresher,Refresher,Tall,Cold,"A handcrafted Matcha Refresher prepared with premium Starbucks-style coffee or tea, skim milk, classic syrup and carefully balanced flavors.",Oat,2,Caramel,Chocolate Shavings,Medium,214,370,26,15.7,4.6,4.34,368.9,4.2,45733,Very High,Yes,Yes,Yes,Yes,No,Yes,Blueberry Muffin,Morning,Creamy,Cold,Canada
SB01302,Vanilla Tea,Tea,Venti,Cold,"A handcrafted Vanilla Tea prepared with premium Starbucks-style coffee or tea, skim milk, toffee nut syrup and carefully balanced flavors.",Oat,1,Toffee Nut,Chocolate Shavings,High,2,584,17,17.5,17.0,3.31,281.35,4.9,27694,High,No,No,Yes,No,No,Yes,Blueberry Muffin,Evening,Bold,Cold,Global
SB01303,Caramel Latte,Latte,Tall,Hot,"A handcrafted Caramel Latte prepared with premium Starbucks-style coffee or tea, almond milk, classic syrup and carefully balanced flavors.",Soy,0,None,Caramel Drizzle,Low,233,614,3,13.4,8.0,3.73,317.05,3.9,24883,Medium,Yes,No,Yes,No,Yes,Yes,Cheesecake,Morning,Chocolatey,Hot,Japan
SB01304,Java Chip Cold Brew,Cold Brew,Grande,Cold,"A handcrafted Java Chip Cold Brew prepared with premium Starbucks-style coffee or tea, almond milk, vanilla syrup and carefully balanced flavors.",Soy,4,Vanilla,Chocolate Shavings,High,290,479,56,3.6,18.3,5.75,488.75,3.8,14019,Medium,No,No,Yes,No,No,Yes,Croissant,Afternoon,Fruity,Cold,Global
SB01305,Classic Mocha,Mocha,Grande,Cold,"A handcrafted Classic Mocha prepared with premium Starbucks-style coffee or tea, almond milk, toffee nut syrup and carefully balanced flavors.",Oat,1,Hazelnut,Whipped Cream,High,78,145,33,18.8,16.9,6.05,514.25,4.1,42304,Very High,No,Yes,Yes,Yes,Yes,No,Cheesecake,Afternoon,Chocolatey,Cold,UK
SB01306,White Mocha Espresso,Espresso,Grande,Hot,"A handcrafted White Mocha Espresso prepared with premium Starbucks-style coffee or tea, almond milk, toffee nut syrup and carefully balanced flavors.",Whole,1,Caramel,None,High,209,345,68,3.0,25.7,5.62,477.7,4.6,43961,Very High,Yes,Yes,Yes,Yes,Yes,Yes,Cookie,Afternoon,Creamy,Hot,India
SB01307,Chai Macchiato,Macchiato,Tall,Cold,"A handcrafted Chai Macchiato prepared with premium Starbucks-style coffee or tea, coconut milk, hazelnut syrup and carefully balanced flavors.",Skim,3,Vanilla,Whipped Cream,Low,5,275,52,5.4,14.0,4.76,404.6,4.8,17114,Medium,Yes,No,Yes,Yes,No,Yes,Blueberry Muffin,Afternoon,Bold,Cold,UK
SB01308,Mocha Latte,Latte,Venti,Hot,"A handcrafted Mocha Latte prepared with premium Starbucks-style coffee or tea, skim milk, hazelnut syrup and carefully balanced flavors.",Skim,3,Vanilla,Chocolate Shavings,Medium,234,411,27,4.6,10.5,6.43,546.55,4.3,49239,Very High,No,No,Yes,No,Yes,No,Croissant,Afternoon,Nutty,Hot,Japan
SB01309,Caramel Macchiato,Macchiato,Tall,Cold,"A handcrafted Caramel Macchiato prepared with premium Starbucks-style coffee or tea, skim milk, hazelnut syrup and carefully balanced flavors.",Oat,4,Toffee Nut,Whipped Cream,Low,1,59,63,2.0,24.5,8.31,706.35,3.8,6681,Low,No,Yes,Yes,Yes,Yes,No,Cheesecake,Evening,Creamy,Cold,USA
SB01310,Mocha Cappuccino,Cappuccino,Venti,Cold,"A handcrafted Mocha Cappuccino prepared with premium Starbucks-style coffee or tea, coconut milk, caramel syrup and carefully balanced flavors.",Almond,3,Caramel,Chocolate Shavings,Low,121,484,17,5.9,25.1,8.49,721.65,3.9,10848,Medium,No,No,Yes,Yes,No,No,Blueberry Muffin,Morning,Chocolatey,Cold,UK
SB01311,Strawberry Americano,Americano,Tall,Hot,"A handcrafted Strawberry Americano prepared with premium Starbucks-style coffee or tea, whole milk, hazelnut syrup and carefully balanced flavors.",Whole,3,Vanilla,None,Low,209,21,36,8.0,7.5,2.67,226.95,4.8,37540,High,No,No,Yes,Yes,Yes,No,Sandwich,Morning,Bold,Hot,Global
SB01312,Chai Espresso,Espresso,Tall,Hot,"A handcrafted Chai Espresso prepared with premium Starbucks-style coffee or tea, coconut milk, hazelnut syrup and carefully balanced flavors.",Whole,3,None,Whipped Cream,Medium,6,583,49,4.1,13.3,6.07,515.95,4.0,33418,High,Yes,Yes,Yes,No,No,Yes,Croissant,Morning,Bold,Hot,Japan
SB01313,Mango Latte,Latte,Grande,Cold,"A handcrafted Mango Latte prepared with premium Starbucks-style coffee or tea, oat milk, hazelnut syrup and carefully balanced flavors.",Skim,3,Toffee Nut,Whipped Cream,High,219,328,39,4.7,11.7,4.4,374.0,3.9,16928,Medium,No,Yes,Yes,Yes,Yes,Yes,Croissant,Morning,Fruity,Cold,USA
SB01314,Matcha Americano,Americano,Venti,Cold,"A handcrafted Matcha Americano prepared with premium Starbucks-style coffee or tea, skim milk, vanilla syrup and carefully balanced flavors.",Coconut,1,Hazelnut,None,Medium,241,523,70,9.6,23.1,4.29,364.65,5.0,32617,High,Yes,No,Yes,No,Yes,Yes,Cookie,Evening,Nutty,Cold,Global
SB01315,Chai Flat White,Flat White,Grande,Hot,"A handcrafted Chai Flat White prepared with premium Starbucks-style coffee or tea, soy milk, hazelnut syrup and carefully balanced flavors.",Whole,3,Hazelnut,Whipped Cream,Medium,105,467,6,11.8,8.8,3.21,272.85,4.8,28313,High,No,No,Yes,No,No,Yes,Blueberry Muffin,Afternoon,Fruity,Hot,Global
SB01316,Hazelnut Flat White,Flat White,Venti,Hot,"A handcrafted Hazelnut Flat White prepared with premium Starbucks-style coffee or tea, almond milk, toffee nut syrup and carefully balanced flavors.",Skim,3,Caramel,Whipped Cream,High,190,263,48,16.3,10.2,2.93,249.05,3.6,42308,Very High,No,Yes,Yes,No,Yes,No,Croissant,Afternoon,Bold,Hot,USA
SB01317,Classic Frappuccino,Frappuccino,Tall,Cold,"A handcrafted Classic Frappuccino prepared with premium Starbucks-style coffee or tea, coconut milk, none syrup and carefully balanced flavors.",Oat,0,Vanilla,None,Medium,24,542,37,10.9,25.3,4.38,372.3,4.4,36895,High,No,Yes,Yes,Yes,No,Yes,Cheesecake,Evening,Sweet,Cold,Global
SB01318,Vanilla Frappuccino,Frappuccino,Grande,Cold,"A handcrafted Vanilla Frappuccino prepared with premium Starbucks-style coffee or tea, soy milk, caramel syrup and carefully balanced flavors.",Almond,4,Caramel,None,High,26,120,66,15.5,29.2,3.07,260.95,3.8,32445,High,No,Yes,Yes,No,No,No,Cheesecake,Evening,Nutty,Cold,Canada
SB01319,Strawberry Tea,Tea,Tall,Cold,"A handcrafted Strawberry Tea prepared with premium Starbucks-style coffee or tea, skim milk, classic syrup and carefully balanced flavors.",Soy,1,Classic,None,Low,18,57,43,5.1,28.8,3.61,306.85,4.8,38755,High,Yes,No,Yes,Yes,No,Yes,Croissant,Evening,Fruity,Cold,India
SB01320,White Mocha Tea,Tea,Tall,Hot,"A handcrafted White Mocha Tea prepared with premium Starbucks-style coffee or tea, almond milk, classic syrup and carefully balanced flavors.",Soy,3,None,Caramel Drizzle,Medium,87,302,32,2.8,28.2,4.34,368.9,3.8,22772,Medium,No,Yes,Yes,No,No,No,Sandwich,Morning,Creamy,Hot,Global
SB01321,Strawberry Flat White,Flat White,Grande,Cold,"A handcrafted Strawberry Flat White prepared with premium Starbucks-style coffee or tea, skim milk, vanilla syrup and carefully balanced flavors.",Soy,2,Hazelnut,Whipped Cream,Low,30,386,26,16.7,25.6,4.56,387.6,3.5,21194,Medium,No,Yes,Yes,Yes,Yes,No,Cheesecake,Evening,Creamy,Cold,India
SB01322,Matcha Tea,Tea,Grande,Hot,"A handcrafted Matcha Tea prepared with premium Starbucks-style coffee or tea, coconut milk, none syrup and carefully balanced flavors.",Soy,2,Vanilla,None,Medium,265,524,12,18.4,7.4,6.38,542.3,5.0,2754,Low,No,Yes,Yes,Yes,Yes,Yes,Blueberry Muffin,Evening,Creamy,Hot,Global
SB01323,Chai Espresso,Espresso,Venti,Hot,"A handcrafted Chai Espresso prepared with premium Starbucks-style coffee or tea, skim milk, vanilla syrup and carefully balanced flavors.",Skim,1,Caramel,Caramel Drizzle,Medium,229,222,31,2.9,14.6,4.74,402.9,4.5,16919,Medium,No,No,Yes,Yes,No,Yes,Blueberry Muffin,Afternoon,Bold,Hot,Global
SB01324,Java Chip Latte,Latte,Tall,Cold,"A handcrafted Java Chip Latte prepared with premium Starbucks-style coffee or tea, soy milk, none syrup and carefully balanced flavors.",Whole,4,Vanilla,Caramel Drizzle,High,114,414,15,9.9,13.5,6.75,573.75,4.9,9134,Low,Yes,Yes,Yes,Yes,Yes,No,Croissant,Morning,Bold,Cold,Global
SB01325,Classic Refresher,Refresher,Venti,Cold,"A handcrafted Classic Refresher prepared with premium Starbucks-style coffee or tea, skim milk, hazelnut syrup and carefully balanced flavors.",Soy,2,Hazelnut,None,High,40,511,30,11.7,22.5,3.76,319.6,3.7,6341,Low,No,No,Yes,Yes,Yes,No,Cookie,Afternoon,Sweet,Cold,Canada
SB01326,Mocha Americano,Americano,Venti,Hot,"A handcrafted Mocha Americano prepared with premium Starbucks-style coffee or tea, almond milk, none syrup and carefully balanced flavors.",Oat,3,Classic,Chocolate Shavings,High,83,48,22,1.5,12.4,5.69,483.65,3.8,40561,Very High,Yes,Yes,Yes,No,No,Yes,Sandwich,Afternoon,Creamy,Hot,Global
SB01327,Chai Mocha,Mocha,Grande,Cold,"A handcrafted Chai Mocha prepared with premium Starbucks-style coffee or tea, skim milk, toffee nut syrup and carefully balanced flavors.",Whole,1,Toffee Nut,Chocolate Shavings,High,287,551,63,7.9,2.8,6.63,563.55,3.6,43419,Very High,No,Yes,Yes,Yes,No,Yes,Cookie,Evening,Creamy,Cold,UK
SB01328,Mango Frappuccino,Frappuccino,Grande,Cold,"A handcrafted Mango Frappuccino prepared with premium Starbucks-style coffee or tea, almond milk, none syrup and carefully balanced flavors.",Oat,3,Vanilla,Chocolate Shavings,Medium,113,338,48,12.6,3.1,8.31,706.35,4.3,44588,Very High,No,No,Yes,Yes,No,Yes,Sandwich,Evening,Bold,Cold,UK
SB01329,White Mocha Cold Brew,Cold Brew,Venti,Cold,"A handcrafted White Mocha Cold Brew prepared with premium Starbucks-style coffee or tea, coconut milk, hazelnut syrup and carefully balanced flavors.",Oat,0,Classic,Caramel Drizzle,High,20,534,36,0.2,20.6,2.68,227.8,4.3,29954,High,No,Yes,Yes,Yes,No,Yes,Croissant,Afternoon,Sweet,Cold,UK
SB01330,Chai Cold Brew,Cold Brew,Grande,Cold,"A handcrafted Chai Cold Brew prepared with premium Starbucks-style coffee or tea, skim milk, caramel syrup and carefully balanced flavors.",Oat,4,Vanilla,Whipped Cream,Medium,299,153,2,7.5,20.0,4.12,350.2,4.8,49064,Very High,Yes,Yes,Yes,Yes,Yes,No,Blueberry Muffin,Afternoon,Creamy,Cold,Canada
SB01331,White Mocha Mocha,Mocha,Grande,Hot,"A handcrafted White Mocha Mocha prepared with premium Starbucks-style coffee or tea, whole milk, classic syrup and carefully balanced flavors.",Soy,2,Classic,Chocolate Shavings,Medium,216,560,17,12.0,29.5,4.13,351.05,3.8,5755,Low,No,No,Yes,Yes,No,No,Cookie,Afternoon,Sweet,Hot,Japan
SB01332,Mocha Frappuccino,Frappuccino,Grande,Cold,"A handcrafted Mocha Frappuccino prepared with premium Starbucks-style coffee or tea, soy milk, caramel syrup and carefully balanced flavors.",Soy,3,None,Whipped Cream,Low,166,507,20,6.9,7.3,3.38,287.3,3.7,38197,High,Yes,No,Yes,Yes,Yes,Yes,Sandwich,Afternoon,Bold,Cold,USA
SB01333,Hazelnut Refresher,Refresher,Tall,Cold,"A handcrafted Hazelnut Refresher prepared with premium Starbucks-style coffee or tea, soy milk, caramel syrup and carefully balanced flavors.",Almond,3,Vanilla,Whipped Cream,Low,193,229,3,6.3,15.9,6.49,551.65,4.1,21188,Medium,No,No,Yes,No,No,Yes,Cheesecake,Morning,Chocolatey,Cold,Japan
SB01334,Chai Cold Brew,Cold Brew,Tall,Cold,"A handcrafted Chai Cold Brew prepared with premium Starbucks-style coffee or tea, oat milk, toffee nut syrup and carefully balanced flavors.",Skim,3,None,Chocolate Shavings,High,10,138,46,6.4,3.3,8.16,693.6,4.8,4365,Low,No,Yes,Yes,Yes,No,Yes,Cheesecake,Evening,Chocolatey,Cold,Canada
SB01335,Caramel Tea,Tea,Grande,Hot,"A handcrafted Caramel Tea prepared with premium Starbucks-style coffee or tea, almond milk, caramel syrup and carefully balanced flavors.",Oat,2,Hazelnut,Chocolate Shavings,Medium,239,77,43,0.7,25.0,7.41,629.85,3.7,18776,Medium,No,No,Yes,Yes,No,Yes,Cookie,Evening,Bold,Hot,India
SB01336,Java Chip Americano,Americano,Venti,Cold,"A handcrafted Java Chip Americano prepared with premium Starbucks-style coffee or tea, almond milk, toffee nut syrup and carefully balanced flavors.",Almond,1,Hazelnut,Whipped Cream,High,291,506,46,13.0,19.7,3.66,311.1,4.0,30419,High,No,No,Yes,Yes,No,No,Blueberry Muffin,Evening,Bold,Cold,Japan
SB01337,Caramel Macchiato,Macchiato,Grande,Hot,"A handcrafted Caramel Macchiato prepared with premium Starbucks-style coffee or tea, coconut milk, classic syrup and carefully balanced flavors.",Soy,4,Hazelnut,None,Low,26,442,31,19.8,24.4,4.73,402.05,4.8,36864,High,No,No,Yes,Yes,No,Yes,Sandwich,Morning,Sweet,Hot,UK
SB01338,Vanilla Macchiato,Macchiato,Tall,Cold,"A handcrafted Vanilla Macchiato prepared with premium Starbucks-style coffee or tea, skim milk, toffee nut syrup and carefully balanced flavors.",Soy,4,Hazelnut,None,Medium,291,618,11,19.0,21.0,5.83,495.55,4.7,20355,Medium,Yes,No,Yes,No,No,No,Cheesecake,Evening,Sweet,Cold,Japan
SB01339,White Mocha Americano,Americano,Venti,Cold,"A handcrafted White Mocha Americano prepared with premium Starbucks-style coffee or tea, skim milk, toffee nut syrup and carefully balanced flavors.",Coconut,1,Caramel,None,Low,267,57,44,3.1,14.6,5.51,468.35,4.3,7346,Low,Yes,No,Yes,No,No,No,Blueberry Muffin,Afternoon,Sweet,Cold,India
SB01340,White Mocha Tea,Tea,Venti,Cold,"A handcrafted White Mocha Tea prepared with premium Starbucks-style coffee or tea, soy milk, classic syrup and carefully balanced flavors.",Almond,3,Hazelnut,Caramel Drizzle,Low,209,607,21,14.7,25.5,5.48,465.8,4.5,6541,Low,No,Yes,Yes,Yes,Yes,Yes,Croissant,Afternoon,Fruity,Cold,Canada
SB01341,White Mocha Espresso,Espresso,Tall,Hot,"A handcrafted White Mocha Espresso prepared with premium Starbucks-style coffee or tea, whole milk, classic syrup and carefully balanced flavors.",Oat,1,Caramel,None,High,41,613,10,14.0,6.0,3.87,328.95,4.1,43640,Very High,Yes,Yes,Yes,Yes,No,Yes,Cookie,Afternoon,Chocolatey,Hot,India
SB01342,Java Chip Cold Brew,Cold Brew,Tall,Cold,"A handcrafted Java Chip Cold Brew prepared with premium Starbucks-style coffee or tea, almond milk, classic syrup and carefully balanced flavors.",Coconut,4,None,None,High,202,34,10,12.8,7.4,3.13,266.05,4.0,17917,Medium,No,No,Yes,No,Yes,Yes,Cheesecake,Morning,Bold,Cold,Global
SB01343,Chai Flat White,Flat White,Grande,Cold,"A handcrafted Chai Flat White prepared with premium Starbucks-style coffee or tea, whole milk, classic syrup and carefully balanced flavors.",Coconut,3,None,Whipped Cream,High,266,364,6,13.6,25.7,3.47,294.95,4.9,19681,Medium,Yes,Yes,Yes,Yes,Yes,No,Cheesecake,Evening,Sweet,Cold,UK
SB01344,Matcha Latte,Latte,Tall,Hot,"A handcrafted Matcha Latte prepared with premium Starbucks-style coffee or tea, whole milk, vanilla syrup and carefully balanced flavors.",Skim,3,Caramel,None,Low,184,297,65,1.6,8.8,5.37,456.45,3.8,23011,Medium,No,No,Yes,Yes,Yes,No,Blueberry Muffin,Evening,Chocolatey,Hot,Canada
SB01345,Strawberry Cold Brew,Cold Brew,Tall,Cold,"A handcrafted Strawberry Cold Brew prepared with premium Starbucks-style coffee or tea, whole milk, vanilla syrup and carefully balanced flavors.",Whole,3,None,Chocolate Shavings,High,254,584,2,15.4,8.5,3.48,295.8,5.0,2480,Low,Yes,Yes,Yes,No,No,No,Blueberry Muffin,Evening,Bold,Cold,UK
SB01346,Caramel Refresher,Refresher,Grande,Cold,"A handcrafted Caramel Refresher prepared with premium Starbucks-style coffee or tea, whole milk, hazelnut syrup and carefully balanced flavors.",Almond,2,Caramel,Whipped Cream,Low,162,440,33,6.3,19.2,5.19,441.15,4.4,41673,Very High,No,No,Yes,No,Yes,Yes,Blueberry Muffin,Afternoon,Fruity,Cold,Japan
SB01347,Vanilla Frappuccino,Frappuccino,Venti,Cold,"A handcrafted Vanilla Frappuccino prepared with premium Starbucks-style coffee or tea, almond milk, hazelnut syrup and carefully balanced flavors.",Almond,4,None,Whipped Cream,Medium,278,345,15,4.2,16.4,7.7,654.5,3.8,36139,High,Yes,Yes,Yes,No,Yes,Yes,Blueberry Muffin,Morning,Nutty,Cold,India
SB01348,Vanilla Cold Brew,Cold Brew,Tall,Cold,"A handcrafted Vanilla Cold Brew prepared with premium Starbucks-style coffee or tea, almond milk, toffee nut syrup and carefully balanced flavors.",Whole,4,Hazelnut,Caramel Drizzle,High,224,137,19,15.2,2.1,6.75,573.75,3.7,3077,Low,Yes,No,Yes,Yes,No,No,Cookie,Morning,Chocolatey,Cold,Japan
SB01349,Mocha Cappuccino,Cappuccino,Venti,Hot,"A handcrafted Mocha Cappuccino prepared with premium Starbucks-style coffee or tea, almond milk, toffee nut syrup and carefully balanced flavors.",Oat,1,Vanilla,Whipped Cream,Medium,67,298,2,14.3,19.9,4.17,354.45,4.5,24056,Medium,No,Yes,Yes,Yes,No,No,Blueberry Muffin,Afternoon,Sweet,Hot,UK
SB01350,Caramel Frappuccino,Frappuccino,Venti,Cold,"A handcrafted Caramel Frappuccino prepared with premium Starbucks-style coffee or tea, oat milk, toffee nut syrup and carefully balanced flavors.",Skim,3,Classic,Chocolate Shavings,Medium,20,339,44,14.6,11.6,7.06,600.1,4.7,12610,Medium,Yes,Yes,Yes,Yes,Yes,No,Cheesecake,Morning,Sweet,Cold,India
SB01351,Chai Mocha,Mocha,Grande,Cold,"A handcrafted Chai Mocha prepared with premium Starbucks-style coffee or tea, almond milk, caramel syrup and carefully balanced flavors.",Soy,0,Toffee Nut,Chocolate Shavings,High,96,48,28,20.0,27.3,5.47,464.95,4.2,11487,Medium,Yes,Yes,Yes,No,No,Yes,Cookie,Morning,Fruity,Cold,Canada
SB01352,Vanilla Tea,Tea,Grande,Hot,"A handcrafted Vanilla Tea prepared with premium Starbucks-style coffee or tea, oat milk, vanilla syrup and carefully balanced flavors.",Skim,1,Vanilla,Chocolate Shavings,High,133,34,45,2.6,13.3,2.58,219.3,4.9,13637,Medium,Yes,No,Yes,Yes,No,No,Cheesecake,Morning,Fruity,Hot,Canada
SB01353,Mango Mocha,Mocha,Grande,Cold,"A handcrafted Mango Mocha prepared with premium Starbucks-style coffee or tea, coconut milk, classic syrup and carefully balanced flavors.",Almond,0,None,None,Medium,195,570,4,17.4,7.3,5.38,457.3,4.5,18006,Medium,Yes,No,Yes,Yes,No,Yes,Croissant,Afternoon,Nutty,Cold,USA
SB01354,Vanilla Cappuccino,Cappuccino,Grande,Hot,"A handcrafted Vanilla Cappuccino prepared with premium Starbucks-style coffee or tea, oat milk, vanilla syrup and carefully balanced flavors.",Oat,2,Caramel,Chocolate Shavings,High,146,413,58,13.0,16.9,8.29,704.65,3.7,22928,Medium,Yes,No,Yes,No,No,No,Sandwich,Afternoon,Creamy,Hot,Global
SB01355,Java Chip Espresso,Espresso,Grande,Hot,"A handcrafted Java Chip Espresso prepared with premium Starbucks-style coffee or tea, soy milk, vanilla syrup and carefully balanced flavors.",Skim,1,Toffee Nut,Whipped Cream,Low,259,638,29,6.8,29.9,2.78,236.3,4.0,45565,Very High,Yes,No,Yes,Yes,No,Yes,Sandwich,Evening,Chocolatey,Hot,Canada
SB01356,Mocha Americano,Americano,Venti,Cold,"A handcrafted Mocha Americano prepared with premium Starbucks-style coffee or tea, soy milk, hazelnut syrup and carefully balanced flavors.",Oat,4,Toffee Nut,Chocolate Shavings,Low,94,114,45,3.6,26.6,4.13,351.05,3.5,3608,Low,Yes,No,Yes,Yes,No,Yes,Cookie,Afternoon,Nutty,Cold,UK
SB01357,Mocha Tea,Tea,Venti,Hot,"A handcrafted Mocha Tea prepared with premium Starbucks-style coffee or tea, coconut milk, hazelnut syrup and carefully balanced flavors.",Skim,2,Classic,Chocolate Shavings,Medium,12,22,60,10.9,13.4,3.75,318.75,3.7,36524,High,Yes,Yes,Yes,No,Yes,Yes,Croissant,Afternoon,Bold,Hot,Japan
SB01358,Vanilla Tea,Tea,Venti,Hot,"A handcrafted Vanilla Tea prepared with premium Starbucks-style coffee or tea, coconut milk, hazelnut syrup and carefully balanced flavors.",Whole,0,Caramel,Chocolate Shavings,Medium,93,64,37,0.6,18.1,8.24,700.4,4.4,28772,High,No,Yes,Yes,No,No,Yes,Cheesecake,Morning,Bold,Hot,Canada
SB01359,Matcha Espresso,Espresso,Grande,Cold,"A handcrafted Matcha Espresso prepared with premium Starbucks-style coffee or tea, skim milk, caramel syrup and carefully balanced flavors.",Almond,3,Classic,Whipped Cream,Medium,39,446,25,0.8,17.4,2.51,213.35,5.0,43605,Very High,Yes,No,Yes,Yes,Yes,Yes,Cheesecake,Morning,Bold,Cold,USA
SB01360,Vanilla Mocha,Mocha,Tall,Cold,"A handcrafted Vanilla Mocha prepared with premium Starbucks-style coffee or tea, soy milk, classic syrup and carefully balanced flavors.",Skim,1,Vanilla,Chocolate Shavings,High,110,233,64,16.6,3.8,5.72,486.2,4.8,18455,Medium,No,Yes,Yes,Yes,Yes,Yes,Cheesecake,Morning,Nutty,Cold,Global
SB01361,Strawberry Latte,Latte,Tall,Hot,"A handcrafted Strawberry Latte prepared with premium Starbucks-style coffee or tea, soy milk, none syrup and carefully balanced flavors.",Oat,4,None,None,Medium,111,509,53,15.4,21.4,6.62,562.7,4.0,30666,High,Yes,Yes,Yes,No,Yes,Yes,Cookie,Afternoon,Fruity,Hot,USA
SB01362,Caramel Tea,Tea,Tall,Hot,"A handcrafted Caramel Tea prepared with premium Starbucks-style coffee or tea, coconut milk, none syrup and carefully balanced flavors.",Almond,3,Caramel,Chocolate Shavings,Low,275,285,44,10.1,22.9,4.75,403.75,3.5,24200,Medium,No,No,Yes,Yes,Yes,Yes,Cookie,Morning,Creamy,Hot,UK
SB01363,Hazelnut Espresso,Espresso,Venti,Hot,"A handcrafted Hazelnut Espresso prepared with premium Starbucks-style coffee or tea, soy milk, vanilla syrup and carefully balanced flavors.",Oat,4,Hazelnut,Chocolate Shavings,High,69,606,22,1.8,9.4,6.9,586.5,4.2,34500,High,No,No,Yes,Yes,Yes,Yes,Cheesecake,Morning,Bold,Hot,Japan
SB01364,Caramel Espresso,Espresso,Grande,Cold,"A handcrafted Caramel Espresso prepared with premium Starbucks-style coffee or tea, soy milk, toffee nut syrup and carefully balanced flavors.",Almond,3,Vanilla,Whipped Cream,Low,266,369,58,9.0,3.3,7.5,637.5,3.9,23323,Medium,Yes,Yes,Yes,No,Yes,No,Blueberry Muffin,Evening,Nutty,Cold,USA
SB01365,Vanilla Espresso,Espresso,Tall,Hot,"A handcrafted Vanilla Espresso prepared with premium Starbucks-style coffee or tea, skim milk, classic syrup and carefully balanced flavors.",Oat,1,Caramel,None,Medium,2,377,39,14.0,29.2,6.15,522.75,5.0,45236,Very High,Yes,Yes,Yes,No,No,No,Sandwich,Evening,Creamy,Hot,USA
SB01366,Mango Tea,Tea,Venti,Hot,"A handcrafted Mango Tea prepared with premium Starbucks-style coffee or tea, soy milk, vanilla syrup and carefully balanced flavors.",Skim,2,Hazelnut,Whipped Cream,Medium,97,210,5,11.1,0.7,5.88,499.8,4.7,14511,Medium,No,No,Yes,Yes,Yes,No,Croissant,Evening,Nutty,Hot,Japan
SB01367,Java Chip Americano,Americano,Grande,Hot,"A handcrafted Java Chip Americano prepared with premium Starbucks-style coffee or tea, whole milk, vanilla syrup and carefully balanced flavors.",Coconut,2,Caramel,None,Low,45,57,6,3.7,4.2,3.78,321.3,3.6,2116,Low,No,No,Yes,Yes,No,Yes,Cheesecake,Afternoon,Fruity,Hot,UK
SB01368,Matcha Cold Brew,Cold Brew,Grande,Cold,"A handcrafted Matcha Cold Brew prepared with premium Starbucks-style coffee or tea, whole milk, none syrup and carefully balanced flavors.",Almond,3,Caramel,None,Low,112,149,60,12.7,8.3,4.55,386.75,3.5,4051,Low,Yes,Yes,Yes,No,No,Yes,Sandwich,Afternoon,Bold,Cold,Global
SB01369,White Mocha Cappuccino,Cappuccino,Grande,Hot,"A handcrafted White Mocha Cappuccino prepared with premium Starbucks-style coffee or tea, oat milk, caramel syrup and carefully balanced flavors.",Skim,2,Toffee Nut,Whipped Cream,Medium,112,97,8,0.4,14.1,3.02,256.7,4.3,22237,Medium,Yes,No,Yes,Yes,No,No,Cheesecake,Afternoon,Fruity,Hot,UK
SB01370,Chai Latte,Latte,Venti,Cold,"A handcrafted Chai Latte prepared with premium Starbucks-style coffee or tea, soy milk, hazelnut syrup and carefully balanced flavors.",Oat,1,Hazelnut,None,Low,133,612,30,11.3,15.7,4.55,386.75,4.1,1811,Low,No,No,Yes,No,No,Yes,Blueberry Muffin,Evening,Bold,Cold,Japan
SB01371,Caramel Latte,Latte,Grande,Cold,"A handcrafted Caramel Latte prepared with premium Starbucks-style coffee or tea, oat milk, classic syrup and carefully balanced flavors.",Skim,2,Classic,Whipped Cream,Medium,218,299,7,1.4,3.6,8.36,710.6,4.3,6380,Low,No,No,Yes,No,Yes,No,Blueberry Muffin,Afternoon,Bold,Cold,USA
SB01372,Caramel Latte,Latte,Tall,Hot,"A handcrafted Caramel Latte prepared with premium Starbucks-style coffee or tea, almond milk, caramel syrup and carefully balanced flavors.",Whole,4,None,Whipped Cream,Medium,87,83,12,15.1,28.3,3.65,310.25,4.0,20040,Medium,Yes,No,Yes,Yes,No,No,Sandwich,Afternoon,Fruity,Hot,Global
SB01373,Mango Macchiato,Macchiato,Grande,Cold,"A handcrafted Mango Macchiato prepared with premium Starbucks-style coffee or tea, skim milk, caramel syrup and carefully balanced flavors.",Almond,3,None,None,Low,271,561,63,9.8,9.8,6.86,583.1,4.0,31673,High,No,No,Yes,Yes,No,No,Cheesecake,Evening,Bold,Cold,Canada
SB01374,Vanilla Cappuccino,Cappuccino,Venti,Hot,"A handcrafted Vanilla Cappuccino prepared with premium Starbucks-style coffee or tea, soy milk, caramel syrup and carefully balanced flavors.",Soy,4,Hazelnut,None,Medium,133,537,27,7.0,23.8,3.63,308.55,3.6,46934,Very High,No,Yes,Yes,No,No,Yes,Cookie,Evening,Fruity,Hot,UK
SB01375,Chai Frappuccino,Frappuccino,Grande,Cold,"A handcrafted Chai Frappuccino prepared with premium Starbucks-style coffee or tea, oat milk, caramel syrup and carefully balanced flavors.",Oat,1,Vanilla,Whipped Cream,High,269,132,15,3.1,10.9,5.47,464.95,4.6,22698,Medium,No,Yes,Yes,No,No,No,Croissant,Morning,Creamy,Cold,UK
SB01376,Classic Cappuccino,Cappuccino,Grande,Hot,"A handcrafted Classic Cappuccino prepared with premium Starbucks-style coffee or tea, coconut milk, caramel syrup and carefully balanced flavors.",Coconut,3,Toffee Nut,None,High,48,500,37,18.0,9.1,5.83,495.55,4.1,17368,Medium,Yes,No,Yes,No,Yes,No,Blueberry Muffin,Evening,Sweet,Hot,UK
SB01377,White Mocha Macchiato,Macchiato,Venti,Hot,"A handcrafted White Mocha Macchiato prepared with premium Starbucks-style coffee or tea, skim milk, toffee nut syrup and carefully balanced flavors.",Skim,3,Vanilla,Whipped Cream,Low,12,260,26,7.5,1.7,6.54,555.9,4.1,5677,Low,Yes,Yes,Yes,No,Yes,Yes,Blueberry Muffin,Morning,Fruity,Hot,USA
SB01378,Java Chip Mocha,Mocha,Tall,Cold,"A handcrafted Java Chip Mocha prepared with premium Starbucks-style coffee or tea, whole milk, classic syrup and carefully balanced flavors.",Almond,3,None,None,Medium,292,550,55,19.1,5.1,2.99,254.15,4.6,32910,High,No,No,Yes,No,Yes,Yes,Croissant,Evening,Bold,Cold,Global
SB01379,Mango Cold Brew,Cold Brew,Tall,Cold,"A handcrafted Mango Cold Brew prepared with premium Starbucks-style coffee or tea, coconut milk, none syrup and carefully balanced flavors.",Oat,3,None,Chocolate Shavings,Medium,62,55,38,4.9,9.2,4.82,409.7,4.5,14033,Medium,No,Yes,Yes,Yes,No,No,Blueberry Muffin,Evening,Bold,Cold,India
SB01380,Vanilla Espresso,Espresso,Tall,Cold,"A handcrafted Vanilla Espresso prepared with premium Starbucks-style coffee or tea, skim milk, caramel syrup and carefully balanced flavors.",Whole,2,Caramel,Whipped Cream,Low,68,641,21,13.4,10.1,7.4,629.0,4.6,35433,High,Yes,No,Yes,Yes,Yes,No,Cheesecake,Morning,Bold,Cold,Canada
SB01381,Mango Refresher,Refresher,Tall,Cold,"A handcrafted Mango Refresher prepared with premium Starbucks-style coffee or tea, soy milk, caramel syrup and carefully balanced flavors.",Coconut,1,Caramel,Chocolate Shavings,Low,113,132,14,11.4,3.2,7.71,655.35,4.7,23161,Medium,Yes,No,Yes,Yes,Yes,No,Sandwich,Morning,Fruity,Cold,India
SB01382,Caramel Flat White,Flat White,Venti,Hot,"A handcrafted Caramel Flat White prepared with premium Starbucks-style coffee or tea, almond milk, toffee nut syrup and carefully balanced flavors.",Oat,4,None,Whipped Cream,Low,237,431,51,11.0,13.2,2.88,244.8,3.8,9660,Low,No,No,Yes,No,Yes,No,Blueberry Muffin,Afternoon,Nutty,Hot,UK
SB01383,Hazelnut Macchiato,Macchiato,Grande,Cold,"A handcrafted Hazelnut Macchiato prepared with premium Starbucks-style coffee or tea, skim milk, toffee nut syrup and carefully balanced flavors.",Coconut,0,Vanilla,Caramel Drizzle,Low,93,527,61,13.2,3.4,5.06,430.1,3.5,34776,High,No,Yes,Yes,Yes,No,No,Cheesecake,Morning,Fruity,Cold,Global
SB01384,Matcha Macchiato,Macchiato,Venti,Cold,"A handcrafted Matcha Macchiato prepared with premium Starbucks-style coffee or tea, soy milk, classic syrup and carefully balanced flavors.",Skim,4,Hazelnut,Caramel Drizzle,Medium,68,298,68,8.5,28.4,4.81,408.85,3.9,32973,High,Yes,Yes,Yes,Yes,No,Yes,Sandwich,Morning,Chocolatey,Cold,Canada
SB01385,Vanilla Cold Brew,Cold Brew,Tall,Cold,"A handcrafted Vanilla Cold Brew prepared with premium Starbucks-style coffee or tea, oat milk, hazelnut syrup and carefully balanced flavors.",Soy,0,Hazelnut,Caramel Drizzle,Medium,295,359,50,4.5,16.5,5.88,499.8,4.1,1788,Low,No,No,Yes,No,Yes,Yes,Sandwich,Morning,Bold,Cold,India
SB01386,White Mocha Americano,Americano,Tall,Hot,"A handcrafted White Mocha Americano prepared with premium Starbucks-style coffee or tea, coconut milk, classic syrup and carefully balanced flavors.",Almond,4,Caramel,Whipped Cream,High,19,643,50,0.4,23.6,3.13,266.05,3.7,41406,Very High,No,Yes,Yes,No,No,Yes,Croissant,Morning,Bold,Hot,India
SB01387,Mocha Tea,Tea,Tall,Hot,"A handcrafted Mocha Tea prepared with premium Starbucks-style coffee or tea, coconut milk, classic syrup and carefully balanced flavors.",Oat,3,None,Whipped Cream,Low,58,247,33,16.4,4.1,3.25,276.25,4.5,992,Low,No,Yes,Yes,Yes,No,Yes,Croissant,Afternoon,Creamy,Hot,India
SB01388,Caramel Mocha,Mocha,Tall,Hot,"A handcrafted Caramel Mocha prepared with premium Starbucks-style coffee or tea, oat milk, classic syrup and carefully balanced flavors.",Skim,4,Classic,Whipped Cream,High,93,478,41,1.8,14.4,8.18,695.3,4.8,47919,Very High,Yes,Yes,Yes,No,No,Yes,Croissant,Evening,Bold,Hot,Japan
SB01389,Mango Flat White,Flat White,Venti,Hot,"A handcrafted Mango Flat White prepared with premium Starbucks-style coffee or tea, oat milk, vanilla syrup and carefully balanced flavors.",Soy,3,Caramel,Chocolate Shavings,Low,186,513,57,12.2,20.0,7.2,612.0,4.8,4311,Low,Yes,No,Yes,No,Yes,No,Blueberry Muffin,Morning,Bold,Hot,Japan
SB01390,White Mocha Americano,Americano,Grande,Cold,"A handcrafted White Mocha Americano prepared with premium Starbucks-style coffee or tea, skim milk, classic syrup and carefully balanced flavors.",Whole,3,Classic,None,High,206,224,4,15.8,26.5,3.96,336.6,4.5,36386,High,No,No,Yes,No,Yes,No,Sandwich,Evening,Chocolatey,Cold,Japan
SB01391,Matcha Espresso,Espresso,Tall,Hot,"A handcrafted Matcha Espresso prepared with premium Starbucks-style coffee or tea, whole milk, classic syrup and carefully balanced flavors.",Skim,2,Toffee Nut,Whipped Cream,Medium,247,634,10,15.2,24.2,6.58,559.3,4.6,1992,Low,No,No,Yes,Yes,No,No,Cheesecake,Morning,Fruity,Hot,USA
SB01392,Classic Cold Brew,Cold Brew,Tall,Cold,"A handcrafted Classic Cold Brew prepared with premium Starbucks-style coffee or tea, soy milk, vanilla syrup and carefully balanced flavors.",Skim,3,Vanilla,Caramel Drizzle,Medium,276,338,1,6.3,25.2,7.81,663.85,4.5,30089,High,Yes,Yes,Yes,No,Yes,Yes,Cookie,Evening,Chocolatey,Cold,Global
SB01393,White Mocha Americano,Americano,Grande,Hot,"A handcrafted White Mocha Americano prepared with premium Starbucks-style coffee or tea, oat milk, none syrup and carefully balanced flavors.",Skim,4,Caramel,None,Low,284,517,40,15.5,21.6,6.7,569.5,4.7,13466,Medium,No,Yes,Yes,No,Yes,Yes,Croissant,Evening,Nutty,Hot,India
SB01394,Vanilla Cappuccino,Cappuccino,Grande,Hot,"A handcrafted Vanilla Cappuccino prepared with premium Starbucks-style coffee or tea, skim milk, none syrup and carefully balanced flavors.",Almond,4,Hazelnut,Chocolate Shavings,High,292,640,16,0.4,7.1,8.34,708.9,3.6,5985,Low,No,No,Yes,No,Yes,Yes,Blueberry Muffin,Afternoon,Bold,Hot,UK
SB01395,Mango Espresso,Espresso,Grande,Hot,"A handcrafted Mango Espresso prepared with premium Starbucks-style coffee or tea, coconut milk, hazelnut syrup and carefully balanced flavors.",Coconut,3,Hazelnut,Caramel Drizzle,Medium,222,442,4,15.6,10.1,4.98,423.3,3.8,8243,Low,No,Yes,Yes,Yes,Yes,No,Cheesecake,Evening,Creamy,Hot,Global
SB01396,Mocha Espresso,Espresso,Tall,Cold,"A handcrafted Mocha Espresso prepared with premium Starbucks-style coffee or tea, coconut milk, classic syrup and carefully balanced flavors.",Coconut,0,None,Whipped Cream,High,151,117,12,1.0,3.6,2.61,221.85,4.1,23808,Medium,No,Yes,Yes,Yes,No,Yes,Blueberry Muffin,Morning,Bold,Cold,Japan
SB01397,Matcha Americano,Americano,Tall,Hot,"A handcrafted Matcha Americano prepared with premium Starbucks-style coffee or tea, coconut milk, vanilla syrup and carefully balanced flavors.",Soy,1,Caramel,Chocolate Shavings,Medium,23,586,7,6.6,6.6,7.95,675.75,3.6,11848,Medium,Yes,No,Yes,No,Yes,No,Cookie,Morning,Chocolatey,Hot,India
SB01398,Mango Macchiato,Macchiato,Tall,Cold,"A handcrafted Mango Macchiato prepared with premium Starbucks-style coffee or tea, whole milk, hazelnut syrup and carefully balanced flavors.",Almond,2,Vanilla,Whipped Cream,High,283,84,40,10.6,24.8,2.95,250.75,4.7,24327,Medium,No,No,Yes,No,Yes,No,Cookie,Evening,Bold,Cold,India
SB01399,Mango Latte,Latte,Grande,Cold,"A handcrafted Mango Latte prepared with premium Starbucks-style coffee or tea, skim milk, toffee nut syrup and carefully balanced flavors.",Oat,3,None,Caramel Drizzle,High,189,173,16,5.1,26.3,5.51,468.35,4.6,33540,High,No,Yes,Yes,Yes,Yes,Yes,Croissant,Morning,Sweet,Cold,UK
SB01400,Vanilla Cappuccino,Cappuccino,Tall,Cold,"A handcrafted Vanilla Cappuccino prepared with premium Starbucks-style coffee or tea, oat milk, hazelnut syrup and carefully balanced flavors.",Coconut,4,Classic,None,Medium,40,379,4,18.9,5.3,2.86,243.1,4.4,12972,Medium,No,No,Yes,No,No,Yes,Sandwich,Afternoon,Bold,Cold,UK
SB01401,Chai Americano,Americano,Grande,Hot,"A handcrafted Chai Americano prepared with premium Starbucks-style coffee or tea, almond milk, hazelnut syrup and carefully balanced flavors.",Oat,4,Toffee Nut,Whipped Cream,Medium,189,555,30,13.9,7.2,7.84,666.4,5.0,28377,High,No,Yes,Yes,Yes,Yes,No,Cookie,Afternoon,Sweet,Hot,USA
SB01402,Mango Flat White,Flat White,Tall,Hot,"A handcrafted Mango Flat White prepared with premium Starbucks-style coffee or tea, coconut milk, vanilla syrup and carefully balanced flavors.",Oat,4,Hazelnut,Caramel Drizzle,Medium,176,376,46,3.0,24.9,8.07,685.95,3.5,13103,Medium,No,No,Yes,No,No,No,Sandwich,Morning,Nutty,Hot,Global
SB01403,Mocha Refresher,Refresher,Grande,Cold,"A handcrafted Mocha Refresher prepared with premium Starbucks-style coffee or tea, soy milk, vanilla syrup and carefully balanced flavors.",Whole,3,Toffee Nut,Whipped Cream,Low,30,392,67,6.1,28.7,8.47,719.95,4.2,39242,High,Yes,No,Yes,Yes,No,Yes,Sandwich,Afternoon,Bold,Cold,UK
SB01404,Hazelnut Latte,Latte,Tall,Cold,"A handcrafted Hazelnut Latte prepared with premium Starbucks-style coffee or tea, whole milk, none syrup and carefully balanced flavors.",Skim,4,Classic,Chocolate Shavings,Medium,107,534,31,13.1,27.4,7.07,600.95,4.3,12863,Medium,No,Yes,Yes,Yes,Yes,Yes,Blueberry Muffin,Afternoon,Bold,Cold,USA
SB01405,Strawberry Macchiato,Macchiato,Tall,Hot,"A handcrafted Strawberry Macchiato prepared with premium Starbucks-style coffee or tea, whole milk, caramel syrup and carefully balanced flavors.",Whole,3,Vanilla,None,Low,229,488,7,19.3,9.2,6.78,576.3,4.8,47525,Very High,Yes,Yes,Yes,Yes,No,Yes,Cookie,Morning,Fruity,Hot,UK
SB01406,Vanilla Flat White,Flat White,Tall,Hot,"A handcrafted Vanilla Flat White prepared with premium Starbucks-style coffee or tea, whole milk, hazelnut syrup and carefully balanced flavors.",Whole,1,Vanilla,Caramel Drizzle,Medium,63,345,48,0.6,25.6,3.55,301.75,4.2,32596,High,Yes,Yes,Yes,Yes,Yes,No,Cheesecake,Morning,Chocolatey,Hot,India
SB01407,Strawberry Macchiato,Macchiato,Grande,Hot,"A handcrafted Strawberry Macchiato prepared with premium Starbucks-style coffee or tea, whole milk, caramel syrup and carefully balanced flavors.",Soy,4,Hazelnut,Chocolate Shavings,Low,298,180,9,17.8,6.0,7.43,631.55,4.1,20625,Medium,Yes,Yes,Yes,Yes,Yes,Yes,Cookie,Evening,Chocolatey,Hot,Canada
SB01408,Mocha Americano,Americano,Grande,Hot,"A handcrafted Mocha Americano prepared with premium Starbucks-style coffee or tea, oat milk, vanilla syrup and carefully balanced flavors.",Soy,4,None,Whipped Cream,High,68,298,43,1.3,9.4,4.96,421.6,4.9,21256,Medium,Yes,Yes,Yes,No,Yes,No,Cookie,Evening,Creamy,Hot,Canada
SB01409,Hazelnut Latte,Latte,Grande,Hot,"A handcrafted Hazelnut Latte prepared with premium Starbucks-style coffee or tea, almond milk, toffee nut syrup and carefully balanced flavors.",Almond,4,Classic,Whipped Cream,Medium,287,162,19,1.6,25.2,8.36,710.6,4.1,14293,Medium,Yes,Yes,Yes,No,No,No,Croissant,Afternoon,Nutty,Hot,UK
SB01410,Matcha Frappuccino,Frappuccino,Tall,Cold,"A handcrafted Matcha Frappuccino prepared with premium Starbucks-style coffee or tea, oat milk, caramel syrup and carefully balanced flavors.",Coconut,2,Hazelnut,None,Low,60,502,31,16.9,25.4,4.73,402.05,4.5,38462,High,Yes,No,Yes,No,No,No,Cookie,Evening,Creamy,Cold,Global
SB01411,White Mocha Latte,Latte,Grande,Hot,"A handcrafted White Mocha Latte prepared with premium Starbucks-style coffee or tea, skim milk, none syrup and carefully balanced flavors.",Coconut,4,None,Caramel Drizzle,High,15,621,47,13.6,29.9,8.25,701.25,4.2,37668,High,Yes,Yes,Yes,No,No,Yes,Cookie,Afternoon,Nutty,Hot,India
SB01412,Mocha Frappuccino,Frappuccino,Tall,Cold,"A handcrafted Mocha Frappuccino prepared with premium Starbucks-style coffee or tea, skim milk, none syrup and carefully balanced flavors.",Coconut,3,Toffee Nut,Caramel Drizzle,Medium,38,599,34,16.3,28.5,6.31,536.35,4.2,10945,Medium,Yes,No,Yes,Yes,No,No,Cookie,Evening,Chocolatey,Cold,UK
SB01413,Strawberry Americano,Americano,Tall,Cold,"A handcrafted Strawberry Americano prepared with premium Starbucks-style coffee or tea, skim milk, vanilla syrup and carefully balanced flavors.",Almond,2,Vanilla,Whipped Cream,Medium,298,213,51,7.3,1.8,6.72,571.2,4.7,13150,Medium,No,Yes,Yes,No,Yes,Yes,Sandwich,Afternoon,Fruity,Cold,Global
SB01414,Vanilla Cold Brew,Cold Brew,Tall,Cold,"A handcrafted Vanilla Cold Brew prepared with premium Starbucks-style coffee or tea, oat milk, classic syrup and carefully balanced flavors.",Oat,2,Vanilla,Whipped Cream,Medium,46,56,28,5.6,9.8,7.57,643.45,4.0,38748,High,Yes,No,Yes,Yes,Yes,Yes,Blueberry Muffin,Afternoon,Nutty,Cold,Japan
SB01415,Matcha Latte,Latte,Grande,Cold,"A handcrafted Matcha Latte prepared with premium Starbucks-style coffee or tea, oat milk, classic syrup and carefully balanced flavors.",Skim,1,None,Whipped Cream,High,212,108,34,6.4,23.6,5.13,436.05,4.9,29277,High,No,No,Yes,Yes,Yes,No,Sandwich,Afternoon,Sweet,Cold,Canada
SB01416,Strawberry Macchiato,Macchiato,Venti,Hot,"A handcrafted Strawberry Macchiato prepared with premium Starbucks-style coffee or tea, coconut milk, none syrup and carefully balanced flavors.",Coconut,2,Classic,None,High,158,310,47,18.3,15.6,5.27,447.95,4.4,2095,Low,No,Yes,Yes,No,No,Yes,Sandwich,Afternoon,Nutty,Hot,Japan
SB01417,White Mocha Cappuccino,Cappuccino,Venti,Cold,"A handcrafted White Mocha Cappuccino prepared with premium Starbucks-style coffee or tea, whole milk, toffee nut syrup and carefully balanced flavors.",Skim,3,Classic,Chocolate Shavings,Low,52,216,65,2.6,23.3,8.18,695.3,3.6,4150,Low,No,No,Yes,Yes,No,Yes,Blueberry Muffin,Morning,Creamy,Cold,UK
SB01418,Mocha Cold Brew,Cold Brew,Grande,Cold,"A handcrafted Mocha Cold Brew prepared with premium Starbucks-style coffee or tea, soy milk, classic syrup and carefully balanced flavors.",Oat,0,Hazelnut,Caramel Drizzle,Medium,295,54,54,1.4,7.6,7.69,653.65,4.3,21756,Medium,Yes,No,Yes,Yes,No,Yes,Sandwich,Afternoon,Bold,Cold,Japan
SB01419,Strawberry Americano,Americano,Tall,Cold,"A handcrafted Strawberry Americano prepared with premium Starbucks-style coffee or tea, coconut milk, toffee nut syrup and carefully balanced flavors.",Soy,1,Classic,Caramel Drizzle,Medium,9,590,15,6.6,15.4,2.62,222.7,4.4,25380,High,No,Yes,Yes,No,Yes,No,Sandwich,Afternoon,Chocolatey,Cold,USA
SB01420,Caramel Latte,Latte,Tall,Hot,"A handcrafted Caramel Latte prepared with premium Starbucks-style coffee or tea, whole milk, toffee nut syrup and carefully balanced flavors.",Oat,0,Toffee Nut,Chocolate Shavings,High,162,221,11,11.3,18.1,5.73,487.05,4.4,8884,Low,Yes,Yes,Yes,Yes,No,Yes,Blueberry Muffin,Afternoon,Bold,Hot,Japan
SB01421,Classic Frappuccino,Frappuccino,Venti,Cold,"A handcrafted Classic Frappuccino prepared with premium Starbucks-style coffee or tea, coconut milk, none syrup and carefully balanced flavors.",Whole,0,Hazelnut,None,Low,0,206,67,5.4,19.1,3.4,289.0,4.0,18354,Medium,Yes,Yes,Yes,No,Yes,No,Cookie,Afternoon,Creamy,Cold,India
SB01422,Mocha Mocha,Mocha,Grande,Hot,"A handcrafted Mocha Mocha prepared with premium Starbucks-style coffee or tea, whole milk, toffee nut syrup and carefully balanced flavors.",Oat,1,Hazelnut,None,Medium,103,524,9,9.7,15.0,8.14,691.9,4.9,3411,Low,Yes,Yes,Yes,No,Yes,No,Sandwich,Morning,Fruity,Hot,Global
SB01423,Caramel Refresher,Refresher,Tall,Cold,"A handcrafted Caramel Refresher prepared with premium Starbucks-style coffee or tea, soy milk, hazelnut syrup and carefully balanced flavors.",Almond,1,None,Chocolate Shavings,Medium,259,593,64,9.5,3.1,6.6,561.0,4.5,23751,Medium,No,No,Yes,Yes,No,No,Croissant,Afternoon,Fruity,Cold,Global
SB01424,Matcha Espresso,Espresso,Grande,Hot,"A handcrafted Matcha Espresso prepared with premium Starbucks-style coffee or tea, skim milk, vanilla syrup and carefully balanced flavors.",Almond,0,Classic,Caramel Drizzle,Medium,187,431,10,10.7,9.8,4.32,367.2,4.6,11052,Medium,No,No,Yes,No,No,Yes,Croissant,Evening,Sweet,Hot,UK
SB01425,Vanilla Flat White,Flat White,Grande,Cold,"A handcrafted Vanilla Flat White prepared with premium Starbucks-style coffee or tea, soy milk, toffee nut syrup and carefully balanced flavors.",Soy,4,Classic,Caramel Drizzle,Low,87,523,47,8.7,8.3,2.63,223.55,4.0,20438,Medium,Yes,No,Yes,No,Yes,Yes,Croissant,Morning,Fruity,Cold,UK
SB01426,Vanilla Mocha,Mocha,Venti,Hot,"A handcrafted Vanilla Mocha prepared with premium Starbucks-style coffee or tea, soy milk, classic syrup and carefully balanced flavors.",Oat,4,Vanilla,Chocolate Shavings,High,138,200,57,10.6,21.8,3.7,314.5,4.7,38214,High,Yes,No,Yes,No,No,Yes,Cheesecake,Afternoon,Bold,Hot,Japan
SB01427,Mango Flat White,Flat White,Tall,Cold,"A handcrafted Mango Flat White prepared with premium Starbucks-style coffee or tea, almond milk, vanilla syrup and carefully balanced flavors.",Coconut,4,None,Caramel Drizzle,High,207,471,18,2.7,18.0,4.14,351.9,3.7,43157,Very High,Yes,Yes,Yes,Yes,No,Yes,Cookie,Evening,Sweet,Cold,India
SB01428,Mocha Macchiato,Macchiato,Grande,Hot,"A handcrafted Mocha Macchiato prepared with premium Starbucks-style coffee or tea, almond milk, vanilla syrup and carefully balanced flavors.",Whole,3,Caramel,None,Medium,53,177,33,8.1,7.8,7.48,635.8,4.2,8848,Low,No,No,Yes,No,Yes,No,Cheesecake,Afternoon,Sweet,Hot,UK
SB01429,Mango Cold Brew,Cold Brew,Tall,Cold,"A handcrafted Mango Cold Brew prepared with premium Starbucks-style coffee or tea, coconut milk, none syrup and carefully balanced flavors.",Soy,0,Vanilla,None,High,229,38,51,3.8,3.8,6.68,567.8,5.0,46442,Very High,Yes,Yes,Yes,No,No,Yes,Cookie,Evening,Nutty,Cold,Japan
SB01430,Mocha Latte,Latte,Grande,Cold,"A handcrafted Mocha Latte prepared with premium Starbucks-style coffee or tea, whole milk, none syrup and carefully balanced flavors.",Skim,3,Caramel,Chocolate Shavings,Medium,283,543,68,12.4,27.8,5.51,468.35,4.9,25258,High,Yes,Yes,Yes,No,Yes,Yes,Sandwich,Evening,Sweet,Cold,UK
SB01431,Mocha Espresso,Espresso,Tall,Cold,"A handcrafted Mocha Espresso prepared with premium Starbucks-style coffee or tea, oat milk, vanilla syrup and carefully balanced flavors.",Soy,1,Hazelnut,Chocolate Shavings,High,277,54,56,9.6,8.4,6.04,513.4,4.1,49053,Very High,No,Yes,Yes,Yes,Yes,No,Croissant,Morning,Chocolatey,Cold,UK
SB01432,Matcha Mocha,Mocha,Grande,Cold,"A handcrafted Matcha Mocha prepared with premium Starbucks-style coffee or tea, coconut milk, none syrup and carefully balanced flavors.",Coconut,4,Toffee Nut,Chocolate Shavings,High,143,198,70,2.9,27.2,5.05,429.25,4.5,15989,Medium,Yes,No,Yes,No,No,No,Cheesecake,Evening,Bold,Cold,Japan
SB01433,Mocha Flat White,Flat White,Venti,Cold,"A handcrafted Mocha Flat White prepared with premium Starbucks-style coffee or tea, whole milk, caramel syrup and carefully balanced flavors.",Whole,3,Classic,Whipped Cream,Low,42,210,30,1.1,15.2,8.09,687.65,4.8,5153,Low,No,Yes,Yes,No,Yes,Yes,Blueberry Muffin,Morning,Sweet,Cold,Global
SB01434,Matcha Mocha,Mocha,Venti,Hot,"A handcrafted Matcha Mocha prepared with premium Starbucks-style coffee or tea, whole milk, none syrup and carefully balanced flavors.",Soy,4,None,Caramel Drizzle,Low,283,195,56,8.7,12.0,4.31,366.35,3.7,35042,High,Yes,No,Yes,Yes,No,Yes,Cheesecake,Afternoon,Fruity,Hot,USA
SB01435,White Mocha Espresso,Espresso,Tall,Hot,"A handcrafted White Mocha Espresso prepared with premium Starbucks-style coffee or tea, oat milk, toffee nut syrup and carefully balanced flavors.",Almond,4,Toffee Nut,Chocolate Shavings,High,131,187,29,19.1,6.1,3.18,270.3,4.4,21862,Medium,Yes,Yes,Yes,Yes,No,No,Cookie,Evening,Creamy,Hot,India
SB01436,Strawberry Latte,Latte,Venti,Hot,"A handcrafted Strawberry Latte prepared with premium Starbucks-style coffee or tea, skim milk, hazelnut syrup and carefully balanced flavors.",Whole,2,Vanilla,Whipped Cream,Low,125,230,57,12.5,9.2,6.99,594.15,4.0,6365,Low,Yes,No,Yes,No,No,Yes,Cheesecake,Evening,Sweet,Hot,Canada
SB01437,Vanilla Tea,Tea,Grande,Hot,"A handcrafted Vanilla Tea prepared with premium Starbucks-style coffee or tea, almond milk, hazelnut syrup and carefully balanced flavors.",Almond,4,Toffee Nut,None,High,202,241,51,20.0,21.4,4.41,374.85,3.6,42741,Very High,No,No,Yes,No,No,No,Blueberry Muffin,Morning,Bold,Hot,Canada
SB01438,Vanilla Tea,Tea,Venti,Hot,"A handcrafted Vanilla Tea prepared with premium Starbucks-style coffee or tea, soy milk, toffee nut syrup and carefully balanced flavors.",Almond,4,Caramel,Whipped Cream,High,110,561,20,17.2,4.5,3.78,321.3,4.3,10491,Medium,Yes,No,Yes,No,No,No,Cookie,Evening,Sweet,Hot,UK
SB01439,Chai Mocha,Mocha,Tall,Hot,"A handcrafted Chai Mocha prepared with premium Starbucks-style coffee or tea, almond milk, hazelnut syrup and carefully balanced flavors.",Almond,3,Vanilla,Whipped Cream,High,151,278,23,10.3,24.7,2.87,243.95,4.4,38083,High,Yes,Yes,Yes,No,No,Yes,Blueberry Muffin,Morning,Chocolatey,Hot,Global
SB01440,Mango Refresher,Refresher,Venti,Cold,"A handcrafted Mango Refresher prepared with premium Starbucks-style coffee or tea, soy milk, caramel syrup and carefully balanced flavors.",Oat,4,Classic,Chocolate Shavings,Medium,162,46,34,4.7,19.7,8.29,704.65,4.3,10990,Medium,Yes,Yes,Yes,No,Yes,Yes,Blueberry Muffin,Afternoon,Nutty,Cold,India
SB01441,White Mocha Refresher,Refresher,Tall,Cold,"A handcrafted White Mocha Refresher prepared with premium Starbucks-style coffee or tea, oat milk, classic syrup and carefully balanced flavors.",Almond,1,Caramel,Caramel Drizzle,Low,32,231,2,11.6,7.6,3.65,310.25,4.5,20572,Medium,Yes,No,Yes,Yes,No,No,Cookie,Morning,Nutty,Cold,Canada
SB01442,Classic Mocha,Mocha,Venti,Cold,"A handcrafted Classic Mocha prepared with premium Starbucks-style coffee or tea, whole milk, hazelnut syrup and carefully balanced flavors.",Almond,3,Hazelnut,None,Low,175,214,60,2.8,17.8,6.08,516.8,4.6,1984,Low,No,Yes,Yes,No,No,Yes,Cheesecake,Evening,Fruity,Cold,UK
SB01443,Mocha Macchiato,Macchiato,Venti,Hot,"A handcrafted Mocha Macchiato prepared with premium Starbucks-style coffee or tea, almond milk, classic syrup and carefully balanced flavors.",Whole,3,None,Whipped Cream,Low,141,270,1,16.7,25.8,7.41,629.85,3.5,4560,Low,No,No,Yes,Yes,No,Yes,Cheesecake,Evening,Chocolatey,Hot,Global
SB01444,Java Chip Macchiato,Macchiato,Venti,Hot,"A handcrafted Java Chip Macchiato prepared with premium Starbucks-style coffee or tea, whole milk, vanilla syrup and carefully balanced flavors.",Skim,4,Caramel,Caramel Drizzle,High,194,594,37,8.2,3.6,3.4,289.0,4.3,2033,Low,Yes,No,Yes,Yes,Yes,Yes,Cookie,Morning,Nutty,Hot,India
SB01445,Mocha Refresher,Refresher,Grande,Cold,"A handcrafted Mocha Refresher prepared with premium Starbucks-style coffee or tea, whole milk, none syrup and carefully balanced flavors.",Whole,3,Toffee Nut,Whipped Cream,High,126,555,41,12.6,20.8,7.33,623.05,4.4,26415,High,Yes,Yes,Yes,No,No,No,Cookie,Evening,Bold,Cold,UK
SB01446,Mocha Americano,Americano,Grande,Cold,"A handcrafted Mocha Americano prepared with premium Starbucks-style coffee or tea, skim milk, hazelnut syrup and carefully balanced flavors.",Coconut,3,Classic,Caramel Drizzle,Low,7,92,63,1.5,14.3,2.65,225.25,4.5,1956,Low,No,No,Yes,Yes,Yes,No,Sandwich,Afternoon,Fruity,Cold,Global
SB01447,Vanilla Mocha,Mocha,Grande,Cold,"A handcrafted Vanilla Mocha prepared with premium Starbucks-style coffee or tea, oat milk, classic syrup and carefully balanced flavors.",Whole,1,Toffee Nut,Whipped Cream,Low,218,256,42,7.6,15.9,5.98,508.3,4.2,12527,Medium,No,No,Yes,Yes,Yes,No,Blueberry Muffin,Afternoon,Sweet,Cold,USA
SB01448,Chai Refresher,Refresher,Tall,Cold,"A handcrafted Chai Refresher prepared with premium Starbucks-style coffee or tea, coconut milk, none syrup and carefully balanced flavors.",Almond,0,Classic,Caramel Drizzle,Low,230,207,8,8.9,15.1,6.25,531.25,4.4,5069,Low,No,Yes,Yes,Yes,Yes,Yes,Blueberry Muffin,Morning,Chocolatey,Cold,USA
SB01449,Matcha Latte,Latte,Tall,Cold,"A handcrafted Matcha Latte prepared with premium Starbucks-style coffee or tea, oat milk, caramel syrup and carefully balanced flavors.",Almond,1,Hazelnut,Caramel Drizzle,High,146,303,36,4.0,23.5,5.32,452.2,4.8,47891,Very High,No,No,Yes,Yes,No,Yes,Cookie,Morning,Creamy,Cold,UK
SB01450,Strawberry Cappuccino,Cappuccino,Tall,Hot,"A handcrafted Strawberry Cappuccino prepared with premium Starbucks-style coffee or tea, coconut milk, hazelnut syrup and carefully balanced flavors.",Skim,3,None,Chocolate Shavings,Medium,283,245,57,17.7,11.7,5.44,462.4,4.6,8645,Low,No,Yes,Yes,Yes,Yes,Yes,Blueberry Muffin,Evening,Creamy,Hot,India
SB01451,Mango Mocha,Mocha,Grande,Cold,"A handcrafted Mango Mocha prepared with premium Starbucks-style coffee or tea, whole milk, classic syrup and carefully balanced flavors.",Whole,0,Classic,None,Medium,63,450,42,2.2,11.9,7.94,674.9,4.0,13995,Medium,No,No,Yes,Yes,Yes,No,Blueberry Muffin,Afternoon,Creamy,Cold,Global
SB01452,Strawberry Latte,Latte,Venti,Cold,"A handcrafted Strawberry Latte prepared with premium Starbucks-style coffee or tea, oat milk, toffee nut syrup and carefully balanced flavors.",Skim,3,Vanilla,Whipped Cream,Low,72,344,54,1.9,13.2,6.41,544.85,4.1,14897,Medium,Yes,Yes,Yes,Yes,No,Yes,Cheesecake,Afternoon,Bold,Cold,India
SB01453,Matcha Espresso,Espresso,Venti,Cold,"A handcrafted Matcha Espresso prepared with premium Starbucks-style coffee or tea, oat milk, classic syrup and carefully balanced flavors.",Soy,0,Toffee Nut,Chocolate Shavings,Medium,12,31,43,12.0,4.9,4.29,364.65,4.4,48134,Very High,No,Yes,Yes,No,Yes,Yes,Cookie,Evening,Fruity,Cold,USA
SB01454,Caramel Macchiato,Macchiato,Venti,Hot,"A handcrafted Caramel Macchiato prepared with premium Starbucks-style coffee or tea, whole milk, caramel syrup and carefully balanced flavors.",Whole,2,Hazelnut,Caramel Drizzle,High,271,304,51,6.8,13.6,4.26,362.1,4.0,1653,Low,Yes,Yes,Yes,No,No,No,Cookie,Evening,Nutty,Hot,UK
SB01455,Hazelnut Espresso,Espresso,Venti,Cold,"A handcrafted Hazelnut Espresso prepared with premium Starbucks-style coffee or tea, coconut milk, hazelnut syrup and carefully balanced flavors.",Skim,4,Caramel,Caramel Drizzle,Low,294,532,63,16.3,28.0,5.77,490.45,4.4,36203,High,No,No,Yes,No,No,Yes,Sandwich,Evening,Nutty,Cold,Global
SB01456,Vanilla Tea,Tea,Venti,Hot,"A handcrafted Vanilla Tea prepared with premium Starbucks-style coffee or tea, coconut milk, classic syrup and carefully balanced flavors.",Skim,2,Toffee Nut,Chocolate Shavings,Low,78,456,45,12.6,8.2,7.35,624.75,4.3,49021,Very High,Yes,Yes,Yes,Yes,Yes,Yes,Croissant,Afternoon,Sweet,Hot,Canada
SB01457,Caramel Mocha,Mocha,Tall,Cold,"A handcrafted Caramel Mocha prepared with premium Starbucks-style coffee or tea, almond milk, none syrup and carefully balanced flavors.",Whole,0,Classic,None,Medium,146,478,63,8.7,29.0,3.09,262.65,4.8,18314,Medium,Yes,No,Yes,Yes,Yes,No,Blueberry Muffin,Afternoon,Chocolatey,Cold,USA
SB01458,Java Chip Tea,Tea,Tall,Hot,"A handcrafted Java Chip Tea prepared with premium Starbucks-style coffee or tea, whole milk, toffee nut syrup and carefully balanced flavors.",Soy,2,None,Whipped Cream,High,168,553,30,5.4,21.8,6.31,536.35,3.8,43012,Very High,No,No,Yes,Yes,No,Yes,Blueberry Muffin,Afternoon,Nutty,Hot,UK
SB01459,White Mocha Flat White,Flat White,Venti,Hot,"A handcrafted White Mocha Flat White prepared with premium Starbucks-style coffee or tea, oat milk, classic syrup and carefully balanced flavors.",Soy,3,Caramel,Caramel Drizzle,Low,90,309,37,17.7,14.5,7.96,676.6,4.5,3144,Low,No,Yes,Yes,No,No,Yes,Croissant,Afternoon,Sweet,Hot,USA
SB01460,Chai Tea,Tea,Tall,Cold,"A handcrafted Chai Tea prepared with premium Starbucks-style coffee or tea, almond milk, classic syrup and carefully balanced flavors.",Coconut,0,Caramel,None,Low,275,416,53,10.6,20.0,7.16,608.6,4.2,35404,High,Yes,Yes,Yes,No,No,No,Cookie,Evening,Creamy,Cold,India
SB01461,Strawberry Mocha,Mocha,Venti,Cold,"A handcrafted Strawberry Mocha prepared with premium Starbucks-style coffee or tea, almond milk, none syrup and carefully balanced flavors.",Soy,2,None,Caramel Drizzle,Low,23,97,39,14.3,14.6,7.09,602.65,4.0,29233,High,Yes,Yes,Yes,No,Yes,No,Cookie,Evening,Sweet,Cold,UK
SB01462,Java Chip Americano,Americano,Venti,Cold,"A handcrafted Java Chip Americano prepared with premium Starbucks-style coffee or tea, soy milk, vanilla syrup and carefully balanced flavors.",Coconut,1,Caramel,Caramel Drizzle,Low,108,62,13,11.2,9.9,3.95,335.75,3.9,44264,Very High,No,No,Yes,Yes,No,No,Cookie,Morning,Sweet,Cold,India
SB01463,Chai Macchiato,Macchiato,Grande,Hot,"A handcrafted Chai Macchiato prepared with premium Starbucks-style coffee or tea, coconut milk, vanilla syrup and carefully balanced flavors.",Coconut,1,Caramel,Whipped Cream,High,290,107,28,9.4,17.5,4.83,410.55,4.2,17324,Medium,No,No,Yes,Yes,No,No,Blueberry Muffin,Evening,Fruity,Hot,Global
SB01464,White Mocha Cold Brew,Cold Brew,Tall,Cold,"A handcrafted White Mocha Cold Brew prepared with premium Starbucks-style coffee or tea, oat milk, hazelnut syrup and carefully balanced flavors.",Skim,2,Vanilla,Caramel Drizzle,Low,173,310,27,8.7,13.0,5.15,437.75,4.6,43178,Very High,No,Yes,Yes,Yes,Yes,No,Cheesecake,Afternoon,Chocolatey,Cold,Global
SB01465,Strawberry Latte,Latte,Venti,Cold,"A handcrafted Strawberry Latte prepared with premium Starbucks-style coffee or tea, skim milk, toffee nut syrup and carefully balanced flavors.",Skim,0,Caramel,Chocolate Shavings,Medium,239,510,19,18.0,17.3,5.58,474.3,5.0,28732,High,No,Yes,Yes,No,Yes,Yes,Cheesecake,Morning,Bold,Cold,India
SB01466,Hazelnut Mocha,Mocha,Venti,Hot,"A handcrafted Hazelnut Mocha prepared with premium Starbucks-style coffee or tea, almond milk, caramel syrup and carefully balanced flavors.",Coconut,2,Classic,Chocolate Shavings,High,41,170,51,12.9,7.0,3.53,300.05,4.5,32957,High,No,No,Yes,Yes,Yes,Yes,Blueberry Muffin,Afternoon,Chocolatey,Hot,UK
SB01467,Caramel Cappuccino,Cappuccino,Venti,Hot,"A handcrafted Caramel Cappuccino prepared with premium Starbucks-style coffee or tea, almond milk, hazelnut syrup and carefully balanced flavors.",Skim,0,Classic,Chocolate Shavings,High,22,462,28,4.0,16.9,4.92,418.2,4.8,21953,Medium,Yes,Yes,Yes,Yes,No,Yes,Croissant,Evening,Fruity,Hot,India
SB01468,Matcha Espresso,Espresso,Grande,Hot,"A handcrafted Matcha Espresso prepared with premium Starbucks-style coffee or tea, skim milk, toffee nut syrup and carefully balanced flavors.",Coconut,0,Caramel,Caramel Drizzle,Low,278,645,7,9.3,8.7,3.01,255.85,4.8,15697,Medium,Yes,No,Yes,No,No,No,Croissant,Morning,Bold,Hot,Canada
SB01469,Java Chip Espresso,Espresso,Grande,Cold,"A handcrafted Java Chip Espresso prepared with premium Starbucks-style coffee or tea, soy milk, classic syrup and carefully balanced flavors.",Skim,0,Hazelnut,Whipped Cream,High,76,519,60,13.0,12.2,5.39,458.15,4.6,13035,Medium,No,Yes,Yes,No,No,Yes,Sandwich,Evening,Nutty,Cold,India
SB01470,Mocha Macchiato,Macchiato,Venti,Hot,"A handcrafted Mocha Macchiato prepared with premium Starbucks-style coffee or tea, oat milk, none syrup and carefully balanced flavors.",Whole,1,Vanilla,Whipped Cream,High,105,257,13,1.8,20.8,3.92,333.2,3.5,38289,High,No,No,Yes,Yes,Yes,No,Cheesecake,Afternoon,Bold,Hot,India
SB01471,Mango Refresher,Refresher,Venti,Cold,"A handcrafted Mango Refresher prepared with premium Starbucks-style coffee or tea, oat milk, caramel syrup and carefully balanced flavors.",Soy,4,Toffee Nut,Chocolate Shavings,Medium,88,150,0,12.7,10.0,7.84,666.4,3.7,8381,Low,No,Yes,Yes,Yes,No,No,Sandwich,Morning,Creamy,Cold,Japan
SB01472,Mango Macchiato,Macchiato,Tall,Cold,"A handcrafted Mango Macchiato prepared with premium Starbucks-style coffee or tea, coconut milk, none syrup and carefully balanced flavors.",Skim,4,Caramel,None,Low,171,182,55,9.5,7.5,4.85,412.25,3.7,18958,Medium,Yes,Yes,Yes,No,Yes,No,Sandwich,Morning,Nutty,Cold,India
SB01473,Caramel Mocha,Mocha,Venti,Cold,"A handcrafted Caramel Mocha prepared with premium Starbucks-style coffee or tea, almond milk, caramel syrup and carefully balanced flavors.",Oat,1,Classic,None,Low,234,424,54,6.9,24.0,7.1,603.5,3.8,23424,Medium,No,No,Yes,Yes,No,Yes,Sandwich,Afternoon,Nutty,Cold,USA
SB01474,Chai Espresso,Espresso,Grande,Hot,"A handcrafted Chai Espresso prepared with premium Starbucks-style coffee or tea, whole milk, hazelnut syrup and carefully balanced flavors.",Skim,3,Caramel,Caramel Drizzle,High,45,503,59,15.6,16.0,6.52,554.2,3.6,21955,Medium,Yes,No,Yes,No,No,No,Cookie,Morning,Creamy,Hot,USA
SB01475,White Mocha Tea,Tea,Venti,Hot,"A handcrafted White Mocha Tea prepared with premium Starbucks-style coffee or tea, coconut milk, toffee nut syrup and carefully balanced flavors.",Oat,3,Caramel,None,Medium,183,286,67,8.3,9.8,2.72,231.2,3.6,40761,Very High,Yes,Yes,Yes,Yes,No,Yes,Croissant,Evening,Sweet,Hot,USA
SB01476,Java Chip Cappuccino,Cappuccino,Venti,Hot,"A handcrafted Java Chip Cappuccino prepared with premium Starbucks-style coffee or tea, whole milk, hazelnut syrup and carefully balanced flavors.",Almond,1,Vanilla,Chocolate Shavings,Medium,115,107,13,13.0,23.1,3.36,285.6,5.0,48842,Very High,No,Yes,Yes,Yes,Yes,No,Sandwich,Evening,Chocolatey,Hot,Canada
SB01477,Mango Americano,Americano,Grande,Hot,"A handcrafted Mango Americano prepared with premium Starbucks-style coffee or tea, soy milk, hazelnut syrup and carefully balanced flavors.",Skim,2,Vanilla,Caramel Drizzle,High,47,579,16,15.3,15.8,2.9,246.5,3.5,27557,High,Yes,No,Yes,Yes,Yes,Yes,Croissant,Afternoon,Nutty,Hot,India
SB01478,Strawberry Americano,Americano,Venti,Hot,"A handcrafted Strawberry Americano prepared with premium Starbucks-style coffee or tea, soy milk, toffee nut syrup and carefully balanced flavors.",Soy,3,Vanilla,Chocolate Shavings,Medium,35,424,60,18.6,3.0,8.02,681.7,4.6,25182,High,No,Yes,Yes,No,Yes,Yes,Sandwich,Afternoon,Creamy,Hot,India
SB01479,Classic Refresher,Refresher,Grande,Cold,"A handcrafted Classic Refresher prepared with premium Starbucks-style coffee or tea, coconut milk, vanilla syrup and carefully balanced flavors.",Oat,3,None,Whipped Cream,Medium,127,573,22,19.4,14.0,7.37,626.45,3.8,36837,High,Yes,Yes,Yes,No,Yes,No,Blueberry Muffin,Evening,Sweet,Cold,Global
SB01480,Matcha Tea,Tea,Tall,Hot,"A handcrafted Matcha Tea prepared with premium Starbucks-style coffee or tea, soy milk, none syrup and carefully balanced flavors.",Coconut,3,Toffee Nut,Chocolate Shavings,High,278,332,23,17.2,6.2,7.96,676.6,3.7,12053,Medium,No,No,Yes,Yes,No,Yes,Croissant,Morning,Fruity,Hot,UK
SB01481,Classic Tea,Tea,Grande,Cold,"A handcrafted Classic Tea prepared with premium Starbucks-style coffee or tea, soy milk, caramel syrup and carefully balanced flavors.",Oat,3,Classic,Whipped Cream,Low,279,447,59,0.4,7.2,7.09,602.65,4.8,48190,Very High,No,No,Yes,No,Yes,Yes,Cookie,Morning,Chocolatey,Cold,Global
SB01482,Matcha Flat White,Flat White,Grande,Cold,"A handcrafted Matcha Flat White prepared with premium Starbucks-style coffee or tea, oat milk, none syrup and carefully balanced flavors.",Soy,1,Vanilla,Whipped Cream,Medium,273,623,7,17.2,16.6,7.73,657.05,3.6,45841,Very High,No,Yes,Yes,Yes,No,No,Sandwich,Morning,Creamy,Cold,UK
SB01483,Mango Mocha,Mocha,Tall,Cold,"A handcrafted Mango Mocha prepared with premium Starbucks-style coffee or tea, whole milk, classic syrup and carefully balanced flavors.",Almond,3,Caramel,Whipped Cream,High,201,289,38,14.0,15.4,6.05,514.25,4.5,36478,High,No,No,Yes,No,Yes,No,Cheesecake,Morning,Sweet,Cold,India
SB01484,Mango Americano,Americano,Grande,Cold,"A handcrafted Mango Americano prepared with premium Starbucks-style coffee or tea, whole milk, none syrup and carefully balanced flavors.",Oat,0,Hazelnut,Caramel Drizzle,High,293,626,33,12.6,17.3,8.28,703.8,3.6,3870,Low,Yes,Yes,Yes,Yes,Yes,No,Croissant,Evening,Bold,Cold,India
SB01485,White Mocha Tea,Tea,Grande,Hot,"A handcrafted White Mocha Tea prepared with premium Starbucks-style coffee or tea, whole milk, classic syrup and carefully balanced flavors.",Whole,2,Vanilla,Chocolate Shavings,High,247,216,3,11.8,7.6,5.74,487.9,4.2,32547,High,No,No,Yes,No,No,Yes,Cheesecake,Morning,Sweet,Hot,Japan
SB01486,Caramel Cold Brew,Cold Brew,Tall,Cold,"A handcrafted Caramel Cold Brew prepared with premium Starbucks-style coffee or tea, whole milk, hazelnut syrup and carefully balanced flavors.",Skim,1,Caramel,Caramel Drizzle,High,182,441,65,7.7,8.1,6.0,510.0,4.5,33768,High,Yes,Yes,Yes,No,No,Yes,Blueberry Muffin,Morning,Bold,Cold,Canada
SB01487,Matcha Cold Brew,Cold Brew,Venti,Cold,"A handcrafted Matcha Cold Brew prepared with premium Starbucks-style coffee or tea, coconut milk, vanilla syrup and carefully balanced flavors.",Soy,0,Caramel,Caramel Drizzle,Low,248,556,50,18.7,12.1,6.57,558.45,4.4,46919,Very High,No,Yes,Yes,No,No,Yes,Croissant,Morning,Nutty,Cold,Japan
SB01488,Vanilla Espresso,Espresso,Tall,Hot,"A handcrafted Vanilla Espresso prepared with premium Starbucks-style coffee or tea, skim milk, none syrup and carefully balanced flavors.",Coconut,4,Vanilla,Caramel Drizzle,Medium,215,221,39,0.2,4.9,4.86,413.1,4.2,7786,Low,No,No,Yes,Yes,No,No,Blueberry Muffin,Afternoon,Bold,Hot,USA
SB01489,Caramel Latte,Latte,Venti,Cold,"A handcrafted Caramel Latte prepared with premium Starbucks-style coffee or tea, soy milk, caramel syrup and carefully balanced flavors.",Soy,3,Vanilla,Whipped Cream,High,92,241,6,8.9,2.5,3.92,333.2,4.9,19916,Medium,No,Yes,Yes,Yes,No,No,Croissant,Afternoon,Creamy,Cold,Canada
SB01490,Caramel Espresso,Espresso,Grande,Hot,"A handcrafted Caramel Espresso prepared with premium Starbucks-style coffee or tea, soy milk, hazelnut syrup and carefully balanced flavors.",Whole,0,Toffee Nut,Whipped Cream,High,102,163,20,4.5,18.0,3.17,269.45,3.5,46957,Very High,No,No,Yes,Yes,Yes,Yes,Cookie,Afternoon,Sweet,Hot,Global
SB01491,Mango Macchiato,Macchiato,Venti,Hot,"A handcrafted Mango Macchiato prepared with premium Starbucks-style coffee or tea, skim milk, none syrup and carefully balanced flavors.",Soy,3,Toffee Nut,Caramel Drizzle,High,271,193,45,6.5,27.6,5.27,447.95,4.4,21730,Medium,No,No,Yes,No,Yes,Yes,Cookie,Morning,Creamy,Hot,India
SB01492,Mocha Tea,Tea,Tall,Cold,"A handcrafted Mocha Tea prepared with premium Starbucks-style coffee or tea, coconut milk, vanilla syrup and carefully balanced flavors.",Almond,1,Hazelnut,Chocolate Shavings,High,34,640,17,13.7,14.2,7.24,615.4,4.1,28222,High,Yes,No,Yes,Yes,Yes,Yes,Sandwich,Evening,Sweet,Cold,UK
SB01493,Caramel Flat White,Flat White,Tall,Cold,"A handcrafted Caramel Flat White prepared with premium Starbucks-style coffee or tea, oat milk, hazelnut syrup and carefully balanced flavors.",Coconut,0,Vanilla,None,Medium,218,636,0,18.4,6.0,3.15,267.75,3.5,21100,Medium,No,Yes,Yes,No,No,Yes,Cookie,Morning,Fruity,Cold,Canada
SB01494,Java Chip Espresso,Espresso,Grande,Hot,"A handcrafted Java Chip Espresso prepared with premium Starbucks-style coffee or tea, skim milk, caramel syrup and carefully balanced flavors.",Whole,4,Vanilla,Whipped Cream,High,93,214,7,8.4,9.5,6.04,513.4,4.6,26077,High,No,No,Yes,Yes,Yes,No,Blueberry Muffin,Afternoon,Sweet,Hot,USA
SB01495,Chai Tea,Tea,Grande,Hot,"A handcrafted Chai Tea prepared with premium Starbucks-style coffee or tea, coconut milk, classic syrup and carefully balanced flavors.",Coconut,2,Vanilla,Whipped Cream,High,175,503,46,9.2,3.4,7.95,675.75,4.0,39903,High,Yes,No,Yes,Yes,Yes,Yes,Croissant,Morning,Creamy,Hot,India
SB01496,Mocha Frappuccino,Frappuccino,Grande,Cold,"A handcrafted Mocha Frappuccino prepared with premium Starbucks-style coffee or tea, whole milk, toffee nut syrup and carefully balanced flavors.",Coconut,1,None,Whipped Cream,Low,207,618,65,5.1,1.9,4.87,413.95,4.5,11267,Medium,Yes,No,Yes,Yes,Yes,No,Cheesecake,Evening,Creamy,Cold,Canada
SB01497,Vanilla Macchiato,Macchiato,Grande,Cold,"A handcrafted Vanilla Macchiato prepared with premium Starbucks-style coffee or tea, almond milk, hazelnut syrup and carefully balanced flavors.",Skim,0,Hazelnut,Caramel Drizzle,Medium,108,558,16,5.5,15.7,5.13,436.05,4.9,1713,Low,Yes,No,Yes,Yes,No,No,Cookie,Afternoon,Bold,Cold,Japan
SB01498,Matcha Frappuccino,Frappuccino,Grande,Cold,"A handcrafted Matcha Frappuccino prepared with premium Starbucks-style coffee or tea, coconut milk, caramel syrup and carefully balanced flavors.",Whole,0,Vanilla,Caramel Drizzle,Medium,26,505,52,18.3,2.5,2.6,221.0,3.5,46908,Very High,No,Yes,Yes,No,No,Yes,Sandwich,Evening,Bold,Cold,Japan
SB01499,Matcha Latte,Latte,Venti,Cold,"A handcrafted Matcha Latte prepared with premium Starbucks-style coffee or tea, whole milk, caramel syrup and carefully balanced flavors.",Coconut,2,Classic,Chocolate Shavings,Medium,198,46,43,7.0,21.2,6.99,594.15,4.8,37915,High,Yes,Yes,Yes,No,Yes,No,Sandwich,Evening,Nutty,Cold,UK
SB01500,Vanilla Americano,Americano,Tall,Cold,"A handcrafted Vanilla Americano prepared with premium Starbucks-style coffee or tea, almond milk, hazelnut syrup and carefully balanced flavors.",Almond,1,Classic,Whipped Cream,Medium,73,278,69,14.7,28.8,4.2,357.0,4.0,1517,Low,Yes,Yes,Yes,No,No,Yes,Cookie,Morning,Creamy,Cold,Japan
SB01501,Matcha Cappuccino,Cappuccino,Venti,Cold,"A handcrafted Matcha Cappuccino prepared with premium Starbucks-style coffee or tea, oat milk, hazelnut syrup and carefully balanced flavors.",Whole,4,None,Caramel Drizzle,High,187,154,3,10.0,26.4,6.19,526.15,4.3,34335,High,Yes,Yes,Yes,Yes,No,Yes,Croissant,Evening,Chocolatey,Cold,Japan
SB01502,Chai Cappuccino,Cappuccino,Grande,Hot,"A handcrafted Chai Cappuccino prepared with premium Starbucks-style coffee or tea, skim milk, classic syrup and carefully balanced flavors.",Soy,3,None,Whipped Cream,Medium,297,274,40,7.6,18.7,7.03,597.55,3.9,34828,High,Yes,Yes,Yes,No,No,No,Croissant,Afternoon,Creamy,Hot,Japan
SB01503,Classic Flat White,Flat White,Grande,Hot,"A handcrafted Classic Flat White prepared with premium Starbucks-style coffee or tea, soy milk, none syrup and carefully balanced flavors.",Coconut,1,Hazelnut,Chocolate Shavings,Medium,59,341,26,1.4,28.0,3.45,293.25,4.6,9228,Low,Yes,Yes,Yes,No,No,Yes,Sandwich,Evening,Sweet,Hot,USA
SB01504,White Mocha Mocha,Mocha,Grande,Cold,"A handcrafted White Mocha Mocha prepared with premium Starbucks-style coffee or tea, coconut milk, caramel syrup and carefully balanced flavors.",Oat,2,Toffee Nut,Caramel Drizzle,Medium,56,134,45,10.2,23.6,5.15,437.75,4.5,32227,High,Yes,Yes,Yes,No,No,Yes,Sandwich,Evening,Fruity,Cold,India
SB01505,Mango Frappuccino,Frappuccino,Grande,Cold,"A handcrafted Mango Frappuccino prepared with premium Starbucks-style coffee or tea, skim milk, toffee nut syrup and carefully balanced flavors.",Almond,0,Vanilla,Chocolate Shavings,Low,255,489,59,5.2,14.2,6.98,593.3,3.8,34809,High,Yes,Yes,Yes,Yes,Yes,No,Cookie,Evening,Creamy,Cold,Global
SB01506,Java Chip Mocha,Mocha,Venti,Cold,"A handcrafted Java Chip Mocha prepared with premium Starbucks-style coffee or tea, almond milk, vanilla syrup and carefully balanced flavors.",Soy,1,None,Whipped Cream,High,258,506,42,11.8,29.2,6.75,573.75,3.8,26672,High,Yes,Yes,Yes,No,No,Yes,Croissant,Afternoon,Bold,Cold,Canada
SB01507,Mocha Macchiato,Macchiato,Grande,Hot,"A handcrafted Mocha Macchiato prepared with premium Starbucks-style coffee or tea, whole milk, classic syrup and carefully balanced flavors.",Oat,3,Hazelnut,Whipped Cream,High,144,116,47,11.2,3.0,6.03,512.55,4.6,41297,Very High,No,Yes,Yes,Yes,Yes,Yes,Blueberry Muffin,Morning,Chocolatey,Hot,India
SB01508,Strawberry Americano,Americano,Venti,Cold,"A handcrafted Strawberry Americano prepared with premium Starbucks-style coffee or tea, oat milk, vanilla syrup and carefully balanced flavors.",Soy,2,Vanilla,None,High,31,182,35,0.2,25.2,5.45,463.25,4.4,34829,High,No,Yes,Yes,Yes,Yes,Yes,Cookie,Morning,Fruity,Cold,Global
SB01509,Java Chip Flat White,Flat White,Tall,Cold,"A handcrafted Java Chip Flat White prepared with premium Starbucks-style coffee or tea, soy milk, vanilla syrup and carefully balanced flavors.",Oat,3,Classic,None,Medium,147,42,22,6.5,12.9,7.66,651.1,3.7,19701,Medium,Yes,Yes,Yes,Yes,Yes,No,Sandwich,Morning,Creamy,Cold,Global
SB01510,Chai Tea,Tea,Grande,Cold,"A handcrafted Chai Tea prepared with premium Starbucks-style coffee or tea, soy milk, caramel syrup and carefully balanced flavors.",Skim,1,Caramel,Whipped Cream,High,131,574,56,18.2,27.1,3.62,307.7,4.9,19322,Medium,No,No,Yes,Yes,Yes,No,Cookie,Afternoon,Bold,Cold,Canada
SB01511,Strawberry Macchiato,Macchiato,Grande,Hot,"A handcrafted Strawberry Macchiato prepared with premium Starbucks-style coffee or tea, almond milk, caramel syrup and carefully balanced flavors.",Almond,2,Caramel,None,High,130,545,8,12.9,26.6,6.98,593.3,4.7,43267,Very High,No,Yes,Yes,Yes,No,No,Cheesecake,Afternoon,Nutty,Hot,India
SB01512,Chai Cold Brew,Cold Brew,Grande,Cold,"A handcrafted Chai Cold Brew prepared with premium Starbucks-style coffee or tea, skim milk, vanilla syrup and carefully balanced flavors.",Whole,4,Vanilla,Chocolate Shavings,Medium,129,107,68,12.3,8.9,3.33,283.05,3.8,45495,Very High,Yes,No,Yes,Yes,Yes,No,Sandwich,Morning,Bold,Cold,UK
SB01513,Strawberry Flat White,Flat White,Venti,Cold,"A handcrafted Strawberry Flat White prepared with premium Starbucks-style coffee or tea, oat milk, hazelnut syrup and carefully balanced flavors.",Almond,3,Vanilla,Whipped Cream,Low,127,67,1,1.9,9.1,6.65,565.25,4.3,11405,Medium,No,No,Yes,Yes,No,No,Cookie,Morning,Chocolatey,Cold,Japan
SB01514,Caramel Latte,Latte,Tall,Hot,"A handcrafted Caramel Latte prepared with premium Starbucks-style coffee or tea, skim milk, caramel syrup and carefully balanced flavors.",Skim,4,Toffee Nut,None,High,23,153,1,5.4,1.0,5.92,503.2,3.8,11164,Medium,Yes,No,Yes,No,No,Yes,Sandwich,Evening,Bold,Hot,Global
SB01515,Matcha Latte,Latte,Tall,Cold,"A handcrafted Matcha Latte prepared with premium Starbucks-style coffee or tea, soy milk, toffee nut syrup and carefully balanced flavors.",Soy,3,Classic,Whipped Cream,Medium,29,53,59,16.2,3.1,4.78,406.3,4.4,26999,High,No,Yes,Yes,No,Yes,Yes,Blueberry Muffin,Evening,Sweet,Cold,Canada
SB01516,Java Chip Mocha,Mocha,Tall,Cold,"A handcrafted Java Chip Mocha prepared with premium Starbucks-style coffee or tea, almond milk, classic syrup and carefully balanced flavors.",Oat,4,Hazelnut,Whipped Cream,Medium,42,401,43,5.1,24.6,3.53,300.05,4.2,49322,Very High,No,Yes,Yes,No,No,Yes,Cookie,Evening,Chocolatey,Cold,Japan
SB01517,Java Chip Cappuccino,Cappuccino,Venti,Cold,"A handcrafted Java Chip Cappuccino prepared with premium Starbucks-style coffee or tea, skim milk, classic syrup and carefully balanced flavors.",Coconut,1,Classic,Whipped Cream,Low,271,138,34,0.3,21.4,3.86,328.1,4.2,22445,Medium,Yes,Yes,Yes,No,No,No,Croissant,Morning,Creamy,Cold,UK
SB01518,Matcha Americano,Americano,Grande,Cold,"A handcrafted Matcha Americano prepared with premium Starbucks-style coffee or tea, almond milk, caramel syrup and carefully balanced flavors.",Coconut,1,Classic,Chocolate Shavings,High,118,185,54,14.3,11.0,3.35,284.75,3.9,6365,Low,Yes,No,Yes,No,No,No,Cookie,Morning,Sweet,Cold,UK
SB01519,Vanilla Flat White,Flat White,Tall,Hot,"A handcrafted Vanilla Flat White prepared with premium Starbucks-style coffee or tea, whole milk, vanilla syrup and carefully balanced flavors.",Oat,2,Caramel,Whipped Cream,Low,32,60,39,9.4,26.0,4.85,412.25,4.9,17304,Medium,No,Yes,Yes,No,No,No,Cookie,Afternoon,Fruity,Hot,India
SB01520,Classic Latte,Latte,Venti,Hot,"A handcrafted Classic Latte prepared with premium Starbucks-style coffee or tea, skim milk, hazelnut syrup and carefully balanced flavors.",Whole,1,Caramel,None,Medium,155,316,47,6.8,19.9,3.3,280.5,4.9,3401,Low,No,No,Yes,No,No,Yes,Sandwich,Morning,Fruity,Hot,Japan
SB01521,Mango Espresso,Espresso,Tall,Cold,"A handcrafted Mango Espresso prepared with premium Starbucks-style coffee or tea, soy milk, caramel syrup and carefully balanced flavors.",Almond,4,Toffee Nut,Caramel Drizzle,High,213,114,40,4.1,3.6,5.73,487.05,4.0,39272,High,No,Yes,Yes,Yes,Yes,No,Cheesecake,Evening,Fruity,Cold,Japan
SB01522,Hazelnut Latte,Latte,Grande,Cold,"A handcrafted Hazelnut Latte prepared with premium Starbucks-style coffee or tea, oat milk, hazelnut syrup and carefully balanced flavors.",Almond,0,Toffee Nut,Caramel Drizzle,High,41,258,14,12.8,10.7,5.49,466.65,3.8,27635,High,Yes,No,Yes,No,Yes,Yes,Croissant,Morning,Fruity,Cold,Global
SB01523,Matcha Frappuccino,Frappuccino,Grande,Cold,"A handcrafted Matcha Frappuccino prepared with premium Starbucks-style coffee or tea, almond milk, hazelnut syrup and carefully balanced flavors.",Coconut,1,Hazelnut,Whipped Cream,High,162,635,57,0.1,13.7,4.21,357.85,4.3,32176,High,Yes,No,Yes,Yes,Yes,Yes,Cookie,Morning,Creamy,Cold,UK
SB01524,Caramel Americano,Americano,Grande,Cold,"A handcrafted Caramel Americano prepared with premium Starbucks-style coffee or tea, oat milk, hazelnut syrup and carefully balanced flavors.",Soy,2,Caramel,None,Medium,168,141,6,5.6,7.7,5.91,502.35,4.4,43527,Very High,Yes,Yes,Yes,Yes,No,Yes,Sandwich,Afternoon,Bold,Cold,India
SB01525,White Mocha Cold Brew,Cold Brew,Venti,Cold,"A handcrafted White Mocha Cold Brew prepared with premium Starbucks-style coffee or tea, coconut milk, vanilla syrup and carefully balanced flavors.",Coconut,2,Caramel,Chocolate Shavings,Medium,225,489,5,15.1,7.8,6.0,510.0,4.2,40548,Very High,No,Yes,Yes,No,Yes,Yes,Cookie,Afternoon,Nutty,Cold,Canada
SB01526,Java Chip Macchiato,Macchiato,Tall,Hot,"A handcrafted Java Chip Macchiato prepared with premium Starbucks-style coffee or tea, soy milk, toffee nut syrup and carefully balanced flavors.",Skim,4,Hazelnut,Whipped Cream,High,230,531,30,9.4,21.5,5.56,472.6,3.9,9420,Low,Yes,No,Yes,Yes,No,No,Sandwich,Morning,Fruity,Hot,USA
SB01527,Classic Cold Brew,Cold Brew,Venti,Cold,"A handcrafted Classic Cold Brew prepared with premium Starbucks-style coffee or tea, whole milk, none syrup and carefully balanced flavors.",Coconut,2,None,Caramel Drizzle,Medium,164,270,7,3.6,5.4,4.89,415.65,4.8,13929,Medium,No,No,Yes,No,Yes,No,Cookie,Evening,Bold,Cold,Japan
SB01528,Classic Macchiato,Macchiato,Tall,Cold,"A handcrafted Classic Macchiato prepared with premium Starbucks-style coffee or tea, skim milk, none syrup and carefully balanced flavors.",Coconut,4,Caramel,Whipped Cream,Low,97,104,7,15.5,6.4,2.81,238.85,3.5,6768,Low,No,Yes,Yes,Yes,Yes,Yes,Blueberry Muffin,Morning,Bold,Cold,Japan
SB01529,Mocha Cold Brew,Cold Brew,Tall,Cold,"A handcrafted Mocha Cold Brew prepared with premium Starbucks-style coffee or tea, oat milk, caramel syrup and carefully balanced flavors.",Oat,3,None,None,Medium,141,159,12,5.7,2.6,3.24,275.4,3.9,33242,High,No,No,Yes,No,Yes,Yes,Cheesecake,Morning,Sweet,Cold,UK
SB01530,Mango Mocha,Mocha,Venti,Hot,"A handcrafted Mango Mocha prepared with premium Starbucks-style coffee or tea, coconut milk, toffee nut syrup and carefully balanced flavors.",Coconut,3,Classic,None,Low,279,220,59,0.4,23.9,5.91,502.35,3.8,11265,Medium,No,Yes,Yes,No,Yes,No,Cheesecake,Evening,Sweet,Hot,Global
SB01531,Mango Cold Brew,Cold Brew,Grande,Cold,"A handcrafted Mango Cold Brew prepared with premium Starbucks-style coffee or tea, oat milk, classic syrup and carefully balanced flavors.",Oat,0,Vanilla,Whipped Cream,High,70,376,42,7.5,23.5,6.53,555.05,4.9,15914,Medium,No,No,Yes,No,Yes,Yes,Cheesecake,Evening,Fruity,Cold,Canada
SB01532,Classic Americano,Americano,Tall,Cold,"A handcrafted Classic Americano prepared with premium Starbucks-style coffee or tea, oat milk, caramel syrup and carefully balanced flavors.",Almond,1,Vanilla,Chocolate Shavings,High,183,41,53,15.9,27.8,5.06,430.1,4.8,1035,Low,Yes,Yes,Yes,Yes,Yes,Yes,Croissant,Afternoon,Chocolatey,Cold,India
SB01533,Hazelnut Mocha,Mocha,Grande,Cold,"A handcrafted Hazelnut Mocha prepared with premium Starbucks-style coffee or tea, skim milk, toffee nut syrup and carefully balanced flavors.",Oat,0,None,Whipped Cream,High,138,38,56,0.6,6.5,6.72,571.2,3.6,9884,Low,Yes,No,Yes,No,Yes,Yes,Cookie,Evening,Creamy,Cold,Japan
SB01534,Java Chip Flat White,Flat White,Venti,Hot,"A handcrafted Java Chip Flat White prepared with premium Starbucks-style coffee or tea, soy milk, caramel syrup and carefully balanced flavors.",Skim,2,Vanilla,Caramel Drizzle,High,61,601,39,6.0,24.1,4.73,402.05,4.9,22614,Medium,No,No,Yes,Yes,Yes,Yes,Croissant,Evening,Fruity,Hot,India
SB01535,Hazelnut Mocha,Mocha,Tall,Hot,"A handcrafted Hazelnut Mocha prepared with premium Starbucks-style coffee or tea, almond milk, hazelnut syrup and carefully balanced flavors.",Almond,3,Toffee Nut,Whipped Cream,High,95,285,65,2.7,9.7,7.91,672.35,4.8,12867,Medium,Yes,No,Yes,No,Yes,No,Sandwich,Morning,Fruity,Hot,India
SB01536,Vanilla Frappuccino,Frappuccino,Tall,Cold,"A handcrafted Vanilla Frappuccino prepared with premium Starbucks-style coffee or tea, almond milk, vanilla syrup and carefully balanced flavors.",Skim,2,Hazelnut,None,Low,287,533,40,18.6,26.2,6.83,580.55,4.8,24833,Medium,No,Yes,Yes,No,Yes,Yes,Cheesecake,Evening,Bold,Cold,USA
SB01537,Strawberry Tea,Tea,Grande,Cold,"A handcrafted Strawberry Tea prepared with premium Starbucks-style coffee or tea, whole milk, classic syrup and carefully balanced flavors.",Whole,3,None,Whipped Cream,High,72,220,25,16.5,16.1,2.84,241.4,3.8,4490,Low,Yes,No,Yes,Yes,Yes,Yes,Cheesecake,Evening,Fruity,Cold,UK
SB01538,White Mocha Cold Brew,Cold Brew,Tall,Cold,"A handcrafted White Mocha Cold Brew prepared with premium Starbucks-style coffee or tea, skim milk, none syrup and carefully balanced flavors.",Oat,3,None,Whipped Cream,High,23,411,52,10.8,13.4,6.71,570.35,4.9,12028,Medium,No,No,Yes,Yes,No,Yes,Croissant,Morning,Nutty,Cold,Japan
SB01539,Java Chip Cappuccino,Cappuccino,Tall,Hot,"A handcrafted Java Chip Cappuccino prepared with premium Starbucks-style coffee or tea, soy milk, toffee nut syrup and carefully balanced flavors.",Oat,4,Vanilla,Whipped Cream,Low,245,589,6,10.0,8.5,7.55,641.75,4.7,3971,Low,No,No,Yes,No,No,Yes,Sandwich,Morning,Sweet,Hot,India
SB01540,Strawberry Macchiato,Macchiato,Grande,Cold,"A handcrafted Strawberry Macchiato prepared with premium Starbucks-style coffee or tea, soy milk, vanilla syrup and carefully balanced flavors.",Coconut,1,Vanilla,None,Medium,128,276,45,5.2,21.5,2.8,238.0,4.2,5025,Low,No,No,Yes,Yes,No,Yes,Cookie,Evening,Chocolatey,Cold,USA
SB01541,White Mocha Americano,Americano,Venti,Hot,"A handcrafted White Mocha Americano prepared with premium Starbucks-style coffee or tea, whole milk, classic syrup and carefully balanced flavors.",Oat,2,Hazelnut,None,High,177,61,24,1.8,10.6,7.83,665.55,3.7,34260,High,No,No,Yes,Yes,Yes,Yes,Blueberry Muffin,Evening,Sweet,Hot,India
SB01542,Hazelnut Cappuccino,Cappuccino,Venti,Hot,"A handcrafted Hazelnut Cappuccino prepared with premium Starbucks-style coffee or tea, whole milk, classic syrup and carefully balanced flavors.",Skim,0,Vanilla,Caramel Drizzle,High,52,160,59,19.6,18.9,6.43,546.55,3.9,20183,Medium,No,Yes,Yes,Yes,Yes,Yes,Sandwich,Morning,Nutty,Hot,Japan
SB01543,White Mocha Frappuccino,Frappuccino,Tall,Cold,"A handcrafted White Mocha Frappuccino prepared with premium Starbucks-style coffee or tea, skim milk, none syrup and carefully balanced flavors.",Whole,0,Classic,Chocolate Shavings,Low,173,418,8,13.7,8.4,5.57,473.45,3.7,13835,Medium,No,No,Yes,No,Yes,Yes,Sandwich,Evening,Creamy,Cold,USA
SB01544,Strawberry Flat White,Flat White,Grande,Cold,"A handcrafted Strawberry Flat White prepared with premium Starbucks-style coffee or tea, coconut milk, hazelnut syrup and carefully balanced flavors.",Almond,3,Caramel,None,High,274,271,1,17.4,6.2,2.53,215.05,4.0,6633,Low,Yes,No,Yes,Yes,Yes,No,Sandwich,Afternoon,Chocolatey,Cold,Japan
SB01545,Matcha Americano,Americano,Venti,Hot,"A handcrafted Matcha Americano prepared with premium Starbucks-style coffee or tea, skim milk, caramel syrup and carefully balanced flavors.",Whole,3,Caramel,Caramel Drizzle,Medium,131,425,27,0.2,18.7,6.59,560.15,4.9,26523,High,No,No,Yes,No,Yes,Yes,Croissant,Afternoon,Nutty,Hot,Global
SB01546,Matcha Espresso,Espresso,Venti,Hot,"A handcrafted Matcha Espresso prepared with premium Starbucks-style coffee or tea, whole milk, classic syrup and carefully balanced flavors.",Soy,2,Toffee Nut,Whipped Cream,Low,207,586,23,4.4,5.3,7.99,679.15,4.5,17237,Medium,Yes,Yes,Yes,Yes,No,Yes,Croissant,Afternoon,Bold,Hot,USA
SB01547,Matcha Cold Brew,Cold Brew,Grande,Cold,"A handcrafted Matcha Cold Brew prepared with premium Starbucks-style coffee or tea, almond milk, toffee nut syrup and carefully balanced flavors.",Skim,2,None,None,Low,13,567,7,14.1,8.7,4.26,362.1,4.4,11579,Medium,No,No,Yes,Yes,No,Yes,Sandwich,Morning,Chocolatey,Cold,UK
SB01548,Strawberry Americano,Americano,Grande,Hot,"A handcrafted Strawberry Americano prepared with premium Starbucks-style coffee or tea, coconut milk, hazelnut syrup and carefully balanced flavors.",Soy,4,Toffee Nut,Caramel Drizzle,Low,185,116,18,8.3,20.9,4.96,421.6,3.9,7276,Low,Yes,Yes,Yes,No,Yes,Yes,Croissant,Morning,Nutty,Hot,UK
SB01549,Caramel Latte,Latte,Venti,Cold,"A handcrafted Caramel Latte prepared with premium Starbucks-style coffee or tea, oat milk, toffee nut syrup and carefully balanced flavors.",Skim,1,Vanilla,Whipped Cream,Medium,112,194,7,0.4,26.0,5.4,459.0,3.8,26317,High,Yes,Yes,Yes,No,Yes,No,Croissant,Morning,Fruity,Cold,UK
SB01550,Mango Mocha,Mocha,Tall,Cold,"A handcrafted Mango Mocha prepared with premium Starbucks-style coffee or tea, soy milk, toffee nut syrup and carefully balanced flavors.",Soy,1,None,Whipped Cream,Low,258,542,53,6.7,10.1,6.78,576.3,4.2,19310,Medium,Yes,Yes,Yes,Yes,Yes,Yes,Cheesecake,Afternoon,Creamy,Cold,Global
SB01551,Caramel Macchiato,Macchiato,Tall,Hot,"A handcrafted Caramel Macchiato prepared with premium Starbucks-style coffee or tea, skim milk, toffee nut syrup and carefully balanced flavors.",Soy,0,Hazelnut,Chocolate Shavings,Medium,26,313,23,13.6,4.3,3.89,330.65,3.6,8903,Low,Yes,No,Yes,No,No,No,Cookie,Evening,Nutty,Hot,Japan
SB01552,Hazelnut Refresher,Refresher,Venti,Cold,"A handcrafted Hazelnut Refresher prepared with premium Starbucks-style coffee or tea, whole milk, classic syrup and carefully balanced flavors.",Almond,4,Vanilla,Whipped Cream,Low,122,417,65,10.9,3.3,7.88,669.8,3.9,33734,High,Yes,Yes,Yes,No,No,No,Sandwich,Evening,Bold,Cold,Japan
SB01553,Chai Americano,Americano,Grande,Hot,"A handcrafted Chai Americano prepared with premium Starbucks-style coffee or tea, oat milk, toffee nut syrup and carefully balanced flavors.",Almond,1,Hazelnut,Caramel Drizzle,High,75,415,61,5.1,14.3,7.72,656.2,4.1,2786,Low,Yes,No,Yes,No,Yes,Yes,Sandwich,Morning,Sweet,Hot,Japan
SB01554,Mocha Americano,Americano,Venti,Hot,"A handcrafted Mocha Americano prepared with premium Starbucks-style coffee or tea, whole milk, vanilla syrup and carefully balanced flavors.",Whole,4,Hazelnut,Chocolate Shavings,Medium,116,31,9,7.6,19.7,4.72,401.2,4.5,1769,Low,Yes,No,Yes,No,No,Yes,Blueberry Muffin,Morning,Chocolatey,Hot,USA
SB01555,Hazelnut Cold Brew,Cold Brew,Tall,Cold,"A handcrafted Hazelnut Cold Brew prepared with premium Starbucks-style coffee or tea, soy milk, none syrup and carefully balanced flavors.",Almond,2,Vanilla,Chocolate Shavings,Low,45,159,15,1.3,11.3,3.33,283.05,3.9,40947,Very High,Yes,Yes,Yes,Yes,No,Yes,Blueberry Muffin,Morning,Bold,Cold,Global
SB01556,White Mocha Latte,Latte,Grande,Hot,"A handcrafted White Mocha Latte prepared with premium Starbucks-style coffee or tea, whole milk, toffee nut syrup and carefully balanced flavors.",Skim,1,Toffee Nut,Caramel Drizzle,Medium,110,143,19,5.0,3.0,3.82,324.7,3.9,28834,High,Yes,No,Yes,No,No,No,Cookie,Afternoon,Sweet,Hot,UK
SB01557,Vanilla Espresso,Espresso,Tall,Hot,"A handcrafted Vanilla Espresso prepared with premium Starbucks-style coffee or tea, coconut milk, toffee nut syrup and carefully balanced flavors.",Soy,4,Vanilla,None,Low,181,100,10,14.6,24.5,2.94,249.9,4.0,9306,Low,Yes,No,Yes,No,Yes,Yes,Cheesecake,Afternoon,Bold,Hot,Japan
SB01558,Classic Frappuccino,Frappuccino,Venti,Cold,"A handcrafted Classic Frappuccino prepared with premium Starbucks-style coffee or tea, skim milk, none syrup and carefully balanced flavors.",Almond,3,Caramel,None,Medium,95,629,45,8.2,6.6,4.5,382.5,3.7,21082,Medium,Yes,Yes,Yes,Yes,No,Yes,Croissant,Afternoon,Creamy,Cold,UK
SB01559,Matcha Cold Brew,Cold Brew,Grande,Cold,"A handcrafted Matcha Cold Brew prepared with premium Starbucks-style coffee or tea, soy milk, toffee nut syrup and carefully balanced flavors.",Whole,2,Toffee Nut,Chocolate Shavings,Low,72,80,59,5.8,2.9,8.45,718.25,5.0,31950,High,No,No,Yes,No,Yes,No,Cheesecake,Evening,Bold,Cold,Canada
SB01560,Strawberry Espresso,Espresso,Grande,Cold,"A handcrafted Strawberry Espresso prepared with premium Starbucks-style coffee or tea, almond milk, hazelnut syrup and carefully balanced flavors.",Almond,1,Toffee Nut,Whipped Cream,High,58,23,68,3.6,14.5,6.87,583.95,4.4,40112,Very High,Yes,No,Yes,Yes,Yes,No,Blueberry Muffin,Morning,Creamy,Cold,Canada
SB01561,Hazelnut Frappuccino,Frappuccino,Grande,Cold,"A handcrafted Hazelnut Frappuccino prepared with premium Starbucks-style coffee or tea, almond milk, toffee nut syrup and carefully balanced flavors.",Coconut,2,Classic,None,Low,22,431,60,0.2,3.2,7.26,617.1,3.7,35634,High,Yes,Yes,Yes,Yes,No,No,Croissant,Morning,Chocolatey,Cold,Canada
SB01562,Chai Americano,Americano,Venti,Cold,"A handcrafted Chai Americano prepared with premium Starbucks-style coffee or tea, skim milk, none syrup and carefully balanced flavors.",Almond,4,Hazelnut,Chocolate Shavings,Medium,261,592,56,16.2,3.3,5.77,490.45,3.9,32316,High,No,Yes,Yes,Yes,Yes,Yes,Sandwich,Evening,Sweet,Cold,USA
SB01563,White Mocha Frappuccino,Frappuccino,Venti,Cold,"A handcrafted White Mocha Frappuccino prepared with premium Starbucks-style coffee or tea, soy milk, none syrup and carefully balanced flavors.",Almond,4,Vanilla,Chocolate Shavings,High,160,251,36,0.8,25.6,3.86,328.1,4.4,43641,Very High,No,No,Yes,No,No,Yes,Blueberry Muffin,Evening,Nutty,Cold,Canada
SB01564,Chai Refresher,Refresher,Venti,Cold,"A handcrafted Chai Refresher prepared with premium Starbucks-style coffee or tea, oat milk, caramel syrup and carefully balanced flavors.",Skim,0,Vanilla,Chocolate Shavings,High,285,562,22,17.8,17.2,4.57,388.45,3.9,28308,High,Yes,No,Yes,Yes,Yes,No,Cookie,Morning,Sweet,Cold,Global
SB01565,Vanilla Americano,Americano,Tall,Hot,"A handcrafted Vanilla Americano prepared with premium Starbucks-style coffee or tea, coconut milk, vanilla syrup and carefully balanced flavors.",Almond,1,Toffee Nut,Caramel Drizzle,High,77,114,1,18.2,6.1,2.92,248.2,3.7,39905,High,Yes,Yes,Yes,No,Yes,No,Cookie,Morning,Creamy,Hot,India
SB01566,Mocha Frappuccino,Frappuccino,Venti,Cold,"A handcrafted Mocha Frappuccino prepared with premium Starbucks-style coffee or tea, soy milk, hazelnut syrup and carefully balanced flavors.",Oat,4,Classic,None,High,270,132,30,17.4,25.5,6.63,563.55,4.3,29606,High,No,No,Yes,Yes,Yes,No,Cheesecake,Afternoon,Fruity,Cold,Canada
SB01567,White Mocha Cold Brew,Cold Brew,Venti,Cold,"A handcrafted White Mocha Cold Brew prepared with premium Starbucks-style coffee or tea, soy milk, caramel syrup and carefully balanced flavors.",Oat,4,Vanilla,None,Low,156,558,18,12.9,4.2,5.44,462.4,4.3,8019,Low,Yes,Yes,Yes,Yes,Yes,Yes,Croissant,Evening,Bold,Cold,USA
SB01568,Strawberry Refresher,Refresher,Tall,Cold,"A handcrafted Strawberry Refresher prepared with premium Starbucks-style coffee or tea, almond milk, caramel syrup and carefully balanced flavors.",Almond,4,Vanilla,Chocolate Shavings,Medium,15,429,11,2.6,7.9,5.19,441.15,4.8,18908,Medium,No,No,Yes,No,Yes,No,Blueberry Muffin,Evening,Sweet,Cold,Global
SB01569,Strawberry Refresher,Refresher,Grande,Cold,"A handcrafted Strawberry Refresher prepared with premium Starbucks-style coffee or tea, coconut milk, toffee nut syrup and carefully balanced flavors.",Soy,2,Hazelnut,Caramel Drizzle,High,4,74,7,8.8,2.5,4.1,348.5,3.9,41774,Very High,Yes,No,Yes,No,No,Yes,Blueberry Muffin,Morning,Creamy,Cold,UK
SB01570,Hazelnut Tea,Tea,Tall,Cold,"A handcrafted Hazelnut Tea prepared with premium Starbucks-style coffee or tea, skim milk, classic syrup and carefully balanced flavors.",Whole,3,Hazelnut,Caramel Drizzle,Low,294,378,4,16.7,8.0,5.2,442.0,4.4,40255,Very High,Yes,Yes,Yes,No,No,No,Cheesecake,Afternoon,Fruity,Cold,Japan
SB01571,Matcha Flat White,Flat White,Venti,Hot,"A handcrafted Matcha Flat White prepared with premium Starbucks-style coffee or tea, soy milk, caramel syrup and carefully balanced flavors.",Skim,0,None,Caramel Drizzle,Medium,184,645,24,14.0,8.3,4.06,345.1,4.9,21020,Medium,No,Yes,Yes,Yes,No,Yes,Blueberry Muffin,Morning,Sweet,Hot,Japan
SB01572,Hazelnut Refresher,Refresher,Tall,Cold,"A handcrafted Hazelnut Refresher prepared with premium Starbucks-style coffee or tea, coconut milk, hazelnut syrup and carefully balanced flavors.",Almond,2,Vanilla,None,High,115,269,0,16.0,27.4,6.56,557.6,4.1,29148,High,No,No,Yes,Yes,Yes,No,Blueberry Muffin,Afternoon,Sweet,Cold,USA
SB01573,Matcha Macchiato,Macchiato,Grande,Hot,"A handcrafted Matcha Macchiato prepared with premium Starbucks-style coffee or tea, almond milk, toffee nut syrup and carefully balanced flavors.",Coconut,1,None,Caramel Drizzle,Medium,293,416,42,9.6,12.0,7.11,604.35,4.8,4238,Low,Yes,No,Yes,Yes,Yes,Yes,Cheesecake,Morning,Nutty,Hot,Canada
SB01574,Strawberry Cold Brew,Cold Brew,Grande,Cold,"A handcrafted Strawberry Cold Brew prepared with premium Starbucks-style coffee or tea, skim milk, caramel syrup and carefully balanced flavors.",Oat,4,Vanilla,None,Medium,46,256,22,15.4,11.4,6.62,562.7,4.8,2556,Low,Yes,Yes,Yes,Yes,Yes,No,Cookie,Evening,Nutty,Cold,Canada
SB01575,Mango Americano,Americano,Grande,Hot,"A handcrafted Mango Americano prepared with premium Starbucks-style coffee or tea, coconut milk, vanilla syrup and carefully balanced flavors.",Coconut,1,Toffee Nut,Chocolate Shavings,High,128,431,57,5.8,12.0,4.73,402.05,4.2,13726,Medium,No,No,Yes,No,Yes,No,Croissant,Morning,Fruity,Hot,India
SB01576,Classic Frappuccino,Frappuccino,Grande,Cold,"A handcrafted Classic Frappuccino prepared with premium Starbucks-style coffee or tea, coconut milk, toffee nut syrup and carefully balanced flavors.",Skim,3,Toffee Nut,Caramel Drizzle,Medium,171,535,58,1.3,15.9,2.51,213.35,3.6,22306,Medium,Yes,No,Yes,No,No,Yes,Croissant,Afternoon,Bold,Cold,UK
SB01577,Matcha Tea,Tea,Venti,Cold,"A handcrafted Matcha Tea prepared with premium Starbucks-style coffee or tea, oat milk, vanilla syrup and carefully balanced flavors.",Oat,3,Caramel,None,Low,259,101,2,2.6,6.6,6.32,537.2,4.0,18333,Medium,Yes,No,Yes,No,No,Yes,Cookie,Afternoon,Chocolatey,Cold,Japan
SB01578,Vanilla Americano,Americano,Venti,Hot,"A handcrafted Vanilla Americano prepared with premium Starbucks-style coffee or tea, oat milk, hazelnut syrup and carefully balanced flavors.",Coconut,2,Caramel,Caramel Drizzle,Low,294,156,7,13.5,24.7,7.88,669.8,3.6,19501,Medium,Yes,Yes,Yes,No,No,No,Blueberry Muffin,Evening,Sweet,Hot,USA
SB01579,Matcha Espresso,Espresso,Grande,Hot,"A handcrafted Matcha Espresso prepared with premium Starbucks-style coffee or tea, whole milk, hazelnut syrup and carefully balanced flavors.",Oat,1,Caramel,Caramel Drizzle,Low,10,405,37,18.3,5.3,6.36,540.6,4.4,2295,Low,Yes,Yes,Yes,Yes,No,Yes,Cookie,Evening,Sweet,Hot,Canada
SB01580,Strawberry Espresso,Espresso,Tall,Hot,"A handcrafted Strawberry Espresso prepared with premium Starbucks-style coffee or tea, skim milk, classic syrup and carefully balanced flavors.",Almond,0,Toffee Nut,None,Medium,206,80,13,5.8,2.5,8.28,703.8,4.0,20494,Medium,No,No,Yes,Yes,Yes,Yes,Cheesecake,Evening,Bold,Hot,India
SB01581,Mocha Flat White,Flat White,Venti,Hot,"A handcrafted Mocha Flat White prepared with premium Starbucks-style coffee or tea, almond milk, caramel syrup and carefully balanced flavors.",Soy,3,Toffee Nut,Caramel Drizzle,Low,7,583,69,13.2,12.3,2.59,220.15,4.9,38013,High,No,Yes,Yes,No,Yes,Yes,Cookie,Afternoon,Nutty,Hot,India
SB01582,Strawberry Mocha,Mocha,Venti,Hot,"A handcrafted Strawberry Mocha prepared with premium Starbucks-style coffee or tea, skim milk, toffee nut syrup and carefully balanced flavors.",Almond,1,Caramel,Chocolate Shavings,Medium,108,229,24,11.4,21.5,3.88,329.8,4.6,47915,Very High,Yes,Yes,Yes,Yes,No,Yes,Cookie,Afternoon,Sweet,Hot,Global
SB01583,Mango Americano,Americano,Grande,Hot,"A handcrafted Mango Americano prepared with premium Starbucks-style coffee or tea, almond milk, none syrup and carefully balanced flavors.",Almond,4,Toffee Nut,Whipped Cream,High,116,633,70,10.4,20.6,6.85,582.25,4.9,45700,Very High,No,Yes,Yes,Yes,Yes,Yes,Cheesecake,Morning,Sweet,Hot,Canada
SB01584,Mango Tea,Tea,Tall,Hot,"A handcrafted Mango Tea prepared with premium Starbucks-style coffee or tea, whole milk, hazelnut syrup and carefully balanced flavors.",Whole,2,None,Caramel Drizzle,Low,36,448,51,15.6,18.4,5.87,498.95,4.7,8266,Low,Yes,Yes,Yes,No,Yes,No,Blueberry Muffin,Evening,Sweet,Hot,India
SB01585,Vanilla Frappuccino,Frappuccino,Venti,Cold,"A handcrafted Vanilla Frappuccino prepared with premium Starbucks-style coffee or tea, skim milk, none syrup and carefully balanced flavors.",Whole,3,Caramel,Whipped Cream,Low,37,550,30,17.9,27.5,5.73,487.05,4.8,23585,Medium,Yes,Yes,Yes,No,Yes,Yes,Cookie,Evening,Fruity,Cold,Japan
SB01586,Strawberry Cappuccino,Cappuccino,Grande,Cold,"A handcrafted Strawberry Cappuccino prepared with premium Starbucks-style coffee or tea, skim milk, classic syrup and carefully balanced flavors.",Whole,4,Toffee Nut,Caramel Drizzle,Low,24,526,33,17.2,13.0,3.66,311.1,3.7,45924,Very High,Yes,Yes,Yes,No,No,No,Sandwich,Evening,Bold,Cold,Global
SB01587,Hazelnut Americano,Americano,Tall,Hot,"A handcrafted Hazelnut Americano prepared with premium Starbucks-style coffee or tea, coconut milk, caramel syrup and carefully balanced flavors.",Coconut,1,Hazelnut,Caramel Drizzle,Low,293,478,45,18.4,16.0,3.52,299.2,4.3,23534,Medium,No,Yes,Yes,Yes,Yes,No,Cheesecake,Morning,Nutty,Hot,Canada
SB01588,Mango Cappuccino,Cappuccino,Grande,Hot,"A handcrafted Mango Cappuccino prepared with premium Starbucks-style coffee or tea, oat milk, none syrup and carefully balanced flavors.",Coconut,3,Caramel,Chocolate Shavings,High,67,383,39,13.4,24.3,3.93,334.05,4.1,48456,Very High,Yes,No,Yes,Yes,No,No,Croissant,Morning,Bold,Hot,USA
SB01589,Classic Cold Brew,Cold Brew,Grande,Cold,"A handcrafted Classic Cold Brew prepared with premium Starbucks-style coffee or tea, whole milk, classic syrup and carefully balanced flavors.",Whole,4,Hazelnut,Whipped Cream,High,172,569,61,7.0,10.1,7.76,659.6,3.8,14686,Medium,Yes,No,Yes,No,Yes,Yes,Sandwich,Morning,Sweet,Cold,Global
SB01590,Vanilla Tea,Tea,Grande,Hot,"A handcrafted Vanilla Tea prepared with premium Starbucks-style coffee or tea, skim milk, classic syrup and carefully balanced flavors.",Skim,3,Hazelnut,None,Low,211,393,26,4.3,21.8,6.04,513.4,4.6,46628,Very High,No,No,Yes,Yes,No,No,Cheesecake,Evening,Nutty,Hot,UK
SB01591,Matcha Cold Brew,Cold Brew,Tall,Cold,"A handcrafted Matcha Cold Brew prepared with premium Starbucks-style coffee or tea, whole milk, toffee nut syrup and carefully balanced flavors.",Whole,2,Caramel,Whipped Cream,Medium,6,192,56,5.5,4.8,3.17,269.45,3.8,39478,High,No,Yes,Yes,Yes,Yes,Yes,Blueberry Muffin,Evening,Sweet,Cold,India
SB01592,Caramel Cold Brew,Cold Brew,Grande,Cold,"A handcrafted Caramel Cold Brew prepared with premium Starbucks-style coffee or tea, almond milk, caramel syrup and carefully balanced flavors.",Oat,1,Toffee Nut,Whipped Cream,Low,125,122,20,0.4,7.5,2.79,237.15,4.8,18670,Medium,No,No,Yes,No,Yes,Yes,Croissant,Evening,Bold,Cold,Canada
SB01593,Vanilla Flat White,Flat White,Grande,Hot,"A handcrafted Vanilla Flat White prepared with premium Starbucks-style coffee or tea, almond milk, vanilla syrup and carefully balanced flavors.",Coconut,3,Hazelnut,Caramel Drizzle,High,83,316,14,7.5,6.1,3.08,261.8,4.6,36156,High,Yes,Yes,Yes,Yes,Yes,Yes,Croissant,Evening,Bold,Hot,UK
SB01594,Matcha Latte,Latte,Tall,Cold,"A handcrafted Matcha Latte prepared with premium Starbucks-style coffee or tea, whole milk, none syrup and carefully balanced flavors.",Coconut,3,Classic,Caramel Drizzle,Medium,225,78,31,2.8,2.3,7.89,670.65,3.7,17494,Medium,Yes,No,Yes,Yes,Yes,No,Croissant,Morning,Fruity,Cold,Japan
SB01595,Hazelnut Americano,Americano,Grande,Hot,"A handcrafted Hazelnut Americano prepared with premium Starbucks-style coffee or tea, soy milk, caramel syrup and carefully balanced flavors.",Whole,1,Caramel,Whipped Cream,Low,190,556,36,17.5,18.7,3.03,257.55,4.2,41034,Very High,No,No,Yes,Yes,No,No,Cookie,Morning,Fruity,Hot,India
SB01596,Chai Espresso,Espresso,Venti,Cold,"A handcrafted Chai Espresso prepared with premium Starbucks-style coffee or tea, almond milk, vanilla syrup and carefully balanced flavors.",Coconut,4,Caramel,Chocolate Shavings,Low,265,144,13,11.7,16.2,3.24,275.4,4.6,937,Low,Yes,No,Yes,Yes,No,No,Croissant,Afternoon,Fruity,Cold,Global
SB01597,Vanilla Latte,Latte,Grande,Hot,"A handcrafted Vanilla Latte prepared with premium Starbucks-style coffee or tea, oat milk, none syrup and carefully balanced flavors.",Soy,2,Caramel,None,High,9,356,60,10.5,21.1,3.71,315.35,4.6,8204,Low,No,Yes,Yes,No,No,No,Cookie,Morning,Sweet,Hot,Japan
SB01598,Vanilla Macchiato,Macchiato,Venti,Cold,"A handcrafted Vanilla Macchiato prepared with premium Starbucks-style coffee or tea, oat milk, vanilla syrup and carefully balanced flavors.",Skim,2,Toffee Nut,Chocolate Shavings,Low,132,466,37,4.4,6.2,5.49,466.65,4.8,41319,Very High,No,Yes,Yes,No,Yes,No,Croissant,Evening,Chocolatey,Cold,Japan
SB01599,Mango Refresher,Refresher,Venti,Cold,"A handcrafted Mango Refresher prepared with premium Starbucks-style coffee or tea, whole milk, hazelnut syrup and carefully balanced flavors.",Skim,3,Vanilla,Chocolate Shavings,Medium,153,282,46,6.3,25.8,4.92,418.2,4.6,13426,Medium,No,No,Yes,Yes,No,No,Sandwich,Afternoon,Chocolatey,Cold,Global
SB01600,Vanilla Tea,Tea,Venti,Cold,"A handcrafted Vanilla Tea prepared with premium Starbucks-style coffee or tea, oat milk, classic syrup and carefully balanced flavors.",Whole,4,Classic,Caramel Drizzle,Low,247,226,48,10.0,2.9,4.44,377.4,4.9,25420,High,No,Yes,Yes,No,Yes,No,Croissant,Afternoon,Bold,Cold,USA
SB01601,Hazelnut Flat White,Flat White,Venti,Cold,"A handcrafted Hazelnut Flat White prepared with premium Starbucks-style coffee or tea, almond milk, vanilla syrup and carefully balanced flavors.",Oat,1,Caramel,Chocolate Shavings,Medium,219,507,30,16.7,7.2,8.11,689.35,4.0,11425,Medium,No,No,Yes,No,Yes,No,Croissant,Afternoon,Chocolatey,Cold,India
SB01602,Caramel Cappuccino,Cappuccino,Venti,Hot,"A handcrafted Caramel Cappuccino prepared with premium Starbucks-style coffee or tea, oat milk, none syrup and carefully balanced flavors.",Coconut,1,Vanilla,Whipped Cream,Low,203,79,58,11.9,18.4,4.06,345.1,3.8,24256,Medium,Yes,Yes,Yes,No,No,No,Croissant,Evening,Creamy,Hot,Canada
SB01603,White Mocha Cold Brew,Cold Brew,Grande,Cold,"A handcrafted White Mocha Cold Brew prepared with premium Starbucks-style coffee or tea, oat milk, caramel syrup and carefully balanced flavors.",Soy,0,Toffee Nut,None,High,249,47,51,13.0,3.5,3.91,332.35,4.9,41846,Very High,Yes,Yes,Yes,Yes,Yes,No,Blueberry Muffin,Morning,Bold,Cold,UK
SB01604,Mocha Macchiato,Macchiato,Venti,Cold,"A handcrafted Mocha Macchiato prepared with premium Starbucks-style coffee or tea, coconut milk, caramel syrup and carefully balanced flavors.",Coconut,1,Vanilla,Whipped Cream,High,206,344,68,4.1,27.1,5.1,433.5,4.8,25593,High,Yes,No,Yes,Yes,Yes,Yes,Cheesecake,Afternoon,Bold,Cold,Japan
SB01605,Chai Tea,Tea,Tall,Cold,"A handcrafted Chai Tea prepared with premium Starbucks-style coffee or tea, whole milk, classic syrup and carefully balanced flavors.",Almond,1,Classic,Caramel Drizzle,Low,139,134,51,2.7,5.1,5.41,459.85,4.1,30808,High,No,Yes,Yes,Yes,Yes,Yes,Blueberry Muffin,Afternoon,Chocolatey,Cold,Global
SB01606,Classic Frappuccino,Frappuccino,Grande,Cold,"A handcrafted Classic Frappuccino prepared with premium Starbucks-style coffee or tea, skim milk, none syrup and carefully balanced flavors.",Soy,2,Hazelnut,Chocolate Shavings,High,35,245,36,0.0,15.7,5.74,487.9,4.2,4522,Low,No,No,Yes,Yes,Yes,No,Croissant,Afternoon,Sweet,Cold,USA
SB01607,Matcha Cappuccino,Cappuccino,Tall,Hot,"A handcrafted Matcha Cappuccino prepared with premium Starbucks-style coffee or tea, skim milk, caramel syrup and carefully balanced flavors.",Oat,0,None,Caramel Drizzle,Low,223,83,60,4.2,26.6,2.72,231.2,3.8,42718,Very High,Yes,No,Yes,Yes,Yes,Yes,Cheesecake,Afternoon,Bold,Hot,Canada
SB01608,Matcha Macchiato,Macchiato,Venti,Hot,"A handcrafted Matcha Macchiato prepared with premium Starbucks-style coffee or tea, soy milk, vanilla syrup and carefully balanced flavors.",Coconut,2,None,None,High,109,356,40,6.6,3.1,5.39,458.15,4.5,23936,Medium,Yes,No,Yes,Yes,No,No,Cookie,Morning,Fruity,Hot,USA
SB01609,White Mocha Macchiato,Macchiato,Tall,Cold,"A handcrafted White Mocha Macchiato prepared with premium Starbucks-style coffee or tea, skim milk, none syrup and carefully balanced flavors.",Oat,3,Hazelnut,Caramel Drizzle,Low,43,226,63,19.9,6.2,8.12,690.2,4.2,26177,High,Yes,No,Yes,No,No,Yes,Cookie,Afternoon,Creamy,Cold,UK
SB01610,Chai Latte,Latte,Tall,Hot,"A handcrafted Chai Latte prepared with premium Starbucks-style coffee or tea, skim milk, caramel syrup and carefully balanced flavors.",Coconut,3,Classic,Chocolate Shavings,Medium,74,324,63,2.4,16.4,3.97,337.45,3.6,6299,Low,Yes,Yes,Yes,No,No,No,Sandwich,Morning,Chocolatey,Hot,USA
SB01611,Vanilla Latte,Latte,Grande,Cold,"A handcrafted Vanilla Latte prepared with premium Starbucks-style coffee or tea, oat milk, vanilla syrup and carefully balanced flavors.",Coconut,1,Hazelnut,None,Low,104,540,21,13.0,19.6,4.27,362.95,4.6,1997,Low,No,Yes,Yes,Yes,Yes,Yes,Croissant,Evening,Fruity,Cold,USA
SB01612,Mango Espresso,Espresso,Grande,Hot,"A handcrafted Mango Espresso prepared with premium Starbucks-style coffee or tea, coconut milk, toffee nut syrup and carefully balanced flavors.",Skim,4,Vanilla,Caramel Drizzle,High,164,283,2,8.9,25.8,7.22,613.7,4.3,27004,High,Yes,No,Yes,No,No,No,Cheesecake,Morning,Bold,Hot,USA
SB01613,White Mocha Refresher,Refresher,Grande,Cold,"A handcrafted White Mocha Refresher prepared with premium Starbucks-style coffee or tea, almond milk, hazelnut syrup and carefully balanced flavors.",Almond,1,Hazelnut,Whipped Cream,High,22,316,5,10.1,26.5,3.55,301.75,4.5,6507,Low,No,Yes,Yes,Yes,Yes,No,Cheesecake,Morning,Nutty,Cold,USA
SB01614,White Mocha Espresso,Espresso,Grande,Cold,"A handcrafted White Mocha Espresso prepared with premium Starbucks-style coffee or tea, oat milk, caramel syrup and carefully balanced flavors.",Skim,4,Classic,None,High,67,449,3,2.2,10.2,2.92,248.2,4.6,8759,Low,No,No,Yes,Yes,No,No,Sandwich,Morning,Sweet,Cold,Japan
SB01615,Classic Frappuccino,Frappuccino,Grande,Cold,"A handcrafted Classic Frappuccino prepared with premium Starbucks-style coffee or tea, soy milk, vanilla syrup and carefully balanced flavors.",Soy,0,Vanilla,Caramel Drizzle,High,34,160,58,18.9,23.7,6.69,568.65,4.4,38444,High,Yes,Yes,Yes,No,Yes,Yes,Sandwich,Evening,Nutty,Cold,India
SB01616,Mocha Flat White,Flat White,Tall,Cold,"A handcrafted Mocha Flat White prepared with premium Starbucks-style coffee or tea, almond milk, none syrup and carefully balanced flavors.",Whole,1,Toffee Nut,Caramel Drizzle,Low,55,363,42,2.6,23.9,7.15,607.75,4.1,26192,High,No,Yes,Yes,Yes,Yes,No,Cookie,Evening,Sweet,Cold,USA
SB01617,Caramel Tea,Tea,Venti,Hot,"A handcrafted Caramel Tea prepared with premium Starbucks-style coffee or tea, whole milk, classic syrup and carefully balanced flavors.",Soy,0,Toffee Nut,Caramel Drizzle,Low,163,183,47,6.5,23.4,7.21,612.85,4.5,33914,High,Yes,No,Yes,No,Yes,Yes,Cheesecake,Afternoon,Fruity,Hot,India
SB01618,Mango Mocha,Mocha,Grande,Cold,"A handcrafted Mango Mocha prepared with premium Starbucks-style coffee or tea, coconut milk, toffee nut syrup and carefully balanced flavors.",Almond,4,Caramel,Chocolate Shavings,Medium,207,212,64,19.3,24.2,6.29,534.65,4.6,28754,High,Yes,No,Yes,No,Yes,No,Blueberry Muffin,Morning,Creamy,Cold,UK
SB01619,Hazelnut Cold Brew,Cold Brew,Tall,Cold,"A handcrafted Hazelnut Cold Brew prepared with premium Starbucks-style coffee or tea, oat milk, hazelnut syrup and carefully balanced flavors.",Whole,4,Toffee Nut,Chocolate Shavings,High,270,105,26,10.0,29.8,2.9,246.5,3.9,11041,Medium,No,Yes,Yes,Yes,No,No,Cheesecake,Evening,Chocolatey,Cold,India
SB01620,Hazelnut Mocha,Mocha,Venti,Hot,"A handcrafted Hazelnut Mocha prepared with premium Starbucks-style coffee or tea, almond milk, hazelnut syrup and carefully balanced flavors.",Almond,2,Vanilla,Whipped Cream,Low,249,576,36,10.6,13.6,7.59,645.15,5.0,11732,Medium,Yes,No,Yes,No,No,No,Sandwich,Morning,Chocolatey,Hot,Global
SB01621,Matcha Tea,Tea,Venti,Hot,"A handcrafted Matcha Tea prepared with premium Starbucks-style coffee or tea, coconut milk, hazelnut syrup and carefully balanced flavors.",Oat,2,Toffee Nut,None,Medium,16,612,8,2.0,9.6,6.96,591.6,4.1,32416,High,No,Yes,Yes,Yes,No,No,Cheesecake,Evening,Fruity,Hot,UK
SB01622,Mango Flat White,Flat White,Tall,Hot,"A handcrafted Mango Flat White prepared with premium Starbucks-style coffee or tea, whole milk, none syrup and carefully balanced flavors.",Soy,0,Toffee Nut,Caramel Drizzle,Medium,57,306,53,5.6,21.3,4.46,379.1,3.9,5202,Low,Yes,Yes,Yes,No,Yes,No,Croissant,Morning,Chocolatey,Hot,Canada
SB01623,Strawberry Macchiato,Macchiato,Venti,Cold,"A handcrafted Strawberry Macchiato prepared with premium Starbucks-style coffee or tea, skim milk, vanilla syrup and carefully balanced flavors.",Oat,1,Classic,None,Low,276,104,44,8.1,24.5,6.41,544.85,4.1,38116,High,No,Yes,Yes,Yes,No,No,Sandwich,Evening,Chocolatey,Cold,USA
SB01624,Mocha Macchiato,Macchiato,Venti,Cold,"A handcrafted Mocha Macchiato prepared with premium Starbucks-style coffee or tea, oat milk, toffee nut syrup and carefully balanced flavors.",Whole,0,Caramel,Whipped Cream,High,41,646,67,10.1,22.3,3.2,272.0,3.9,5011,Low,No,No,Yes,No,Yes,Yes,Cookie,Morning,Creamy,Cold,Japan
SB01625,Strawberry Espresso,Espresso,Venti,Hot,"A handcrafted Strawberry Espresso prepared with premium Starbucks-style coffee or tea, soy milk, toffee nut syrup and carefully balanced flavors.",Coconut,4,Vanilla,None,Low,69,109,42,3.0,29.4,3.92,333.2,3.7,7643,Low,Yes,No,Yes,Yes,No,Yes,Sandwich,Evening,Chocolatey,Hot,India
SB01626,Java Chip Flat White,Flat White,Venti,Hot,"A handcrafted Java Chip Flat White prepared with premium Starbucks-style coffee or tea, oat milk, caramel syrup and carefully balanced flavors.",Skim,3,Hazelnut,None,Medium,235,184,17,14.4,1.8,6.19,526.15,4.3,6437,Low,Yes,Yes,Yes,Yes,No,Yes,Blueberry Muffin,Morning,Sweet,Hot,UK
SB01627,Hazelnut Cappuccino,Cappuccino,Venti,Cold,"A handcrafted Hazelnut Cappuccino prepared with premium Starbucks-style coffee or tea, skim milk, toffee nut syrup and carefully balanced flavors.",Oat,0,Vanilla,Chocolate Shavings,Low,45,342,6,0.8,22.7,6.96,591.6,4.4,41978,Very High,Yes,No,Yes,No,No,Yes,Cookie,Afternoon,Creamy,Cold,Canada
SB01628,Vanilla Americano,Americano,Tall,Cold,"A handcrafted Vanilla Americano prepared with premium Starbucks-style coffee or tea, almond milk, classic syrup and carefully balanced flavors.",Coconut,0,Toffee Nut,Whipped Cream,Low,174,177,32,0.3,5.2,5.48,465.8,4.8,23028,Medium,Yes,Yes,Yes,Yes,Yes,Yes,Cheesecake,Morning,Sweet,Cold,India
SB01629,Matcha Americano,Americano,Grande,Cold,"A handcrafted Matcha Americano prepared with premium Starbucks-style coffee or tea, coconut milk, caramel syrup and carefully balanced flavors.",Soy,0,Toffee Nut,Chocolate Shavings,Low,298,460,4,2.9,11.6,5.29,449.65,4.0,29086,High,No,No,Yes,No,Yes,Yes,Cookie,Evening,Sweet,Cold,Canada
SB01630,Mocha Macchiato,Macchiato,Grande,Cold,"A handcrafted Mocha Macchiato prepared with premium Starbucks-style coffee or tea, almond milk, hazelnut syrup and carefully balanced flavors.",Skim,0,Caramel,Chocolate Shavings,Medium,218,36,55,11.4,16.6,7.26,617.1,3.6,5358,Low,Yes,Yes,Yes,Yes,Yes,Yes,Sandwich,Evening,Chocolatey,Cold,Japan
SB01631,Vanilla Mocha,Mocha,Tall,Cold,"A handcrafted Vanilla Mocha prepared with premium Starbucks-style coffee or tea, skim milk, caramel syrup and carefully balanced flavors.",Oat,4,Caramel,Chocolate Shavings,Low,201,330,61,17.6,1.0,4.33,368.05,4.6,43503,Very High,No,No,Yes,No,No,No,Cheesecake,Morning,Chocolatey,Cold,USA
SB01632,Vanilla Frappuccino,Frappuccino,Grande,Cold,"A handcrafted Vanilla Frappuccino prepared with premium Starbucks-style coffee or tea, whole milk, hazelnut syrup and carefully balanced flavors.",Oat,0,Hazelnut,Caramel Drizzle,High,279,533,12,5.3,19.6,6.9,586.5,4.7,9079,Low,Yes,Yes,Yes,No,Yes,Yes,Cheesecake,Morning,Fruity,Cold,Canada
SB01633,Mocha Frappuccino,Frappuccino,Tall,Cold,"A handcrafted Mocha Frappuccino prepared with premium Starbucks-style coffee or tea, whole milk, toffee nut syrup and carefully balanced flavors.",Whole,1,Vanilla,Caramel Drizzle,High,70,624,58,7.7,11.2,6.15,522.75,4.1,47793,Very High,No,Yes,Yes,No,No,No,Sandwich,Morning,Chocolatey,Cold,UK
SB01634,Caramel Mocha,Mocha,Tall,Hot,"A handcrafted Caramel Mocha prepared with premium Starbucks-style coffee or tea, coconut milk, none syrup and carefully balanced flavors.",Almond,3,Hazelnut,Chocolate Shavings,Low,91,376,13,12.8,6.5,6.14,521.9,3.8,10428,Medium,No,Yes,Yes,Yes,Yes,No,Croissant,Evening,Nutty,Hot,Japan
SB01635,Classic Refresher,Refresher,Grande,Cold,"A handcrafted Classic Refresher prepared with premium Starbucks-style coffee or tea, whole milk, classic syrup and carefully balanced flavors.",Soy,3,Toffee Nut,Caramel Drizzle,High,3,492,2,17.1,24.3,7.6,646.0,4.5,39022,High,No,No,Yes,Yes,Yes,Yes,Cheesecake,Evening,Nutty,Cold,UK
SB01636,Mango Cappuccino,Cappuccino,Grande,Cold,"A handcrafted Mango Cappuccino prepared with premium Starbucks-style coffee or tea, almond milk, caramel syrup and carefully balanced flavors.",Soy,0,Toffee Nut,Whipped Cream,Low,96,429,37,0.2,17.5,6.92,588.2,4.9,12681,Medium,No,No,Yes,No,Yes,No,Blueberry Muffin,Morning,Bold,Cold,Global
SB01637,Hazelnut Americano,Americano,Grande,Cold,"A handcrafted Hazelnut Americano prepared with premium Starbucks-style coffee or tea, coconut milk, vanilla syrup and carefully balanced flavors.",Whole,3,Vanilla,Whipped Cream,High,181,456,7,10.7,20.2,8.36,710.6,4.2,33674,High,Yes,No,Yes,No,No,No,Blueberry Muffin,Afternoon,Bold,Cold,India
SB01638,Strawberry Flat White,Flat White,Grande,Hot,"A handcrafted Strawberry Flat White prepared with premium Starbucks-style coffee or tea, soy milk, caramel syrup and carefully balanced flavors.",Soy,2,Toffee Nut,Chocolate Shavings,Low,114,520,6,10.1,24.9,6.33,538.05,4.6,3318,Low,No,No,Yes,Yes,No,Yes,Sandwich,Evening,Fruity,Hot,India
SB01639,Classic Latte,Latte,Grande,Cold,"A handcrafted Classic Latte prepared with premium Starbucks-style coffee or tea, whole milk, classic syrup and carefully balanced flavors.",Skim,1,Vanilla,None,Medium,33,594,49,7.6,18.5,5.53,470.05,4.9,9920,Low,No,No,Yes,No,Yes,No,Croissant,Afternoon,Sweet,Cold,Global
SB01640,Vanilla Macchiato,Macchiato,Tall,Hot,"A handcrafted Vanilla Macchiato prepared with premium Starbucks-style coffee or tea, coconut milk, hazelnut syrup and carefully balanced flavors.",Coconut,3,Vanilla,Caramel Drizzle,Low,19,197,70,2.7,6.2,3.44,292.4,4.5,5541,Low,Yes,No,Yes,No,Yes,Yes,Croissant,Afternoon,Bold,Hot,UK
SB01641,Strawberry Flat White,Flat White,Grande,Cold,"A handcrafted Strawberry Flat White prepared with premium Starbucks-style coffee or tea, oat milk, caramel syrup and carefully balanced flavors.",Coconut,3,Hazelnut,Chocolate Shavings,Low,72,429,67,1.6,10.4,4.74,402.9,3.5,1659,Low,No,No,Yes,No,No,Yes,Cookie,Morning,Creamy,Cold,Canada
SB01642,Strawberry Flat White,Flat White,Tall,Cold,"A handcrafted Strawberry Flat White prepared with premium Starbucks-style coffee or tea, almond milk, hazelnut syrup and carefully balanced flavors.",Oat,1,Classic,None,Medium,202,35,63,14.1,19.8,8.13,691.05,3.5,34282,High,No,Yes,Yes,Yes,No,Yes,Blueberry Muffin,Evening,Nutty,Cold,UK
SB01643,White Mocha Cappuccino,Cappuccino,Grande,Hot,"A handcrafted White Mocha Cappuccino prepared with premium Starbucks-style coffee or tea, oat milk, vanilla syrup and carefully balanced flavors.",Skim,4,Classic,None,High,157,149,5,4.5,28.4,7.85,667.25,3.6,27196,High,No,No,Yes,No,No,Yes,Blueberry Muffin,Morning,Fruity,Hot,USA
SB01644,Java Chip Cappuccino,Cappuccino,Tall,Cold,"A handcrafted Java Chip Cappuccino prepared with premium Starbucks-style coffee or tea, coconut milk, classic syrup and carefully balanced flavors.",Oat,0,Hazelnut,Whipped Cream,Medium,117,571,10,4.4,27.0,2.61,221.85,3.9,48548,Very High,No,No,Yes,Yes,Yes,No,Croissant,Evening,Creamy,Cold,Global
SB01645,Chai Frappuccino,Frappuccino,Grande,Cold,"A handcrafted Chai Frappuccino prepared with premium Starbucks-style coffee or tea, coconut milk, classic syrup and carefully balanced flavors.",Oat,2,None,Chocolate Shavings,Low,123,60,6,15.1,14.0,5.78,491.3,4.5,37244,High,Yes,Yes,Yes,No,Yes,No,Cheesecake,Evening,Bold,Cold,USA
SB01646,Classic Refresher,Refresher,Grande,Cold,"A handcrafted Classic Refresher prepared with premium Starbucks-style coffee or tea, oat milk, hazelnut syrup and carefully balanced flavors.",Coconut,0,Caramel,Whipped Cream,Low,297,96,38,5.4,9.3,7.19,611.15,4.7,19731,Medium,Yes,Yes,Yes,No,Yes,Yes,Cookie,Morning,Chocolatey,Cold,Japan
SB01647,Mango Flat White,Flat White,Grande,Hot,"A handcrafted Mango Flat White prepared with premium Starbucks-style coffee or tea, coconut milk, hazelnut syrup and carefully balanced flavors.",Soy,2,Caramel,None,High,241,293,40,12.6,28.3,3.4,289.0,4.3,5587,Low,Yes,Yes,Yes,Yes,Yes,No,Sandwich,Afternoon,Sweet,Hot,Global
SB01648,Java Chip Flat White,Flat White,Tall,Hot,"A handcrafted Java Chip Flat White prepared with premium Starbucks-style coffee or tea, skim milk, toffee nut syrup and carefully balanced flavors.",Soy,3,Classic,Chocolate Shavings,High,159,142,41,3.1,7.7,4.03,342.55,4.6,23582,Medium,No,No,Yes,Yes,No,Yes,Blueberry Muffin,Afternoon,Chocolatey,Hot,Japan
SB01649,Chai Refresher,Refresher,Tall,Cold,"A handcrafted Chai Refresher prepared with premium Starbucks-style coffee or tea, oat milk, classic syrup and carefully balanced flavors.",Soy,0,Vanilla,Caramel Drizzle,Medium,257,530,9,12.9,23.7,2.5,212.5,3.9,22366,Medium,No,Yes,Yes,Yes,No,Yes,Blueberry Muffin,Evening,Nutty,Cold,USA
SB01650,Matcha Americano,Americano,Tall,Hot,"A handcrafted Matcha Americano prepared with premium Starbucks-style coffee or tea, whole milk, caramel syrup and carefully balanced flavors.",Skim,3,Toffee Nut,None,Medium,143,615,33,9.1,10.8,8.33,708.05,4.3,34992,High,Yes,Yes,Yes,Yes,No,Yes,Blueberry Muffin,Morning,Nutty,Hot,Japan
SB01651,Chai Latte,Latte,Grande,Hot,"A handcrafted Chai Latte prepared with premium Starbucks-style coffee or tea, skim milk, toffee nut syrup and carefully balanced flavors.",Soy,4,Vanilla,Chocolate Shavings,High,12,411,36,6.7,3.4,4.73,402.05,4.3,47981,Very High,No,No,Yes,No,No,No,Blueberry Muffin,Evening,Chocolatey,Hot,UK
SB01652,Classic Latte,Latte,Tall,Hot,"A handcrafted Classic Latte prepared with premium Starbucks-style coffee or tea, skim milk, classic syrup and carefully balanced flavors.",Soy,4,Caramel,Caramel Drizzle,High,17,62,22,5.7,1.8,2.64,224.4,5.0,19899,Medium,Yes,No,Yes,No,No,No,Croissant,Afternoon,Creamy,Hot,UK
SB01653,Vanilla Americano,Americano,Tall,Hot,"A handcrafted Vanilla Americano prepared with premium Starbucks-style coffee or tea, oat milk, caramel syrup and carefully balanced flavors.",Oat,0,Vanilla,None,Medium,203,633,20,11.3,29.5,6.07,515.95,4.9,34364,High,No,Yes,Yes,Yes,Yes,No,Cheesecake,Evening,Sweet,Hot,India
SB01654,Java Chip Latte,Latte,Tall,Cold,"A handcrafted Java Chip Latte prepared with premium Starbucks-style coffee or tea, soy milk, hazelnut syrup and carefully balanced flavors.",Whole,3,Vanilla,Caramel Drizzle,Low,222,259,17,0.3,21.4,7.16,608.6,3.8,1569,Low,No,No,Yes,Yes,Yes,No,Cheesecake,Afternoon,Chocolatey,Cold,Global
SB01655,Strawberry Tea,Tea,Tall,Cold,"A handcrafted Strawberry Tea prepared with premium Starbucks-style coffee or tea, whole milk, none syrup and carefully balanced flavors.",Coconut,4,Vanilla,None,High,246,513,3,0.0,28.7,3.7,314.5,4.8,2758,Low,Yes,No,Yes,Yes,Yes,No,Blueberry Muffin,Afternoon,Bold,Cold,Canada
SB01656,Chai Cold Brew,Cold Brew,Grande,Cold,"A handcrafted Chai Cold Brew prepared with premium Starbucks-style coffee or tea, skim milk, hazelnut syrup and carefully balanced flavors.",Oat,1,Hazelnut,Whipped Cream,Medium,277,268,37,16.9,27.6,4.68,397.8,4.1,6425,Low,No,No,Yes,Yes,No,No,Sandwich,Afternoon,Nutty,Cold,India
SB01657,Mocha Cold Brew,Cold Brew,Venti,Cold,"A handcrafted Mocha Cold Brew prepared with premium Starbucks-style coffee or tea, oat milk, vanilla syrup and carefully balanced flavors.",Coconut,3,Hazelnut,Caramel Drizzle,High,194,378,61,13.4,11.6,2.8,238.0,4.2,16411,Medium,No,Yes,Yes,Yes,Yes,Yes,Blueberry Muffin,Morning,Fruity,Cold,UK
SB01658,Chai Cold Brew,Cold Brew,Tall,Cold,"A handcrafted Chai Cold Brew prepared with premium Starbucks-style coffee or tea, soy milk, toffee nut syrup and carefully balanced flavors.",Whole,1,Classic,Chocolate Shavings,High,285,584,54,14.3,13.0,8.26,702.1,4.0,24637,Medium,No,Yes,Yes,No,No,No,Sandwich,Evening,Chocolatey,Cold,Canada
SB01659,Vanilla Flat White,Flat White,Venti,Hot,"A handcrafted Vanilla Flat White prepared with premium Starbucks-style coffee or tea, almond milk, classic syrup and carefully balanced flavors.",Whole,2,Caramel,Caramel Drizzle,Medium,218,495,59,2.2,25.6,7.09,602.65,4.8,33167,High,No,Yes,Yes,Yes,Yes,Yes,Blueberry Muffin,Afternoon,Creamy,Hot,India
SB01660,Matcha Macchiato,Macchiato,Venti,Cold,"A handcrafted Matcha Macchiato prepared with premium Starbucks-style coffee or tea, skim milk, none syrup and carefully balanced flavors.",Skim,1,Classic,Whipped Cream,Low,56,648,36,1.3,11.8,8.05,684.25,4.2,18447,Medium,Yes,No,Yes,No,Yes,Yes,Cookie,Morning,Bold,Cold,USA
SB01661,Mocha Flat White,Flat White,Grande,Hot,"A handcrafted Mocha Flat White prepared with premium Starbucks-style coffee or tea, coconut milk, toffee nut syrup and carefully balanced flavors.",Skim,2,Vanilla,Caramel Drizzle,Low,182,225,60,12.3,19.4,3.39,288.15,3.6,47642,Very High,No,No,Yes,Yes,Yes,No,Sandwich,Afternoon,Chocolatey,Hot,Canada
SB01662,Caramel Americano,Americano,Venti,Hot,"A handcrafted Caramel Americano prepared with premium Starbucks-style coffee or tea, oat milk, vanilla syrup and carefully balanced flavors.",Almond,2,None,Whipped Cream,High,198,266,3,12.0,25.0,7.44,632.4,4.4,12225,Medium,No,No,Yes,Yes,Yes,Yes,Cookie,Evening,Chocolatey,Hot,Canada
SB01663,Strawberry Refresher,Refresher,Grande,Cold,"A handcrafted Strawberry Refresher prepared with premium Starbucks-style coffee or tea, oat milk, none syrup and carefully balanced flavors.",Soy,2,Caramel,Chocolate Shavings,Medium,43,106,17,7.0,23.7,5.58,474.3,4.6,2695,Low,Yes,No,Yes,Yes,No,No,Sandwich,Evening,Chocolatey,Cold,USA
SB01664,Classic Cappuccino,Cappuccino,Tall,Cold,"A handcrafted Classic Cappuccino prepared with premium Starbucks-style coffee or tea, whole milk, hazelnut syrup and carefully balanced flavors.",Skim,1,None,None,Medium,53,648,26,11.3,6.6,4.39,373.15,4.0,10198,Medium,No,No,Yes,Yes,Yes,No,Blueberry Muffin,Afternoon,Bold,Cold,USA
SB01665,Classic Americano,Americano,Grande,Hot,"A handcrafted Classic Americano prepared with premium Starbucks-style coffee or tea, coconut milk, hazelnut syrup and carefully balanced flavors.",Oat,1,Classic,Whipped Cream,Medium,171,34,5,11.6,18.5,7.14,606.9,4.9,11911,Medium,No,No,Yes,No,Yes,Yes,Croissant,Afternoon,Sweet,Hot,Canada
SB01666,Caramel Tea,Tea,Tall,Hot,"A handcrafted Caramel Tea prepared with premium Starbucks-style coffee or tea, soy milk, none syrup and carefully balanced flavors.",Whole,1,Classic,Chocolate Shavings,Low,110,435,3,18.8,3.3,6.55,556.75,4.2,3580,Low,Yes,No,Yes,Yes,No,Yes,Cookie,Evening,Sweet,Hot,India
SB01667,Vanilla Americano,Americano,Grande,Hot,"A handcrafted Vanilla Americano prepared with premium Starbucks-style coffee or tea, skim milk, none syrup and carefully balanced flavors.",Soy,1,None,None,Low,244,316,41,11.0,8.4,4.2,357.0,4.6,6702,Low,No,No,Yes,No,No,No,Blueberry Muffin,Morning,Chocolatey,Hot,UK
SB01668,Vanilla Cappuccino,Cappuccino,Grande,Hot,"A handcrafted Vanilla Cappuccino prepared with premium Starbucks-style coffee or tea, oat milk, none syrup and carefully balanced flavors.",Whole,4,Hazelnut,Caramel Drizzle,High,208,354,12,13.2,20.3,5.11,434.35,4.1,5517,Low,Yes,No,Yes,No,Yes,Yes,Blueberry Muffin,Evening,Sweet,Hot,Canada
SB01669,White Mocha Frappuccino,Frappuccino,Grande,Cold,"A handcrafted White Mocha Frappuccino prepared with premium Starbucks-style coffee or tea, almond milk, none syrup and carefully balanced flavors.",Coconut,2,Vanilla,Caramel Drizzle,Medium,151,203,59,7.6,22.1,5.11,434.35,4.4,10389,Medium,No,No,Yes,Yes,Yes,No,Sandwich,Afternoon,Sweet,Cold,Japan
SB01670,Mocha Macchiato,Macchiato,Tall,Hot,"A handcrafted Mocha Macchiato prepared with premium Starbucks-style coffee or tea, skim milk, vanilla syrup and carefully balanced flavors.",Almond,4,None,Whipped Cream,Low,110,425,4,12.3,8.7,5.68,482.8,4.8,35988,High,Yes,Yes,Yes,Yes,No,No,Blueberry Muffin,Morning,Fruity,Hot,Japan
SB01671,Chai Flat White,Flat White,Grande,Hot,"A handcrafted Chai Flat White prepared with premium Starbucks-style coffee or tea, whole milk, vanilla syrup and carefully balanced flavors.",Oat,0,None,Caramel Drizzle,Medium,161,572,43,16.2,24.8,5.71,485.35,3.9,5350,Low,No,Yes,Yes,No,No,No,Croissant,Morning,Nutty,Hot,India
SB01672,Vanilla Flat White,Flat White,Venti,Cold,"A handcrafted Vanilla Flat White prepared with premium Starbucks-style coffee or tea, coconut milk, classic syrup and carefully balanced flavors.",Almond,2,None,Chocolate Shavings,Medium,92,612,35,13.8,15.6,3.21,272.85,4.1,12452,Medium,No,Yes,Yes,Yes,No,No,Sandwich,Evening,Sweet,Cold,Global
SB01673,Strawberry Cappuccino,Cappuccino,Venti,Cold,"A handcrafted Strawberry Cappuccino prepared with premium Starbucks-style coffee or tea, skim milk, vanilla syrup and carefully balanced flavors.",Whole,1,Toffee Nut,Whipped Cream,High,104,489,60,2.7,14.1,5.2,442.0,3.8,8610,Low,Yes,No,Yes,Yes,Yes,Yes,Cheesecake,Afternoon,Nutty,Cold,Japan
SB01674,Java Chip Macchiato,Macchiato,Venti,Cold,"A handcrafted Java Chip Macchiato prepared with premium Starbucks-style coffee or tea, almond milk, vanilla syrup and carefully balanced flavors.",Coconut,0,Toffee Nut,Whipped Cream,Medium,244,574,28,3.6,19.5,7.07,600.95,3.7,45049,Very High,Yes,No,Yes,Yes,Yes,Yes,Cheesecake,Afternoon,Nutty,Cold,Japan
SB01675,Caramel Frappuccino,Frappuccino,Tall,Cold,"A handcrafted Caramel Frappuccino prepared with premium Starbucks-style coffee or tea, skim milk, caramel syrup and carefully balanced flavors.",Soy,4,Toffee Nut,Whipped Cream,Low,65,619,70,14.4,3.6,5.39,458.15,3.5,38022,High,Yes,No,Yes,Yes,Yes,No,Blueberry Muffin,Afternoon,Creamy,Cold,India
SB01676,Matcha Refresher,Refresher,Grande,Cold,"A handcrafted Matcha Refresher prepared with premium Starbucks-style coffee or tea, skim milk, vanilla syrup and carefully balanced flavors.",Oat,0,None,Caramel Drizzle,Medium,12,542,34,14.6,5.5,3.59,305.15,3.6,16278,Medium,Yes,Yes,Yes,Yes,Yes,No,Sandwich,Afternoon,Chocolatey,Cold,USA
SB01677,Mango Refresher,Refresher,Tall,Cold,"A handcrafted Mango Refresher prepared with premium Starbucks-style coffee or tea, coconut milk, caramel syrup and carefully balanced flavors.",Whole,0,Vanilla,Whipped Cream,High,135,222,4,5.9,29.5,6.0,510.0,4.0,44167,Very High,No,No,Yes,No,Yes,No,Blueberry Muffin,Evening,Nutty,Cold,Canada
SB01678,Strawberry Macchiato,Macchiato,Grande,Cold,"A handcrafted Strawberry Macchiato prepared with premium Starbucks-style coffee or tea, whole milk, caramel syrup and carefully balanced flavors.",Oat,2,Classic,None,Low,78,236,43,19.1,17.3,7.45,633.25,3.5,23085,Medium,No,Yes,Yes,Yes,Yes,Yes,Cookie,Morning,Sweet,Cold,Japan
SB01679,White Mocha Tea,Tea,Tall,Cold,"A handcrafted White Mocha Tea prepared with premium Starbucks-style coffee or tea, skim milk, caramel syrup and carefully balanced flavors.",Oat,3,Vanilla,Caramel Drizzle,Medium,229,606,33,17.5,27.5,7.8,663.0,4.4,44340,Very High,No,No,Yes,Yes,No,No,Cheesecake,Afternoon,Chocolatey,Cold,Japan
SB01680,Vanilla Americano,Americano,Grande,Cold,"A handcrafted Vanilla Americano prepared with premium Starbucks-style coffee or tea, skim milk, hazelnut syrup and carefully balanced flavors.",Oat,3,Toffee Nut,Caramel Drizzle,Low,179,191,19,5.8,16.2,6.0,510.0,4.5,32913,High,Yes,Yes,Yes,No,No,No,Sandwich,Evening,Chocolatey,Cold,USA
SB01681,Strawberry Flat White,Flat White,Grande,Cold,"A handcrafted Strawberry Flat White prepared with premium Starbucks-style coffee or tea, oat milk, hazelnut syrup and carefully balanced flavors.",Whole,1,None,None,Low,251,251,50,15.8,17.3,7.12,605.2,3.9,42991,Very High,Yes,Yes,Yes,Yes,No,No,Sandwich,Evening,Chocolatey,Cold,USA
SB01682,Hazelnut Cold Brew,Cold Brew,Grande,Cold,"A handcrafted Hazelnut Cold Brew prepared with premium Starbucks-style coffee or tea, coconut milk, hazelnut syrup and carefully balanced flavors.",Almond,4,Classic,Whipped Cream,Medium,146,592,5,18.3,20.2,5.99,509.15,3.9,9331,Low,No,Yes,Yes,No,Yes,Yes,Cookie,Afternoon,Bold,Cold,USA
SB01683,Hazelnut Espresso,Espresso,Tall,Hot,"A handcrafted Hazelnut Espresso prepared with premium Starbucks-style coffee or tea, almond milk, none syrup and carefully balanced flavors.",Soy,3,Hazelnut,Caramel Drizzle,High,55,550,61,12.3,12.1,6.33,538.05,4.4,1349,Low,No,No,Yes,Yes,Yes,Yes,Cheesecake,Evening,Fruity,Hot,India
SB01684,White Mocha Cappuccino,Cappuccino,Grande,Cold,"A handcrafted White Mocha Cappuccino prepared with premium Starbucks-style coffee or tea, almond milk, caramel syrup and carefully balanced flavors.",Skim,3,Caramel,Whipped Cream,High,203,297,66,18.0,23.0,7.1,603.5,4.9,19436,Medium,Yes,No,Yes,Yes,No,Yes,Sandwich,Afternoon,Fruity,Cold,Canada
SB01685,Mango Mocha,Mocha,Tall,Hot,"A handcrafted Mango Mocha prepared with premium Starbucks-style coffee or tea, coconut milk, caramel syrup and carefully balanced flavors.",Skim,1,Vanilla,Chocolate Shavings,Medium,190,504,42,19.3,27.6,6.54,555.9,4.0,30604,High,No,Yes,Yes,Yes,No,No,Blueberry Muffin,Evening,Chocolatey,Hot,India
SB01686,Mango Frappuccino,Frappuccino,Venti,Cold,"A handcrafted Mango Frappuccino prepared with premium Starbucks-style coffee or tea, soy milk, toffee nut syrup and carefully balanced flavors.",Coconut,3,Classic,Chocolate Shavings,High,37,281,55,0.5,15.6,3.11,264.35,4.6,18583,Medium,No,Yes,Yes,No,No,No,Cookie,Evening,Fruity,Cold,Canada
SB01687,Chai Americano,Americano,Venti,Hot,"A handcrafted Chai Americano prepared with premium Starbucks-style coffee or tea, coconut milk, none syrup and carefully balanced flavors.",Skim,1,Caramel,Chocolate Shavings,Low,103,467,7,8.9,2.5,5.38,457.3,4.1,44637,Very High,Yes,No,Yes,Yes,Yes,No,Blueberry Muffin,Evening,Sweet,Hot,India
SB01688,Chai Americano,Americano,Tall,Cold,"A handcrafted Chai Americano prepared with premium Starbucks-style coffee or tea, soy milk, classic syrup and carefully balanced flavors.",Coconut,0,Classic,Whipped Cream,Medium,3,33,53,8.8,18.1,5.61,476.85,3.7,29486,High,No,Yes,Yes,No,No,No,Cookie,Evening,Nutty,Cold,India
SB01689,Vanilla Americano,Americano,Tall,Cold,"A handcrafted Vanilla Americano prepared with premium Starbucks-style coffee or tea, oat milk, hazelnut syrup and carefully balanced flavors.",Soy,0,Toffee Nut,None,Low,109,473,22,2.4,8.3,3.81,323.85,4.4,45151,Very High,Yes,Yes,Yes,No,Yes,No,Sandwich,Afternoon,Sweet,Cold,Global
SB01690,Mango Flat White,Flat White,Grande,Cold,"A handcrafted Mango Flat White prepared with premium Starbucks-style coffee or tea, skim milk, toffee nut syrup and carefully balanced flavors.",Soy,3,None,Chocolate Shavings,Medium,255,56,8,7.1,6.0,2.7,229.5,3.7,10189,Medium,Yes,Yes,Yes,Yes,No,No,Croissant,Evening,Creamy,Cold,Global
SB01691,Mocha Macchiato,Macchiato,Venti,Hot,"A handcrafted Mocha Macchiato prepared with premium Starbucks-style coffee or tea, oat milk, classic syrup and carefully balanced flavors.",Skim,3,Vanilla,Caramel Drizzle,Medium,33,566,45,10.7,5.5,3.1,263.5,3.6,48624,Very High,No,Yes,Yes,No,Yes,Yes,Cheesecake,Evening,Bold,Hot,UK
SB01692,Java Chip Refresher,Refresher,Venti,Cold,"A handcrafted Java Chip Refresher prepared with premium Starbucks-style coffee or tea, almond milk, toffee nut syrup and carefully balanced flavors.",Oat,0,Caramel,Chocolate Shavings,Low,126,314,36,1.9,12.3,2.69,228.65,4.7,4247,Low,No,No,Yes,No,Yes,No,Blueberry Muffin,Afternoon,Chocolatey,Cold,UK
SB01693,Matcha Latte,Latte,Grande,Hot,"A handcrafted Matcha Latte prepared with premium Starbucks-style coffee or tea, soy milk, hazelnut syrup and carefully balanced flavors.",Skim,1,Hazelnut,Chocolate Shavings,Medium,272,350,36,6.9,28.9,3.36,285.6,4.0,28740,High,No,No,Yes,No,Yes,Yes,Cookie,Afternoon,Fruity,Hot,India
SB01694,Caramel Flat White,Flat White,Grande,Cold,"A handcrafted Caramel Flat White prepared with premium Starbucks-style coffee or tea, skim milk, caramel syrup and carefully balanced flavors.",Skim,4,Vanilla,Caramel Drizzle,Low,216,269,39,4.3,1.2,7.08,601.8,4.8,1736,Low,Yes,No,Yes,Yes,No,Yes,Cookie,Afternoon,Sweet,Cold,Canada
SB01695,Classic Flat White,Flat White,Tall,Hot,"A handcrafted Classic Flat White prepared with premium Starbucks-style coffee or tea, whole milk, classic syrup and carefully balanced flavors.",Skim,0,Hazelnut,None,Medium,164,159,16,14.2,11.3,4.46,379.1,3.6,8098,Low,Yes,Yes,Yes,Yes,No,No,Croissant,Evening,Nutty,Hot,Canada
SB01696,Strawberry Flat White,Flat White,Grande,Cold,"A handcrafted Strawberry Flat White prepared with premium Starbucks-style coffee or tea, almond milk, classic syrup and carefully balanced flavors.",Coconut,3,Vanilla,None,Medium,236,27,60,4.6,10.0,2.91,247.35,4.9,40938,Very High,Yes,Yes,Yes,No,Yes,No,Sandwich,Evening,Nutty,Cold,India
SB01697,Java Chip Tea,Tea,Grande,Hot,"A handcrafted Java Chip Tea prepared with premium Starbucks-style coffee or tea, skim milk, caramel syrup and carefully balanced flavors.",Soy,3,Hazelnut,None,Medium,63,568,6,9.3,16.7,5.15,437.75,3.6,20568,Medium,No,No,Yes,No,No,No,Sandwich,Morning,Nutty,Hot,India
SB01698,Chai Refresher,Refresher,Grande,Cold,"A handcrafted Chai Refresher prepared with premium Starbucks-style coffee or tea, coconut milk, none syrup and carefully balanced flavors.",Soy,3,Caramel,Caramel Drizzle,High,142,205,32,6.2,1.2,4.63,393.55,4.5,6234,Low,No,No,Yes,No,Yes,Yes,Cookie,Afternoon,Chocolatey,Cold,Canada
SB01699,Matcha Mocha,Mocha,Venti,Cold,"A handcrafted Matcha Mocha prepared with premium Starbucks-style coffee or tea, soy milk, none syrup and carefully balanced flavors.",Soy,0,Toffee Nut,Caramel Drizzle,High,24,259,64,11.8,1.5,8.3,705.5,4.5,37102,High,No,Yes,Yes,Yes,Yes,No,Blueberry Muffin,Morning,Chocolatey,Cold,Japan
SB01700,Hazelnut Espresso,Espresso,Grande,Hot,"A handcrafted Hazelnut Espresso prepared with premium Starbucks-style coffee or tea, coconut milk, hazelnut syrup and carefully balanced flavors.",Coconut,4,Vanilla,Caramel Drizzle,Low,50,151,17,18.8,25.5,6.54,555.9,4.7,18767,Medium,No,Yes,Yes,Yes,No,Yes,Cookie,Morning,Sweet,Hot,Japan
SB01701,White Mocha Cappuccino,Cappuccino,Venti,Cold,"A handcrafted White Mocha Cappuccino prepared with premium Starbucks-style coffee or tea, oat milk, none syrup and carefully balanced flavors.",Soy,2,Toffee Nut,None,High,246,300,2,4.0,15.8,7.2,612.0,4.8,28637,High,No,Yes,Yes,No,Yes,Yes,Blueberry Muffin,Afternoon,Bold,Cold,Global
SB01702,Mocha Mocha,Mocha,Grande,Hot,"A handcrafted Mocha Mocha prepared with premium Starbucks-style coffee or tea, almond milk, caramel syrup and carefully balanced flavors.",Soy,1,Classic,Whipped Cream,High,223,135,2,2.4,10.1,8.08,686.8,3.6,24045,Medium,Yes,Yes,Yes,Yes,Yes,Yes,Croissant,Afternoon,Creamy,Hot,Japan
SB01703,Mango Espresso,Espresso,Venti,Cold,"A handcrafted Mango Espresso prepared with premium Starbucks-style coffee or tea, whole milk, classic syrup and carefully balanced flavors.",Coconut,3,Caramel,None,High,186,134,67,0.7,24.3,7.79,662.15,4.2,9058,Low,No,Yes,Yes,Yes,No,Yes,Sandwich,Evening,Chocolatey,Cold,Canada
SB01704,Mocha Cold Brew,Cold Brew,Tall,Cold,"A handcrafted Mocha Cold Brew prepared with premium Starbucks-style coffee or tea, skim milk, toffee nut syrup and carefully balanced flavors.",Skim,1,Caramel,Caramel Drizzle,Medium,101,336,27,18.4,11.2,6.65,565.25,4.6,1900,Low,No,Yes,Yes,No,No,No,Cookie,Morning,Creamy,Cold,Canada
SB01705,Caramel Frappuccino,Frappuccino,Tall,Cold,"A handcrafted Caramel Frappuccino prepared with premium Starbucks-style coffee or tea, coconut milk, hazelnut syrup and carefully balanced flavors.",Oat,4,None,None,High,240,28,47,16.9,5.4,5.03,427.55,4.3,46073,Very High,No,Yes,Yes,Yes,Yes,Yes,Sandwich,Afternoon,Fruity,Cold,UK
SB01706,Classic Refresher,Refresher,Grande,Cold,"A handcrafted Classic Refresher prepared with premium Starbucks-style coffee or tea, oat milk, hazelnut syrup and carefully balanced flavors.",Oat,1,Vanilla,Chocolate Shavings,Low,50,209,19,13.1,19.1,2.95,250.75,4.0,16023,Medium,No,Yes,Yes,Yes,No,No,Cheesecake,Morning,Creamy,Cold,India
SB01707,White Mocha Espresso,Espresso,Venti,Hot,"A handcrafted White Mocha Espresso prepared with premium Starbucks-style coffee or tea, whole milk, vanilla syrup and carefully balanced flavors.",Oat,4,Hazelnut,Whipped Cream,High,41,265,5,18.0,28.1,8.07,685.95,3.8,30993,High,No,Yes,Yes,No,Yes,No,Croissant,Morning,Chocolatey,Hot,Global
SB01708,Matcha Mocha,Mocha,Tall,Cold,"A handcrafted Matcha Mocha prepared with premium Starbucks-style coffee or tea, oat milk, none syrup and carefully balanced flavors.",Whole,0,None,Whipped Cream,Medium,175,94,34,5.2,23.0,5.91,502.35,3.7,23770,Medium,Yes,No,Yes,No,No,Yes,Blueberry Muffin,Afternoon,Fruity,Cold,India
SB01709,Hazelnut Espresso,Espresso,Grande,Hot,"A handcrafted Hazelnut Espresso prepared with premium Starbucks-style coffee or tea, skim milk, none syrup and carefully balanced flavors.",Skim,2,Toffee Nut,Caramel Drizzle,High,28,434,63,9.1,11.6,4.26,362.1,4.3,11684,Medium,Yes,Yes,Yes,Yes,Yes,No,Blueberry Muffin,Evening,Nutty,Hot,Japan
SB01710,Hazelnut Macchiato,Macchiato,Grande,Hot,"A handcrafted Hazelnut Macchiato prepared with premium Starbucks-style coffee or tea, skim milk, hazelnut syrup and carefully balanced flavors.",Coconut,2,Hazelnut,Caramel Drizzle,High,243,359,29,4.4,7.9,6.49,551.65,3.7,31054,High,No,Yes,Yes,Yes,Yes,Yes,Cookie,Morning,Sweet,Hot,UK
SB01711,Classic Espresso,Espresso,Venti,Hot,"A handcrafted Classic Espresso prepared with premium Starbucks-style coffee or tea, soy milk, classic syrup and carefully balanced flavors.",Whole,0,None,Caramel Drizzle,Medium,23,216,70,18.9,28.1,6.31,536.35,4.6,22235,Medium,Yes,No,Yes,Yes,Yes,No,Sandwich,Afternoon,Fruity,Hot,USA
SB01712,Mocha Refresher,Refresher,Venti,Cold,"A handcrafted Mocha Refresher prepared with premium Starbucks-style coffee or tea, skim milk, vanilla syrup and carefully balanced flavors.",Oat,3,Classic,Whipped Cream,Medium,153,220,22,0.1,24.4,2.81,238.85,5.0,21060,Medium,Yes,No,Yes,No,No,No,Sandwich,Morning,Bold,Cold,UK
SB01713,Mango Mocha,Mocha,Tall,Cold,"A handcrafted Mango Mocha prepared with premium Starbucks-style coffee or tea, skim milk, classic syrup and carefully balanced flavors.",Whole,3,Hazelnut,Whipped Cream,High,274,49,11,1.1,7.4,7.21,612.85,4.0,2203,Low,No,Yes,Yes,No,No,No,Cookie,Evening,Nutty,Cold,Global
SB01714,Mocha Latte,Latte,Grande,Hot,"A handcrafted Mocha Latte prepared with premium Starbucks-style coffee or tea, oat milk, none syrup and carefully balanced flavors.",Coconut,3,Hazelnut,None,Low,294,60,15,2.2,19.6,6.95,590.75,3.9,25262,High,No,Yes,Yes,No,No,Yes,Cookie,Evening,Fruity,Hot,UK
SB01715,Mango Tea,Tea,Tall,Hot,"A handcrafted Mango Tea prepared with premium Starbucks-style coffee or tea, whole milk, vanilla syrup and carefully balanced flavors.",Oat,4,None,Whipped Cream,Medium,47,38,23,8.9,27.8,4.62,392.7,3.6,49596,Very High,No,No,Yes,Yes,Yes,Yes,Blueberry Muffin,Morning,Sweet,Hot,USA
SB01716,Mocha Americano,Americano,Venti,Cold,"A handcrafted Mocha Americano prepared with premium Starbucks-style coffee or tea, whole milk, toffee nut syrup and carefully balanced flavors.",Almond,0,Vanilla,Whipped Cream,Medium,281,443,2,10.7,13.5,6.66,566.1,5.0,9792,Low,No,No,Yes,No,Yes,No,Sandwich,Morning,Bold,Cold,Canada
SB01717,Mango Espresso,Espresso,Grande,Cold,"A handcrafted Mango Espresso prepared with premium Starbucks-style coffee or tea, skim milk, caramel syrup and carefully balanced flavors.",Oat,0,None,Chocolate Shavings,Medium,191,600,60,9.5,26.0,4.6,391.0,4.6,3933,Low,Yes,Yes,Yes,No,No,Yes,Croissant,Morning,Nutty,Cold,UK
SB01718,Caramel Cappuccino,Cappuccino,Grande,Cold,"A handcrafted Caramel Cappuccino prepared with premium Starbucks-style coffee or tea, oat milk, hazelnut syrup and carefully balanced flavors.",Soy,0,Hazelnut,None,Medium,287,259,17,3.2,12.4,3.76,319.6,3.9,30019,High,No,No,Yes,No,No,No,Blueberry Muffin,Evening,Creamy,Cold,Japan
SB01719,Java Chip Latte,Latte,Grande,Hot,"A handcrafted Java Chip Latte prepared with premium Starbucks-style coffee or tea, coconut milk, hazelnut syrup and carefully balanced flavors.",Almond,2,Classic,Chocolate Shavings,High,164,318,6,11.2,20.2,7.16,608.6,4.1,2152,Low,No,Yes,Yes,Yes,No,No,Cookie,Morning,Fruity,Hot,Global
SB01720,Mocha Tea,Tea,Venti,Cold,"A handcrafted Mocha Tea prepared with premium Starbucks-style coffee or tea, soy milk, hazelnut syrup and carefully balanced flavors.",Whole,2,Hazelnut,Chocolate Shavings,Low,197,75,64,10.9,5.0,5.88,499.8,3.6,45378,Very High,Yes,No,Yes,No,No,No,Croissant,Morning,Chocolatey,Cold,Canada
SB01721,Classic Tea,Tea,Grande,Cold,"A handcrafted Classic Tea prepared with premium Starbucks-style coffee or tea, skim milk, classic syrup and carefully balanced flavors.",Skim,2,Vanilla,None,Medium,45,160,37,2.4,9.7,5.27,447.95,3.7,24113,Medium,Yes,Yes,Yes,No,Yes,No,Cookie,Morning,Nutty,Cold,USA
SB01722,Java Chip Americano,Americano,Grande,Cold,"A handcrafted Java Chip Americano prepared with premium Starbucks-style coffee or tea, almond milk, classic syrup and carefully balanced flavors.",Soy,3,None,Chocolate Shavings,High,276,376,41,12.3,16.7,2.6,221.0,4.3,49518,Very High,No,Yes,Yes,Yes,Yes,Yes,Cheesecake,Evening,Sweet,Cold,Canada
SB01723,Vanilla Macchiato,Macchiato,Venti,Hot,"A handcrafted Vanilla Macchiato prepared with premium Starbucks-style coffee or tea, soy milk, caramel syrup and carefully balanced flavors.",Coconut,3,Vanilla,Caramel Drizzle,Low,103,259,29,4.5,13.0,7.57,643.45,4.0,34758,High,Yes,Yes,Yes,No,Yes,Yes,Croissant,Morning,Creamy,Hot,USA
SB01724,Classic Espresso,Espresso,Grande,Cold,"A handcrafted Classic Espresso prepared with premium Starbucks-style coffee or tea, almond milk, caramel syrup and carefully balanced flavors.",Almond,1,Classic,Caramel Drizzle,Medium,85,167,22,7.4,15.9,6.82,579.7,4.4,28202,High,Yes,No,Yes,Yes,Yes,Yes,Cheesecake,Afternoon,Chocolatey,Cold,Canada
SB01725,Vanilla Espresso,Espresso,Grande,Cold,"A handcrafted Vanilla Espresso prepared with premium Starbucks-style coffee or tea, almond milk, classic syrup and carefully balanced flavors.",Skim,2,Caramel,Chocolate Shavings,Medium,113,444,9,3.2,13.9,6.97,592.45,4.9,10519,Medium,No,Yes,Yes,No,No,No,Cookie,Morning,Sweet,Cold,UK
SB01726,Strawberry Americano,Americano,Venti,Hot,"A handcrafted Strawberry Americano prepared with premium Starbucks-style coffee or tea, soy milk, hazelnut syrup and carefully balanced flavors.",Whole,4,Vanilla,None,Low,272,599,44,11.0,1.9,6.3,535.5,4.9,21406,Medium,Yes,Yes,Yes,Yes,No,Yes,Croissant,Afternoon,Nutty,Hot,USA
SB01727,Hazelnut Espresso,Espresso,Tall,Hot,"A handcrafted Hazelnut Espresso prepared with premium Starbucks-style coffee or tea, whole milk, classic syrup and carefully balanced flavors.",Whole,4,Hazelnut,Caramel Drizzle,Low,233,461,45,18.3,26.2,4.0,340.0,4.8,10935,Medium,No,Yes,Yes,No,Yes,No,Cheesecake,Afternoon,Sweet,Hot,Global
SB01728,Caramel Tea,Tea,Grande,Hot,"A handcrafted Caramel Tea prepared with premium Starbucks-style coffee or tea, soy milk, classic syrup and carefully balanced flavors.",Skim,3,None,None,High,217,273,21,9.6,14.6,6.27,532.95,4.5,17999,Medium,Yes,Yes,Yes,No,Yes,No,Croissant,Afternoon,Nutty,Hot,USA
SB01729,Matcha Latte,Latte,Tall,Cold,"A handcrafted Matcha Latte prepared with premium Starbucks-style coffee or tea, almond milk, vanilla syrup and carefully balanced flavors.",Coconut,0,Vanilla,Whipped Cream,Medium,195,307,45,18.2,27.7,3.06,260.1,4.7,30629,High,No,No,Yes,Yes,Yes,Yes,Cookie,Morning,Fruity,Cold,Canada
SB01730,Mango Cappuccino,Cappuccino,Grande,Hot,"A handcrafted Mango Cappuccino prepared with premium Starbucks-style coffee or tea, almond milk, hazelnut syrup and carefully balanced flavors.",Skim,4,Caramel,Whipped Cream,Low,227,330,32,14.2,17.5,6.1,518.5,4.1,44387,Very High,Yes,Yes,Yes,No,No,No,Blueberry Muffin,Evening,Bold,Hot,Japan
SB01731,Chai Refresher,Refresher,Venti,Cold,"A handcrafted Chai Refresher prepared with premium Starbucks-style coffee or tea, soy milk, toffee nut syrup and carefully balanced flavors.",Coconut,0,Caramel,Caramel Drizzle,Low,252,575,35,8.4,20.8,4.41,374.85,4.2,7778,Low,No,Yes,Yes,Yes,No,Yes,Cheesecake,Morning,Chocolatey,Cold,Japan
SB01732,Mocha Mocha,Mocha,Grande,Hot,"A handcrafted Mocha Mocha prepared with premium Starbucks-style coffee or tea, coconut milk, none syrup and carefully balanced flavors.",Skim,4,Vanilla,Caramel Drizzle,Low,132,371,65,15.5,22.5,6.12,520.2,4.6,34222,High,Yes,No,Yes,No,Yes,Yes,Cookie,Morning,Creamy,Hot,Canada
SB01733,Mocha Mocha,Mocha,Grande,Cold,"A handcrafted Mocha Mocha prepared with premium Starbucks-style coffee or tea, almond milk, toffee nut syrup and carefully balanced flavors.",Almond,1,Hazelnut,Chocolate Shavings,High,261,644,39,3.8,28.8,7.87,668.95,4.1,40881,Very High,Yes,No,Yes,No,No,Yes,Sandwich,Evening,Chocolatey,Cold,Global
SB01734,Java Chip Mocha,Mocha,Grande,Hot,"A handcrafted Java Chip Mocha prepared with premium Starbucks-style coffee or tea, whole milk, classic syrup and carefully balanced flavors.",Almond,0,None,Chocolate Shavings,Medium,121,25,52,2.6,19.4,4.18,355.3,4.9,3774,Low,Yes,No,Yes,No,No,No,Croissant,Morning,Chocolatey,Hot,Global
SB01735,White Mocha Americano,Americano,Tall,Hot,"A handcrafted White Mocha Americano prepared with premium Starbucks-style coffee or tea, skim milk, classic syrup and carefully balanced flavors.",Soy,4,Toffee Nut,Chocolate Shavings,Medium,127,389,2,10.4,14.3,5.62,477.7,4.1,4265,Low,No,Yes,Yes,Yes,Yes,No,Blueberry Muffin,Evening,Fruity,Hot,USA
SB01736,Vanilla Espresso,Espresso,Venti,Hot,"A handcrafted Vanilla Espresso prepared with premium Starbucks-style coffee or tea, almond milk, hazelnut syrup and carefully balanced flavors.",Soy,3,Caramel,Caramel Drizzle,Medium,243,605,29,2.9,16.0,4.19,356.15,4.4,27060,High,No,No,Yes,No,Yes,Yes,Cookie,Morning,Fruity,Hot,UK
SB01737,White Mocha Macchiato,Macchiato,Venti,Cold,"A handcrafted White Mocha Macchiato prepared with premium Starbucks-style coffee or tea, oat milk, caramel syrup and carefully balanced flavors.",Skim,1,Toffee Nut,None,Medium,31,284,5,13.0,15.8,5.27,447.95,4.7,3690,Low,Yes,Yes,Yes,No,Yes,Yes,Cheesecake,Afternoon,Bold,Cold,India
SB01738,Strawberry Mocha,Mocha,Tall,Hot,"A handcrafted Strawberry Mocha prepared with premium Starbucks-style coffee or tea, soy milk, vanilla syrup and carefully balanced flavors.",Whole,1,Vanilla,None,Medium,3,43,41,17.1,7.7,6.5,552.5,4.9,12436,Medium,No,Yes,Yes,Yes,Yes,No,Sandwich,Morning,Bold,Hot,Canada
SB01739,Vanilla Tea,Tea,Venti,Cold,"A handcrafted Vanilla Tea prepared with premium Starbucks-style coffee or tea, coconut milk, hazelnut syrup and carefully balanced flavors.",Soy,4,Caramel,None,Low,68,125,32,4.9,10.1,6.72,571.2,3.7,14478,Medium,Yes,Yes,Yes,No,No,No,Sandwich,Afternoon,Creamy,Cold,Japan
SB01740,Mocha Latte,Latte,Venti,Cold,"A handcrafted Mocha Latte prepared with premium Starbucks-style coffee or tea, coconut milk, none syrup and carefully balanced flavors.",Coconut,3,Vanilla,Caramel Drizzle,Medium,252,350,21,1.3,9.9,8.28,703.8,4.9,48842,Very High,Yes,No,Yes,Yes,Yes,Yes,Sandwich,Morning,Nutty,Cold,India
SB01741,Mango Cold Brew,Cold Brew,Grande,Cold,"A handcrafted Mango Cold Brew prepared with premium Starbucks-style coffee or tea, whole milk, none syrup and carefully balanced flavors.",Coconut,0,Classic,None,Medium,63,81,67,8.4,13.2,2.74,232.9,3.8,19846,Medium,Yes,No,Yes,No,No,No,Cheesecake,Afternoon,Bold,Cold,UK
SB01742,Hazelnut Macchiato,Macchiato,Tall,Cold,"A handcrafted Hazelnut Macchiato prepared with premium Starbucks-style coffee or tea, coconut milk, classic syrup and carefully balanced flavors.",Whole,2,Vanilla,None,Medium,281,475,61,4.1,28.9,4.33,368.05,5.0,49418,Very High,Yes,Yes,Yes,No,Yes,No,Sandwich,Afternoon,Fruity,Cold,Global
SB01743,Mango Americano,Americano,Tall,Hot,"A handcrafted Mango Americano prepared with premium Starbucks-style coffee or tea, soy milk, vanilla syrup and carefully balanced flavors.",Almond,2,Classic,Caramel Drizzle,Medium,190,507,30,0.6,17.8,5.51,468.35,3.7,30384,High,No,No,Yes,No,Yes,Yes,Sandwich,Morning,Fruity,Hot,Global
SB01744,Classic Mocha,Mocha,Venti,Hot,"A handcrafted Classic Mocha prepared with premium Starbucks-style coffee or tea, skim milk, vanilla syrup and carefully balanced flavors.",Coconut,1,Toffee Nut,None,High,27,68,17,16.1,6.9,6.81,578.85,5.0,36909,High,Yes,No,Yes,Yes,No,No,Croissant,Afternoon,Nutty,Hot,Canada
SB01745,Mango Latte,Latte,Tall,Cold,"A handcrafted Mango Latte prepared with premium Starbucks-style coffee or tea, soy milk, hazelnut syrup and carefully balanced flavors.",Oat,1,Classic,Chocolate Shavings,Medium,99,74,14,16.7,27.6,2.62,222.7,3.5,41311,Very High,Yes,No,Yes,Yes,Yes,Yes,Croissant,Afternoon,Fruity,Cold,India
SB01746,Java Chip Tea,Tea,Grande,Cold,"A handcrafted Java Chip Tea prepared with premium Starbucks-style coffee or tea, coconut milk, vanilla syrup and carefully balanced flavors.",Oat,2,Hazelnut,Whipped Cream,Medium,9,108,10,1.4,10.9,7.89,670.65,4.0,1917,Low,Yes,No,Yes,Yes,Yes,Yes,Sandwich,Afternoon,Bold,Cold,UK
SB01747,Caramel Refresher,Refresher,Grande,Cold,"A handcrafted Caramel Refresher prepared with premium Starbucks-style coffee or tea, soy milk, vanilla syrup and carefully balanced flavors.",Coconut,2,Caramel,Chocolate Shavings,High,207,53,48,5.8,3.2,8.12,690.2,5.0,1663,Low,No,No,Yes,Yes,Yes,No,Cookie,Evening,Bold,Cold,Canada
SB01748,Vanilla Tea,Tea,Venti,Hot,"A handcrafted Vanilla Tea prepared with premium Starbucks-style coffee or tea, oat milk, caramel syrup and carefully balanced flavors.",Skim,4,Caramel,None,Medium,75,396,69,16.0,10.6,3.26,277.1,3.8,31098,High,No,No,Yes,No,No,Yes,Croissant,Morning,Nutty,Hot,Global
SB01749,Matcha Latte,Latte,Grande,Cold,"A handcrafted Matcha Latte prepared with premium Starbucks-style coffee or tea, skim milk, hazelnut syrup and carefully balanced flavors.",Coconut,0,Hazelnut,None,Low,1,330,26,2.1,8.6,6.78,576.3,3.9,16265,Medium,No,No,Yes,No,Yes,Yes,Cheesecake,Evening,Creamy,Cold,Global
SB01750,Vanilla Macchiato,Macchiato,Grande,Cold,"A handcrafted Vanilla Macchiato prepared with premium Starbucks-style coffee or tea, skim milk, classic syrup and carefully balanced flavors.",Skim,0,Classic,Chocolate Shavings,High,162,505,8,14.0,12.4,7.93,674.05,4.2,20369,Medium,No,No,Yes,Yes,Yes,No,Sandwich,Morning,Fruity,Cold,India
SB01751,Strawberry Flat White,Flat White,Tall,Cold,"A handcrafted Strawberry Flat White prepared with premium Starbucks-style coffee or tea, coconut milk, classic syrup and carefully balanced flavors.",Almond,1,Classic,Whipped Cream,High,119,590,20,1.6,2.4,7.22,613.7,4.5,30848,High,No,Yes,Yes,Yes,No,Yes,Croissant,Evening,Bold,Cold,UK
SB01752,Hazelnut Macchiato,Macchiato,Tall,Hot,"A handcrafted Hazelnut Macchiato prepared with premium Starbucks-style coffee or tea, soy milk, classic syrup and carefully balanced flavors.",Almond,0,Classic,Whipped Cream,High,244,606,22,0.9,9.5,6.01,510.85,3.5,29073,High,No,Yes,Yes,No,Yes,Yes,Cookie,Morning,Bold,Hot,India
SB01753,Matcha Tea,Tea,Venti,Hot,"A handcrafted Matcha Tea prepared with premium Starbucks-style coffee or tea, soy milk, classic syrup and carefully balanced flavors.",Soy,0,Caramel,Chocolate Shavings,Medium,289,420,59,2.7,9.5,5.43,461.55,4.9,21942,Medium,Yes,No,Yes,No,No,Yes,Cookie,Evening,Sweet,Hot,Japan
SB01754,Strawberry Cappuccino,Cappuccino,Grande,Hot,"A handcrafted Strawberry Cappuccino prepared with premium Starbucks-style coffee or tea, whole milk, toffee nut syrup and carefully balanced flavors.",Almond,4,None,Chocolate Shavings,Medium,241,343,5,5.7,13.5,4.74,402.9,4.5,19670,Medium,No,No,Yes,No,No,No,Blueberry Muffin,Morning,Nutty,Hot,UK
SB01755,Mango Latte,Latte,Venti,Hot,"A handcrafted Mango Latte prepared with premium Starbucks-style coffee or tea, skim milk, hazelnut syrup and carefully balanced flavors.",Almond,3,Caramel,Whipped Cream,Low,136,27,38,19.1,2.5,5.46,464.1,4.3,26183,High,No,No,Yes,No,Yes,Yes,Cheesecake,Morning,Chocolatey,Hot,USA
SB01756,Caramel Latte,Latte,Tall,Cold,"A handcrafted Caramel Latte prepared with premium Starbucks-style coffee or tea, coconut milk, caramel syrup and carefully balanced flavors.",Skim,3,Toffee Nut,Caramel Drizzle,Medium,252,224,6,3.1,25.0,7.11,604.35,4.0,35215,High,No,No,Yes,Yes,Yes,No,Cookie,Morning,Fruity,Cold,India
SB01757,Classic Flat White,Flat White,Venti,Hot,"A handcrafted Classic Flat White prepared with premium Starbucks-style coffee or tea, coconut milk, caramel syrup and carefully balanced flavors.",Soy,4,Toffee Nut,Chocolate Shavings,Low,59,366,10,14.8,3.5,3.83,325.55,3.6,27678,High,No,No,Yes,Yes,No,No,Sandwich,Evening,Nutty,Hot,UK
SB01758,Vanilla Flat White,Flat White,Tall,Hot,"A handcrafted Vanilla Flat White prepared with premium Starbucks-style coffee or tea, whole milk, none syrup and carefully balanced flavors.",Whole,3,Toffee Nut,Whipped Cream,High,20,562,67,19.5,18.8,8.12,690.2,4.1,43878,Very High,Yes,No,Yes,No,Yes,Yes,Croissant,Morning,Creamy,Hot,Japan
SB01759,Vanilla Cold Brew,Cold Brew,Venti,Cold,"A handcrafted Vanilla Cold Brew prepared with premium Starbucks-style coffee or tea, almond milk, caramel syrup and carefully balanced flavors.",Soy,2,Toffee Nut,Chocolate Shavings,Medium,166,149,61,15.8,13.9,6.98,593.3,4.9,47307,Very High,No,Yes,Yes,Yes,No,No,Blueberry Muffin,Afternoon,Bold,Cold,UK
SB01760,Chai Latte,Latte,Venti,Hot,"A handcrafted Chai Latte prepared with premium Starbucks-style coffee or tea, coconut milk, caramel syrup and carefully balanced flavors.",Oat,0,Classic,Chocolate Shavings,Low,87,362,49,9.8,17.3,6.19,526.15,4.5,39351,High,No,Yes,Yes,No,No,No,Sandwich,Evening,Chocolatey,Hot,Global
SB01761,Java Chip Latte,Latte,Grande,Hot,"A handcrafted Java Chip Latte prepared with premium Starbucks-style coffee or tea, soy milk, caramel syrup and carefully balanced flavors.",Skim,2,Hazelnut,Caramel Drizzle,High,87,291,68,13.5,4.0,3.34,283.9,4.5,16356,Medium,No,No,Yes,Yes,No,No,Cheesecake,Afternoon,Nutty,Hot,USA
SB01762,Strawberry Cold Brew,Cold Brew,Grande,Cold,"A handcrafted Strawberry Cold Brew prepared with premium Starbucks-style coffee or tea, skim milk, vanilla syrup and carefully balanced flavors.",Whole,3,Vanilla,Whipped Cream,Medium,164,432,13,13.0,9.3,8.35,709.75,4.5,34898,High,Yes,Yes,Yes,No,No,Yes,Croissant,Morning,Chocolatey,Cold,India
SB01763,White Mocha Americano,Americano,Tall,Hot,"A handcrafted White Mocha Americano prepared with premium Starbucks-style coffee or tea, coconut milk, hazelnut syrup and carefully balanced flavors.",Coconut,2,Toffee Nut,None,Low,126,215,1,19.8,1.5,5.51,468.35,4.3,5780,Low,Yes,Yes,Yes,No,Yes,Yes,Croissant,Evening,Creamy,Hot,UK
SB01764,Strawberry Latte,Latte,Tall,Hot,"A handcrafted Strawberry Latte prepared with premium Starbucks-style coffee or tea, whole milk, classic syrup and carefully balanced flavors.",Skim,0,Caramel,Chocolate Shavings,High,78,509,3,0.0,25.6,2.86,243.1,4.8,9076,Low,Yes,Yes,Yes,Yes,No,No,Blueberry Muffin,Evening,Nutty,Hot,Canada
SB01765,Strawberry Espresso,Espresso,Grande,Hot,"A handcrafted Strawberry Espresso prepared with premium Starbucks-style coffee or tea, oat milk, caramel syrup and carefully balanced flavors.",Oat,1,Hazelnut,Whipped Cream,Low,92,463,8,18.2,24.8,6.79,577.15,3.8,14281,Medium,No,No,Yes,No,Yes,No,Cookie,Evening,Sweet,Hot,USA
SB01766,Strawberry Flat White,Flat White,Venti,Hot,"A handcrafted Strawberry Flat White prepared with premium Starbucks-style coffee or tea, soy milk, classic syrup and carefully balanced flavors.",Soy,3,Caramel,Caramel Drizzle,High,159,268,7,5.0,20.2,2.96,251.6,4.2,39508,High,Yes,Yes,Yes,No,No,Yes,Sandwich,Morning,Nutty,Hot,Japan
SB01767,Chai Espresso,Espresso,Venti,Cold,"A handcrafted Chai Espresso prepared with premium Starbucks-style coffee or tea, oat milk, toffee nut syrup and carefully balanced flavors.",Oat,4,None,Caramel Drizzle,Medium,119,514,54,9.8,3.9,6.98,593.3,4.4,42594,Very High,No,No,Yes,No,Yes,No,Sandwich,Evening,Sweet,Cold,Canada
SB01768,Strawberry Macchiato,Macchiato,Grande,Cold,"A handcrafted Strawberry Macchiato prepared with premium Starbucks-style coffee or tea, almond milk, caramel syrup and carefully balanced flavors.",Soy,3,Vanilla,Whipped Cream,Medium,23,476,40,7.5,18.8,6.85,582.25,3.5,4526,Low,Yes,No,Yes,Yes,Yes,No,Cheesecake,Afternoon,Chocolatey,Cold,Global
SB01769,Caramel Espresso,Espresso,Venti,Cold,"A handcrafted Caramel Espresso prepared with premium Starbucks-style coffee or tea, oat milk, classic syrup and carefully balanced flavors.",Almond,3,Caramel,None,Low,17,127,57,19.0,18.9,7.87,668.95,4.1,32074,High,No,No,Yes,No,Yes,Yes,Croissant,Morning,Fruity,Cold,India
SB01770,Java Chip Cappuccino,Cappuccino,Tall,Hot,"A handcrafted Java Chip Cappuccino prepared with premium Starbucks-style coffee or tea, coconut milk, vanilla syrup and carefully balanced flavors.",Oat,0,Hazelnut,None,Medium,122,452,65,5.5,14.1,6.56,557.6,3.5,25268,High,Yes,Yes,Yes,Yes,Yes,No,Sandwich,Evening,Nutty,Hot,Global
SB01771,Matcha Americano,Americano,Tall,Cold,"A handcrafted Matcha Americano prepared with premium Starbucks-style coffee or tea, almond milk, toffee nut syrup and carefully balanced flavors.",Whole,0,Hazelnut,Chocolate Shavings,Low,3,45,70,8.3,9.2,8.43,716.55,3.9,13680,Medium,Yes,Yes,Yes,Yes,No,Yes,Blueberry Muffin,Evening,Bold,Cold,India
SB01772,Mango Tea,Tea,Venti,Cold,"A handcrafted Mango Tea prepared with premium Starbucks-style coffee or tea, skim milk, caramel syrup and carefully balanced flavors.",Almond,1,None,None,Low,87,510,66,4.7,29.3,8.21,697.85,4.4,42131,Very High,No,No,Yes,Yes,Yes,No,Cheesecake,Afternoon,Creamy,Cold,UK
SB01773,Hazelnut Latte,Latte,Tall,Hot,"A handcrafted Hazelnut Latte prepared with premium Starbucks-style coffee or tea, oat milk, none syrup and carefully balanced flavors.",Almond,4,Toffee Nut,None,Medium,80,421,24,9.3,25.7,4.71,400.35,4.1,39845,High,Yes,Yes,Yes,No,Yes,No,Croissant,Morning,Bold,Hot,Canada
SB01774,Vanilla Americano,Americano,Tall,Cold,"A handcrafted Vanilla Americano prepared with premium Starbucks-style coffee or tea, skim milk, vanilla syrup and carefully balanced flavors.",Soy,4,Toffee Nut,Whipped Cream,High,119,177,1,9.2,11.5,3.02,256.7,4.3,23079,Medium,No,No,Yes,No,No,Yes,Croissant,Morning,Creamy,Cold,USA
SB01775,Strawberry Mocha,Mocha,Grande,Cold,"A handcrafted Strawberry Mocha prepared with premium Starbucks-style coffee or tea, whole milk, classic syrup and carefully balanced flavors.",Whole,1,None,Whipped Cream,Low,88,268,3,7.4,24.5,6.78,576.3,4.3,26736,High,Yes,No,Yes,No,Yes,No,Blueberry Muffin,Morning,Nutty,Cold,Global
SB01776,Classic Flat White,Flat White,Venti,Hot,"A handcrafted Classic Flat White prepared with premium Starbucks-style coffee or tea, whole milk, hazelnut syrup and carefully balanced flavors.",Soy,3,Vanilla,None,Medium,244,586,21,0.8,8.3,5.95,505.75,4.2,6792,Low,No,No,Yes,No,No,Yes,Cheesecake,Morning,Creamy,Hot,Canada
SB01777,White Mocha Cold Brew,Cold Brew,Grande,Cold,"A handcrafted White Mocha Cold Brew prepared with premium Starbucks-style coffee or tea, skim milk, caramel syrup and carefully balanced flavors.",Soy,3,Caramel,None,Medium,23,105,43,10.3,26.7,3.01,255.85,3.6,21242,Medium,No,Yes,Yes,Yes,No,No,Sandwich,Evening,Bold,Cold,Global
SB01778,Java Chip Americano,Americano,Grande,Hot,"A handcrafted Java Chip Americano prepared with premium Starbucks-style coffee or tea, coconut milk, hazelnut syrup and carefully balanced flavors.",Whole,0,None,Chocolate Shavings,Low,292,316,24,3.5,16.0,2.98,253.3,4.5,18921,Medium,Yes,Yes,Yes,No,No,No,Cheesecake,Morning,Fruity,Hot,USA
SB01779,Java Chip Cold Brew,Cold Brew,Grande,Cold,"A handcrafted Java Chip Cold Brew prepared with premium Starbucks-style coffee or tea, skim milk, hazelnut syrup and carefully balanced flavors.",Coconut,0,Classic,None,Medium,71,119,67,13.8,8.7,4.54,385.9,4.6,39418,High,Yes,Yes,Yes,No,No,No,Cookie,Evening,Bold,Cold,Japan
SB01780,Mocha Americano,Americano,Tall,Cold,"A handcrafted Mocha Americano prepared with premium Starbucks-style coffee or tea, oat milk, hazelnut syrup and carefully balanced flavors.",Whole,0,Classic,None,High,68,251,5,12.6,6.6,4.33,368.05,4.5,44100,Very High,Yes,Yes,Yes,No,No,Yes,Sandwich,Afternoon,Nutty,Cold,USA
SB01781,Chai Refresher,Refresher,Tall,Cold,"A handcrafted Chai Refresher prepared with premium Starbucks-style coffee or tea, whole milk, toffee nut syrup and carefully balanced flavors.",Skim,0,None,Whipped Cream,Medium,31,79,45,17.5,27.4,3.86,328.1,3.9,6854,Low,Yes,Yes,Yes,No,No,Yes,Cookie,Morning,Nutty,Cold,Canada
SB01782,White Mocha Mocha,Mocha,Grande,Cold,"A handcrafted White Mocha Mocha prepared with premium Starbucks-style coffee or tea, whole milk, toffee nut syrup and carefully balanced flavors.",Oat,3,Hazelnut,Whipped Cream,High,98,514,30,6.7,9.9,8.07,685.95,3.8,32229,High,Yes,No,Yes,No,Yes,No,Blueberry Muffin,Evening,Bold,Cold,Japan
SB01783,Vanilla Espresso,Espresso,Venti,Cold,"A handcrafted Vanilla Espresso prepared with premium Starbucks-style coffee or tea, oat milk, vanilla syrup and carefully balanced flavors.",Whole,3,Caramel,None,High,201,59,27,1.5,22.4,6.24,530.4,4.3,1318,Low,Yes,Yes,Yes,Yes,No,Yes,Croissant,Evening,Fruity,Cold,UK
SB01784,Java Chip Tea,Tea,Tall,Hot,"A handcrafted Java Chip Tea prepared with premium Starbucks-style coffee or tea, skim milk, vanilla syrup and carefully balanced flavors.",Soy,3,Hazelnut,Whipped Cream,High,6,591,63,8.6,14.2,8.47,719.95,4.4,34500,High,Yes,No,Yes,Yes,No,No,Cookie,Morning,Bold,Hot,USA
SB01785,Classic Cold Brew,Cold Brew,Venti,Cold,"A handcrafted Classic Cold Brew prepared with premium Starbucks-style coffee or tea, oat milk, caramel syrup and carefully balanced flavors.",Oat,4,Hazelnut,Whipped Cream,High,213,540,12,16.9,22.6,3.78,321.3,3.5,44992,Very High,No,Yes,Yes,No,No,Yes,Cookie,Evening,Sweet,Cold,Global
SB01786,Hazelnut Flat White,Flat White,Venti,Hot,"A handcrafted Hazelnut Flat White prepared with premium Starbucks-style coffee or tea, coconut milk, toffee nut syrup and carefully balanced flavors.",Whole,0,Classic,Whipped Cream,Medium,165,100,13,10.5,4.5,3.11,264.35,3.6,32199,High,No,Yes,Yes,No,No,No,Sandwich,Afternoon,Chocolatey,Hot,UK
SB01787,Java Chip Tea,Tea,Venti,Cold,"A handcrafted Java Chip Tea prepared with premium Starbucks-style coffee or tea, whole milk, classic syrup and carefully balanced flavors.",Whole,0,Classic,Whipped Cream,Medium,8,53,27,19.4,8.7,3.14,266.9,4.8,44466,Very High,No,No,Yes,No,No,Yes,Cheesecake,Morning,Bold,Cold,USA
SB01788,Vanilla Cold Brew,Cold Brew,Venti,Cold,"A handcrafted Vanilla Cold Brew prepared with premium Starbucks-style coffee or tea, oat milk, caramel syrup and carefully balanced flavors.",Almond,2,Vanilla,Chocolate Shavings,High,99,91,29,16.2,24.4,6.73,572.05,4.8,25672,High,Yes,Yes,Yes,No,No,Yes,Croissant,Afternoon,Sweet,Cold,Global
SB01789,Matcha Mocha,Mocha,Grande,Cold,"A handcrafted Matcha Mocha prepared with premium Starbucks-style coffee or tea, almond milk, classic syrup and carefully balanced flavors.",Coconut,0,Toffee Nut,Chocolate Shavings,Low,125,52,10,19.4,22.5,2.85,242.25,4.7,11053,Medium,Yes,Yes,Yes,No,No,Yes,Cheesecake,Afternoon,Fruity,Cold,USA
SB01790,Vanilla Cappuccino,Cappuccino,Venti,Hot,"A handcrafted Vanilla Cappuccino prepared with premium Starbucks-style coffee or tea, whole milk, caramel syrup and carefully balanced flavors.",Almond,4,Vanilla,None,Medium,258,30,68,7.4,4.6,8.4,714.0,4.8,6675,Low,Yes,No,Yes,No,No,No,Croissant,Morning,Sweet,Hot,India
SB01791,White Mocha Americano,Americano,Grande,Hot,"A handcrafted White Mocha Americano prepared with premium Starbucks-style coffee or tea, almond milk, hazelnut syrup and carefully balanced flavors.",Oat,3,Vanilla,Caramel Drizzle,High,131,333,1,9.2,6.1,4.08,346.8,4.5,26964,High,Yes,No,Yes,No,Yes,No,Cookie,Afternoon,Nutty,Hot,Japan
SB01792,Chai Refresher,Refresher,Tall,Cold,"A handcrafted Chai Refresher prepared with premium Starbucks-style coffee or tea, whole milk, hazelnut syrup and carefully balanced flavors.",Almond,3,Classic,Whipped Cream,Low,84,342,53,8.9,20.7,3.11,264.35,4.0,8123,Low,No,No,Yes,No,Yes,No,Cheesecake,Evening,Bold,Cold,UK
SB01793,Caramel Macchiato,Macchiato,Venti,Hot,"A handcrafted Caramel Macchiato prepared with premium Starbucks-style coffee or tea, whole milk, toffee nut syrup and carefully balanced flavors.",Coconut,2,Classic,None,Low,296,509,24,16.2,7.4,6.51,553.35,4.7,38720,High,No,No,Yes,Yes,Yes,Yes,Cookie,Morning,Nutty,Hot,Global
SB01794,Chai Tea,Tea,Tall,Hot,"A handcrafted Chai Tea prepared with premium Starbucks-style coffee or tea, oat milk, vanilla syrup and carefully balanced flavors.",Almond,2,Vanilla,Whipped Cream,Medium,222,445,54,18.5,27.9,5.86,498.1,4.0,48946,Very High,No,Yes,Yes,Yes,Yes,Yes,Sandwich,Evening,Creamy,Hot,Japan
SB01795,Caramel Frappuccino,Frappuccino,Tall,Cold,"A handcrafted Caramel Frappuccino prepared with premium Starbucks-style coffee or tea, whole milk, hazelnut syrup and carefully balanced flavors.",Whole,3,Caramel,Chocolate Shavings,High,275,247,50,17.9,18.1,5.93,504.05,4.3,26700,High,No,No,Yes,No,No,Yes,Cheesecake,Afternoon,Fruity,Cold,Canada
SB01796,Mango Refresher,Refresher,Tall,Cold,"A handcrafted Mango Refresher prepared with premium Starbucks-style coffee or tea, almond milk, caramel syrup and carefully balanced flavors.",Soy,2,Vanilla,Whipped Cream,Medium,124,560,15,16.0,0.5,5.14,436.9,4.3,33741,High,Yes,Yes,Yes,Yes,No,No,Cookie,Afternoon,Nutty,Cold,India
SB01797,Caramel Espresso,Espresso,Venti,Hot,"A handcrafted Caramel Espresso prepared with premium Starbucks-style coffee or tea, almond milk, hazelnut syrup and carefully balanced flavors.",Almond,4,Classic,None,Medium,85,518,8,0.8,6.1,2.98,253.3,3.8,48450,Very High,No,No,Yes,No,Yes,No,Croissant,Evening,Sweet,Hot,UK
SB01798,Caramel Latte,Latte,Tall,Cold,"A handcrafted Caramel Latte prepared with premium Starbucks-style coffee or tea, almond milk, hazelnut syrup and carefully balanced flavors.",Skim,2,Hazelnut,Whipped Cream,High,293,486,25,2.3,11.1,5.83,495.55,4.4,38099,High,No,No,Yes,Yes,Yes,Yes,Sandwich,Afternoon,Creamy,Cold,Japan
SB01799,Vanilla Espresso,Espresso,Venti,Cold,"A handcrafted Vanilla Espresso prepared with premium Starbucks-style coffee or tea, soy milk, classic syrup and carefully balanced flavors.",Coconut,4,None,None,Medium,125,77,1,12.2,0.8,3.71,315.35,4.6,20368,Medium,No,No,Yes,Yes,No,Yes,Cheesecake,Evening,Fruity,Cold,India
SB01800,Mango Latte,Latte,Tall,Hot,"A handcrafted Mango Latte prepared with premium Starbucks-style coffee or tea, soy milk, classic syrup and carefully balanced flavors.",Almond,3,None,None,Low,145,296,38,1.4,11.1,7.77,660.45,3.7,48353,Very High,No,No,Yes,Yes,Yes,No,Cookie,Afternoon,Fruity,Hot,USA
SB01801,Vanilla Espresso,Espresso,Tall,Hot,"A handcrafted Vanilla Espresso prepared with premium Starbucks-style coffee or tea, coconut milk, toffee nut syrup and carefully balanced flavors.",Coconut,4,Hazelnut,None,High,270,209,4,5.7,16.7,5.09,432.65,4.9,10923,Medium,Yes,No,Yes,No,No,Yes,Sandwich,Evening,Chocolatey,Hot,UK
SB01802,Strawberry Refresher,Refresher,Tall,Cold,"A handcrafted Strawberry Refresher prepared with premium Starbucks-style coffee or tea, skim milk, hazelnut syrup and carefully balanced flavors.",Almond,1,Toffee Nut,None,High,211,90,2,15.0,28.4,5.06,430.1,4.8,23055,Medium,No,No,Yes,No,No,No,Croissant,Evening,Fruity,Cold,Global
SB01803,Chai Macchiato,Macchiato,Tall,Hot,"A handcrafted Chai Macchiato prepared with premium Starbucks-style coffee or tea, coconut milk, none syrup and carefully balanced flavors.",Oat,3,None,Whipped Cream,High,126,607,55,10.0,29.3,5.8,493.0,3.5,8652,Low,No,Yes,Yes,Yes,Yes,Yes,Cookie,Morning,Chocolatey,Hot,USA
SB01804,Chai Frappuccino,Frappuccino,Venti,Cold,"A handcrafted Chai Frappuccino prepared with premium Starbucks-style coffee or tea, whole milk, vanilla syrup and carefully balanced flavors.",Soy,3,Vanilla,Chocolate Shavings,High,162,163,19,14.6,27.1,5.18,440.3,3.8,18596,Medium,Yes,Yes,Yes,No,Yes,Yes,Blueberry Muffin,Morning,Creamy,Cold,USA
SB01805,Classic Cappuccino,Cappuccino,Venti,Hot,"A handcrafted Classic Cappuccino prepared with premium Starbucks-style coffee or tea, whole milk, none syrup and carefully balanced flavors.",Oat,2,Toffee Nut,Caramel Drizzle,High,62,330,69,6.7,22.1,4.82,409.7,4.1,49312,Very High,Yes,No,Yes,Yes,Yes,No,Croissant,Afternoon,Chocolatey,Hot,Global
SB01806,Classic Tea,Tea,Tall,Cold,"A handcrafted Classic Tea prepared with premium Starbucks-style coffee or tea, skim milk, toffee nut syrup and carefully balanced flavors.",Soy,4,Hazelnut,Caramel Drizzle,Medium,132,163,62,1.2,21.8,6.52,554.2,4.5,12839,Medium,Yes,Yes,Yes,No,Yes,Yes,Sandwich,Evening,Creamy,Cold,Canada
SB01807,Vanilla Mocha,Mocha,Tall,Cold,"A handcrafted Vanilla Mocha prepared with premium Starbucks-style coffee or tea, coconut milk, vanilla syrup and carefully balanced flavors.",Soy,1,Vanilla,Chocolate Shavings,Low,164,49,34,5.0,17.6,7.86,668.1,4.0,17823,Medium,Yes,No,Yes,No,No,No,Cheesecake,Evening,Fruity,Cold,Canada
SB01808,Strawberry Frappuccino,Frappuccino,Venti,Cold,"A handcrafted Strawberry Frappuccino prepared with premium Starbucks-style coffee or tea, skim milk, classic syrup and carefully balanced flavors.",Soy,4,Classic,Whipped Cream,Low,238,445,64,16.4,19.9,5.6,476.0,4.5,33679,High,Yes,No,Yes,No,Yes,No,Sandwich,Evening,Chocolatey,Cold,Japan
SB01809,Hazelnut Tea,Tea,Tall,Cold,"A handcrafted Hazelnut Tea prepared with premium Starbucks-style coffee or tea, soy milk, classic syrup and carefully balanced flavors.",Almond,1,Classic,Caramel Drizzle,Medium,83,310,54,15.4,10.2,7.74,657.9,4.9,42502,Very High,No,Yes,Yes,No,Yes,Yes,Cookie,Afternoon,Sweet,Cold,UK
SB01810,Chai Macchiato,Macchiato,Grande,Hot,"A handcrafted Chai Macchiato prepared with premium Starbucks-style coffee or tea, skim milk, none syrup and carefully balanced flavors.",Whole,1,Hazelnut,Caramel Drizzle,Low,253,261,37,11.9,27.6,2.84,241.4,4.0,49315,Very High,No,No,Yes,Yes,Yes,Yes,Cheesecake,Evening,Creamy,Hot,USA
SB01811,White Mocha Frappuccino,Frappuccino,Venti,Cold,"A handcrafted White Mocha Frappuccino prepared with premium Starbucks-style coffee or tea, soy milk, none syrup and carefully balanced flavors.",Soy,4,Classic,Chocolate Shavings,Low,274,349,53,7.5,18.8,6.26,532.1,4.1,20549,Medium,Yes,No,Yes,No,No,Yes,Croissant,Evening,Sweet,Cold,Japan
SB01812,Mango Tea,Tea,Venti,Hot,"A handcrafted Mango Tea prepared with premium Starbucks-style coffee or tea, whole milk, classic syrup and carefully balanced flavors.",Skim,4,Hazelnut,Chocolate Shavings,Medium,297,617,38,4.3,15.3,6.25,531.25,3.7,24051,Medium,Yes,Yes,Yes,Yes,Yes,No,Cookie,Afternoon,Creamy,Hot,USA
SB01813,Strawberry Macchiato,Macchiato,Venti,Hot,"A handcrafted Strawberry Macchiato prepared with premium Starbucks-style coffee or tea, almond milk, hazelnut syrup and carefully balanced flavors.",Coconut,3,Vanilla,Chocolate Shavings,Medium,83,77,46,14.8,21.2,7.04,598.4,4.1,1390,Low,No,No,Yes,Yes,No,Yes,Sandwich,Afternoon,Sweet,Hot,Canada
SB01814,Vanilla Espresso,Espresso,Grande,Cold,"A handcrafted Vanilla Espresso prepared with premium Starbucks-style coffee or tea, skim milk, none syrup and carefully balanced flavors.",Skim,3,Caramel,Caramel Drizzle,High,175,158,6,1.3,3.4,5.75,488.75,3.6,28919,High,Yes,No,Yes,No,Yes,No,Croissant,Morning,Creamy,Cold,Global
SB01815,Hazelnut Frappuccino,Frappuccino,Venti,Cold,"A handcrafted Hazelnut Frappuccino prepared with premium Starbucks-style coffee or tea, coconut milk, classic syrup and carefully balanced flavors.",Coconut,1,None,None,Medium,79,32,20,18.0,4.0,2.77,235.45,4.8,31383,High,No,No,Yes,No,Yes,No,Blueberry Muffin,Morning,Nutty,Cold,Global
SB01816,Mango Frappuccino,Frappuccino,Venti,Cold,"A handcrafted Mango Frappuccino prepared with premium Starbucks-style coffee or tea, skim milk, hazelnut syrup and carefully balanced flavors.",Almond,4,Classic,None,Medium,179,56,24,7.3,8.0,5.42,460.7,3.9,32659,High,Yes,Yes,Yes,No,Yes,No,Cheesecake,Afternoon,Nutty,Cold,Japan
SB01817,Vanilla Frappuccino,Frappuccino,Tall,Cold,"A handcrafted Vanilla Frappuccino prepared with premium Starbucks-style coffee or tea, coconut milk, classic syrup and carefully balanced flavors.",Skim,0,Caramel,None,Medium,234,571,66,0.4,9.9,7.35,624.75,4.4,20233,Medium,Yes,No,Yes,Yes,Yes,Yes,Sandwich,Morning,Chocolatey,Cold,USA
SB01818,Mocha Cappuccino,Cappuccino,Grande,Cold,"A handcrafted Mocha Cappuccino prepared with premium Starbucks-style coffee or tea, almond milk, vanilla syrup and carefully balanced flavors.",Whole,1,Classic,Caramel Drizzle,Low,133,62,43,12.3,5.4,6.0,510.0,3.8,29914,High,No,Yes,Yes,No,Yes,No,Blueberry Muffin,Afternoon,Fruity,Cold,Japan
SB01819,Chai Mocha,Mocha,Venti,Hot,"A handcrafted Chai Mocha prepared with premium Starbucks-style coffee or tea, coconut milk, caramel syrup and carefully balanced flavors.",Skim,4,Toffee Nut,Chocolate Shavings,Medium,6,535,63,10.1,14.6,4.48,380.8,3.7,21802,Medium,No,No,Yes,Yes,No,Yes,Cheesecake,Evening,Creamy,Hot,India
SB01820,Matcha Refresher,Refresher,Grande,Cold,"A handcrafted Matcha Refresher prepared with premium Starbucks-style coffee or tea, soy milk, hazelnut syrup and carefully balanced flavors.",Almond,2,Toffee Nut,None,Low,260,415,26,2.5,12.1,3.65,310.25,4.9,30005,High,Yes,No,Yes,Yes,No,No,Sandwich,Morning,Creamy,Cold,Canada
SB01821,White Mocha Macchiato,Macchiato,Grande,Cold,"A handcrafted White Mocha Macchiato prepared with premium Starbucks-style coffee or tea, coconut milk, vanilla syrup and carefully balanced flavors.",Coconut,0,None,Caramel Drizzle,Medium,261,145,64,17.0,6.2,7.23,614.55,4.5,41771,Very High,Yes,No,Yes,Yes,No,Yes,Sandwich,Afternoon,Fruity,Cold,Canada
SB01822,Caramel Cappuccino,Cappuccino,Grande,Hot,"A handcrafted Caramel Cappuccino prepared with premium Starbucks-style coffee or tea, almond milk, caramel syrup and carefully balanced flavors.",Coconut,0,Vanilla,Caramel Drizzle,High,186,633,0,19.7,7.7,4.97,422.45,3.7,9810,Low,No,Yes,Yes,Yes,No,No,Cheesecake,Afternoon,Creamy,Hot,Global
SB01823,Mango Refresher,Refresher,Grande,Cold,"A handcrafted Mango Refresher prepared with premium Starbucks-style coffee or tea, soy milk, vanilla syrup and carefully balanced flavors.",Skim,0,Hazelnut,Whipped Cream,Low,251,161,45,4.8,15.2,7.2,612.0,4.8,31712,High,No,No,Yes,No,Yes,Yes,Blueberry Muffin,Morning,Sweet,Cold,India
SB01824,Matcha Flat White,Flat White,Tall,Hot,"A handcrafted Matcha Flat White prepared with premium Starbucks-style coffee or tea, coconut milk, vanilla syrup and carefully balanced flavors.",Almond,3,None,Chocolate Shavings,High,99,74,40,12.5,27.1,5.85,497.25,4.7,2215,Low,Yes,No,Yes,No,Yes,Yes,Sandwich,Afternoon,Sweet,Hot,Japan
SB01825,Java Chip Latte,Latte,Tall,Cold,"A handcrafted Java Chip Latte prepared with premium Starbucks-style coffee or tea, almond milk, caramel syrup and carefully balanced flavors.",Soy,0,Classic,None,Low,4,301,67,8.8,6.7,3.29,279.65,3.8,22179,Medium,Yes,No,Yes,Yes,Yes,No,Blueberry Muffin,Afternoon,Chocolatey,Cold,Canada
SB01826,Caramel Americano,Americano,Venti,Hot,"A handcrafted Caramel Americano prepared with premium Starbucks-style coffee or tea, soy milk, caramel syrup and carefully balanced flavors.",Coconut,1,None,Caramel Drizzle,Low,300,596,45,10.5,3.0,3.75,318.75,4.9,41969,Very High,No,No,Yes,Yes,No,No,Sandwich,Evening,Bold,Hot,India
SB01827,Vanilla Frappuccino,Frappuccino,Tall,Cold,"A handcrafted Vanilla Frappuccino prepared with premium Starbucks-style coffee or tea, almond milk, none syrup and carefully balanced flavors.",Almond,1,Toffee Nut,Caramel Drizzle,Low,170,49,36,18.7,8.1,6.82,579.7,3.5,4215,Low,Yes,No,Yes,Yes,No,No,Cheesecake,Evening,Bold,Cold,USA
SB01828,Java Chip Tea,Tea,Grande,Hot,"A handcrafted Java Chip Tea prepared with premium Starbucks-style coffee or tea, skim milk, none syrup and carefully balanced flavors.",Whole,2,Caramel,None,Medium,25,500,1,11.4,11.5,3.7,314.5,3.6,34060,High,Yes,No,Yes,Yes,No,Yes,Croissant,Evening,Sweet,Hot,Japan
SB01829,Vanilla Cold Brew,Cold Brew,Venti,Cold,"A handcrafted Vanilla Cold Brew prepared with premium Starbucks-style coffee or tea, soy milk, caramel syrup and carefully balanced flavors.",Whole,0,Vanilla,Chocolate Shavings,Low,42,263,4,16.8,11.6,7.59,645.15,4.3,35139,High,Yes,No,Yes,No,Yes,No,Blueberry Muffin,Evening,Sweet,Cold,Canada
SB01830,Hazelnut Mocha,Mocha,Grande,Hot,"A handcrafted Hazelnut Mocha prepared with premium Starbucks-style coffee or tea, skim milk, vanilla syrup and carefully balanced flavors.",Almond,1,Classic,Chocolate Shavings,Medium,15,434,62,17.0,25.7,2.62,222.7,5.0,8976,Low,No,No,Yes,Yes,No,Yes,Croissant,Morning,Bold,Hot,USA
SB01831,White Mocha Flat White,Flat White,Tall,Hot,"A handcrafted White Mocha Flat White prepared with premium Starbucks-style coffee or tea, almond milk, classic syrup and carefully balanced flavors.",Coconut,0,None,Whipped Cream,Low,244,313,26,4.6,14.2,5.24,445.4,4.1,37660,High,No,Yes,Yes,Yes,No,Yes,Cookie,Afternoon,Chocolatey,Hot,Canada
SB01832,Chai Americano,Americano,Tall,Cold,"A handcrafted Chai Americano prepared with premium Starbucks-style coffee or tea, skim milk, vanilla syrup and carefully balanced flavors.",Skim,2,Hazelnut,Caramel Drizzle,Low,285,65,64,6.2,26.3,3.31,281.35,4.8,11013,Medium,No,No,Yes,No,Yes,No,Blueberry Muffin,Afternoon,Nutty,Cold,Global
SB01833,Chai Cappuccino,Cappuccino,Tall,Cold,"A handcrafted Chai Cappuccino prepared with premium Starbucks-style coffee or tea, coconut milk, classic syrup and carefully balanced flavors.",Oat,0,None,Whipped Cream,Medium,25,268,62,13.2,0.6,5.4,459.0,4.8,15631,Medium,Yes,No,Yes,Yes,No,Yes,Cheesecake,Morning,Creamy,Cold,USA
SB01834,Classic Flat White,Flat White,Tall,Cold,"A handcrafted Classic Flat White prepared with premium Starbucks-style coffee or tea, coconut milk, none syrup and carefully balanced flavors.",Coconut,3,Vanilla,Whipped Cream,Medium,222,649,20,2.6,28.4,7.63,648.55,4.0,37910,High,No,Yes,Yes,No,No,No,Blueberry Muffin,Afternoon,Sweet,Cold,USA
SB01835,Vanilla Frappuccino,Frappuccino,Tall,Cold,"A handcrafted Vanilla Frappuccino prepared with premium Starbucks-style coffee or tea, oat milk, none syrup and carefully balanced flavors.",Coconut,4,Classic,Chocolate Shavings,Medium,52,329,0,15.3,26.9,3.94,334.9,3.6,18284,Medium,No,No,Yes,Yes,No,No,Cheesecake,Afternoon,Nutty,Cold,Japan
SB01836,Vanilla Refresher,Refresher,Grande,Cold,"A handcrafted Vanilla Refresher prepared with premium Starbucks-style coffee or tea, soy milk, vanilla syrup and carefully balanced flavors.",Soy,4,Caramel,None,Low,112,429,1,17.4,29.2,3.38,287.3,3.9,44343,Very High,No,No,Yes,No,No,No,Cheesecake,Afternoon,Creamy,Cold,India
SB01837,Vanilla Cappuccino,Cappuccino,Grande,Cold,"A handcrafted Vanilla Cappuccino prepared with premium Starbucks-style coffee or tea, almond milk, toffee nut syrup and carefully balanced flavors.",Skim,4,Toffee Nut,None,Medium,24,262,39,5.0,14.5,7.41,629.85,4.0,8843,Low,Yes,Yes,Yes,No,No,Yes,Sandwich,Evening,Chocolatey,Cold,Canada
SB01838,Java Chip Macchiato,Macchiato,Tall,Hot,"A handcrafted Java Chip Macchiato prepared with premium Starbucks-style coffee or tea, soy milk, none syrup and carefully balanced flavors.",Almond,4,None,Caramel Drizzle,Medium,44,39,41,13.2,0.3,7.96,676.6,4.5,34397,High,No,No,Yes,No,No,Yes,Cookie,Evening,Nutty,Hot,Japan
SB01839,Hazelnut Refresher,Refresher,Venti,Cold,"A handcrafted Hazelnut Refresher prepared with premium Starbucks-style coffee or tea, whole milk, hazelnut syrup and carefully balanced flavors.",Whole,2,Classic,Caramel Drizzle,High,215,194,55,5.0,17.9,7.1,603.5,4.7,41891,Very High,No,Yes,Yes,Yes,No,Yes,Cheesecake,Evening,Creamy,Cold,India
SB01840,Mocha Cold Brew,Cold Brew,Grande,Cold,"A handcrafted Mocha Cold Brew prepared with premium Starbucks-style coffee or tea, almond milk, vanilla syrup and carefully balanced flavors.",Coconut,1,Hazelnut,Caramel Drizzle,Medium,286,299,48,9.7,29.6,8.29,704.65,3.6,32924,High,Yes,Yes,Yes,No,Yes,No,Blueberry Muffin,Morning,Creamy,Cold,UK
SB01841,Hazelnut Refresher,Refresher,Tall,Cold,"A handcrafted Hazelnut Refresher prepared with premium Starbucks-style coffee or tea, coconut milk, toffee nut syrup and carefully balanced flavors.",Soy,1,Caramel,Caramel Drizzle,Medium,96,483,20,2.7,23.2,3.81,323.85,4.7,10391,Medium,No,Yes,Yes,Yes,Yes,Yes,Cookie,Afternoon,Creamy,Cold,UK
SB01842,Matcha Americano,Americano,Grande,Cold,"A handcrafted Matcha Americano prepared with premium Starbucks-style coffee or tea, almond milk, toffee nut syrup and carefully balanced flavors.",Whole,2,Caramel,Chocolate Shavings,High,125,144,66,16.2,8.6,8.23,699.55,3.8,35810,High,Yes,No,Yes,No,Yes,No,Croissant,Afternoon,Bold,Cold,Global
SB01843,Mocha Americano,Americano,Grande,Cold,"A handcrafted Mocha Americano prepared with premium Starbucks-style coffee or tea, whole milk, classic syrup and carefully balanced flavors.",Oat,0,Toffee Nut,Whipped Cream,High,21,210,22,12.2,3.3,5.96,506.6,4.7,45069,Very High,No,Yes,Yes,Yes,No,Yes,Cookie,Morning,Chocolatey,Cold,Global
SB01844,Strawberry Latte,Latte,Grande,Hot,"A handcrafted Strawberry Latte prepared with premium Starbucks-style coffee or tea, oat milk, classic syrup and carefully balanced flavors.",Almond,3,Toffee Nut,Whipped Cream,High,275,329,47,16.5,20.1,7.7,654.5,4.3,16381,Medium,Yes,No,Yes,Yes,Yes,No,Cheesecake,Evening,Chocolatey,Hot,Canada
SB01845,Strawberry Cold Brew,Cold Brew,Tall,Cold,"A handcrafted Strawberry Cold Brew prepared with premium Starbucks-style coffee or tea, whole milk, hazelnut syrup and carefully balanced flavors.",Soy,3,Caramel,None,Medium,130,532,39,0.0,8.6,7.96,676.6,4.7,36235,High,No,No,Yes,Yes,Yes,Yes,Blueberry Muffin,Evening,Chocolatey,Cold,Canada
SB01846,Mango Cappuccino,Cappuccino,Venti,Hot,"A handcrafted Mango Cappuccino prepared with premium Starbucks-style coffee or tea, whole milk, toffee nut syrup and carefully balanced flavors.",Skim,0,Vanilla,Chocolate Shavings,Low,292,410,52,2.3,8.7,2.96,251.6,4.3,10601,Medium,No,No,Yes,Yes,No,Yes,Blueberry Muffin,Morning,Chocolatey,Hot,Global
SB01847,Java Chip Macchiato,Macchiato,Grande,Hot,"A handcrafted Java Chip Macchiato prepared with premium Starbucks-style coffee or tea, whole milk, caramel syrup and carefully balanced flavors.",Skim,1,Vanilla,None,Medium,90,531,62,4.7,21.7,3.58,304.3,3.9,49934,Very High,Yes,Yes,Yes,No,Yes,No,Blueberry Muffin,Evening,Fruity,Hot,UK
SB01848,Chai Espresso,Espresso,Tall,Hot,"A handcrafted Chai Espresso prepared with premium Starbucks-style coffee or tea, whole milk, vanilla syrup and carefully balanced flavors.",Skim,1,Classic,Whipped Cream,Medium,294,580,59,19.3,23.5,2.56,217.6,4.5,8819,Low,Yes,Yes,Yes,No,No,No,Cheesecake,Evening,Fruity,Hot,USA
SB01849,Strawberry Flat White,Flat White,Grande,Hot,"A handcrafted Strawberry Flat White prepared with premium Starbucks-style coffee or tea, soy milk, caramel syrup and carefully balanced flavors.",Skim,2,Classic,Chocolate Shavings,High,252,340,22,15.1,25.0,6.15,522.75,3.6,16420,Medium,No,No,Yes,Yes,Yes,No,Blueberry Muffin,Morning,Bold,Hot,India
SB01850,Classic Americano,Americano,Venti,Cold,"A handcrafted Classic Americano prepared with premium Starbucks-style coffee or tea, oat milk, classic syrup and carefully balanced flavors.",Oat,3,None,Chocolate Shavings,Medium,142,246,37,1.0,9.5,7.07,600.95,4.4,41760,Very High,Yes,Yes,Yes,Yes,No,No,Croissant,Morning,Creamy,Cold,India
SB01851,Vanilla Mocha,Mocha,Grande,Hot,"A handcrafted Vanilla Mocha prepared with premium Starbucks-style coffee or tea, coconut milk, hazelnut syrup and carefully balanced flavors.",Skim,2,Caramel,Whipped Cream,Low,72,430,64,0.9,24.3,5.57,473.45,3.5,9892,Low,Yes,Yes,Yes,Yes,No,No,Blueberry Muffin,Afternoon,Chocolatey,Hot,Japan
SB01852,Java Chip Mocha,Mocha,Tall,Cold,"A handcrafted Java Chip Mocha prepared with premium Starbucks-style coffee or tea, coconut milk, hazelnut syrup and carefully balanced flavors.",Soy,2,Toffee Nut,Chocolate Shavings,Low,163,539,53,11.2,17.1,4.76,404.6,4.2,14696,Medium,Yes,No,Yes,No,Yes,No,Cheesecake,Afternoon,Nutty,Cold,India
SB01853,Mango Cappuccino,Cappuccino,Venti,Cold,"A handcrafted Mango Cappuccino prepared with premium Starbucks-style coffee or tea, skim milk, caramel syrup and carefully balanced flavors.",Oat,2,Hazelnut,Caramel Drizzle,Low,52,144,22,8.7,7.0,3.37,286.45,3.6,43399,Very High,No,No,Yes,Yes,Yes,No,Cheesecake,Morning,Chocolatey,Cold,Global
SB01854,Hazelnut Latte,Latte,Tall,Cold,"A handcrafted Hazelnut Latte prepared with premium Starbucks-style coffee or tea, oat milk, classic syrup and carefully balanced flavors.",Soy,2,None,None,High,252,151,12,14.1,14.2,4.77,405.45,4.5,34480,High,Yes,Yes,Yes,Yes,No,No,Cheesecake,Morning,Chocolatey,Cold,UK
SB01855,Chai Mocha,Mocha,Tall,Cold,"A handcrafted Chai Mocha prepared with premium Starbucks-style coffee or tea, whole milk, vanilla syrup and carefully balanced flavors.",Coconut,2,Classic,Chocolate Shavings,High,271,635,19,14.6,27.0,2.77,235.45,4.6,1202,Low,Yes,Yes,Yes,Yes,Yes,No,Sandwich,Morning,Bold,Cold,Canada
SB01856,Classic Refresher,Refresher,Grande,Cold,"A handcrafted Classic Refresher prepared with premium Starbucks-style coffee or tea, coconut milk, caramel syrup and carefully balanced flavors.",Almond,4,Classic,Caramel Drizzle,High,60,386,64,8.0,19.1,7.72,656.2,4.6,30973,High,No,Yes,Yes,No,No,Yes,Sandwich,Evening,Fruity,Cold,Global
SB01857,Caramel Tea,Tea,Venti,Cold,"A handcrafted Caramel Tea prepared with premium Starbucks-style coffee or tea, oat milk, none syrup and carefully balanced flavors.",Skim,0,Toffee Nut,Chocolate Shavings,High,171,287,49,8.1,10.4,3.14,266.9,3.6,2440,Low,Yes,No,Yes,Yes,Yes,No,Cheesecake,Afternoon,Nutty,Cold,UK
SB01858,Vanilla Frappuccino,Frappuccino,Venti,Cold,"A handcrafted Vanilla Frappuccino prepared with premium Starbucks-style coffee or tea, coconut milk, classic syrup and carefully balanced flavors.",Almond,4,Classic,None,Low,249,505,38,1.4,18.0,8.01,680.85,4.2,4875,Low,No,Yes,Yes,No,Yes,No,Cookie,Afternoon,Nutty,Cold,UK
SB01859,Mango Cold Brew,Cold Brew,Grande,Cold,"A handcrafted Mango Cold Brew prepared with premium Starbucks-style coffee or tea, skim milk, toffee nut syrup and carefully balanced flavors.",Soy,4,Vanilla,Whipped Cream,Medium,94,214,42,11.7,19.3,2.91,247.35,4.6,29577,High,Yes,No,Yes,Yes,Yes,No,Croissant,Evening,Creamy,Cold,UK
SB01860,Vanilla Tea,Tea,Grande,Cold,"A handcrafted Vanilla Tea prepared with premium Starbucks-style coffee or tea, skim milk, hazelnut syrup and carefully balanced flavors.",Skim,2,Hazelnut,Whipped Cream,Low,213,360,17,5.2,10.2,4.13,351.05,4.6,35030,High,No,Yes,Yes,No,Yes,No,Blueberry Muffin,Evening,Chocolatey,Cold,UK
SB01861,Vanilla Latte,Latte,Venti,Hot,"A handcrafted Vanilla Latte prepared with premium Starbucks-style coffee or tea, almond milk, toffee nut syrup and carefully balanced flavors.",Coconut,3,Hazelnut,Whipped Cream,High,218,23,30,15.9,16.1,8.18,695.3,4.8,2670,Low,No,No,Yes,No,Yes,No,Croissant,Afternoon,Sweet,Hot,Japan
SB01862,Chai Cappuccino,Cappuccino,Grande,Cold,"A handcrafted Chai Cappuccino prepared with premium Starbucks-style coffee or tea, skim milk, vanilla syrup and carefully balanced flavors.",Skim,0,Hazelnut,None,Medium,138,521,38,2.7,5.4,6.29,534.65,3.5,19416,Medium,Yes,Yes,Yes,Yes,No,Yes,Cheesecake,Afternoon,Bold,Cold,Global
SB01863,Strawberry Macchiato,Macchiato,Tall,Cold,"A handcrafted Strawberry Macchiato prepared with premium Starbucks-style coffee or tea, almond milk, vanilla syrup and carefully balanced flavors.",Skim,0,Caramel,Whipped Cream,Medium,260,518,56,8.9,16.9,6.26,532.1,3.5,39688,High,No,No,Yes,Yes,No,No,Croissant,Afternoon,Chocolatey,Cold,India
SB01864,Chai Espresso,Espresso,Venti,Cold,"A handcrafted Chai Espresso prepared with premium Starbucks-style coffee or tea, whole milk, caramel syrup and carefully balanced flavors.",Soy,3,None,Caramel Drizzle,Low,91,477,18,19.8,4.6,5.1,433.5,4.2,41741,Very High,No,Yes,Yes,Yes,Yes,Yes,Blueberry Muffin,Morning,Sweet,Cold,Japan
SB01865,Mango Refresher,Refresher,Grande,Cold,"A handcrafted Mango Refresher prepared with premium Starbucks-style coffee or tea, oat milk, hazelnut syrup and carefully balanced flavors.",Soy,3,Hazelnut,Caramel Drizzle,Low,79,56,28,13.5,10.9,7.68,652.8,4.6,5257,Low,Yes,No,Yes,No,No,No,Cookie,Morning,Bold,Cold,UK
SB01866,Mango Cold Brew,Cold Brew,Grande,Cold,"A handcrafted Mango Cold Brew prepared with premium Starbucks-style coffee or tea, skim milk, vanilla syrup and carefully balanced flavors.",Soy,1,Classic,Whipped Cream,Medium,76,601,39,10.1,0.4,7.86,668.1,3.9,43582,Very High,No,Yes,Yes,Yes,No,No,Blueberry Muffin,Morning,Bold,Cold,Japan
SB01867,Caramel Cold Brew,Cold Brew,Grande,Cold,"A handcrafted Caramel Cold Brew prepared with premium Starbucks-style coffee or tea, soy milk, none syrup and carefully balanced flavors.",Almond,2,None,Whipped Cream,Low,170,384,2,13.0,29.4,5.76,489.6,4.3,45590,Very High,No,No,Yes,No,Yes,No,Croissant,Evening,Creamy,Cold,Japan
SB01868,White Mocha Cappuccino,Cappuccino,Tall,Hot,"A handcrafted White Mocha Cappuccino prepared with premium Starbucks-style coffee or tea, soy milk, none syrup and carefully balanced flavors.",Skim,1,Hazelnut,Chocolate Shavings,Medium,119,358,51,10.7,27.3,2.88,244.8,4.2,15203,Medium,No,No,Yes,Yes,No,Yes,Blueberry Muffin,Morning,Bold,Hot,Japan
SB01869,Mocha Mocha,Mocha,Tall,Hot,"A handcrafted Mocha Mocha prepared with premium Starbucks-style coffee or tea, whole milk, hazelnut syrup and carefully balanced flavors.",Soy,3,None,Chocolate Shavings,High,247,526,69,17.4,2.9,4.48,380.8,4.6,24408,Medium,No,Yes,Yes,Yes,Yes,No,Cheesecake,Afternoon,Creamy,Hot,India
SB01870,Mocha Cappuccino,Cappuccino,Venti,Hot,"A handcrafted Mocha Cappuccino prepared with premium Starbucks-style coffee or tea, coconut milk, caramel syrup and carefully balanced flavors.",Oat,2,Caramel,Whipped Cream,Low,123,624,20,5.7,14.1,4.47,379.95,4.0,45091,Very High,Yes,No,Yes,Yes,Yes,No,Cookie,Afternoon,Fruity,Hot,UK
SB01871,Strawberry Flat White,Flat White,Venti,Cold,"A handcrafted Strawberry Flat White prepared with premium Starbucks-style coffee or tea, oat milk, hazelnut syrup and carefully balanced flavors.",Soy,4,Hazelnut,None,Low,72,265,2,8.9,16.4,8.33,708.05,3.6,2671,Low,Yes,Yes,Yes,Yes,No,No,Cookie,Morning,Creamy,Cold,India
SB01872,Hazelnut Cold Brew,Cold Brew,Venti,Cold,"A handcrafted Hazelnut Cold Brew prepared with premium Starbucks-style coffee or tea, coconut milk, hazelnut syrup and carefully balanced flavors.",Skim,2,Vanilla,Chocolate Shavings,Medium,283,291,25,3.5,11.8,5.66,481.1,4.5,4749,Low,No,Yes,Yes,Yes,No,Yes,Blueberry Muffin,Morning,Sweet,Cold,Canada
SB01873,Caramel Cold Brew,Cold Brew,Tall,Cold,"A handcrafted Caramel Cold Brew prepared with premium Starbucks-style coffee or tea, whole milk, hazelnut syrup and carefully balanced flavors.",Oat,3,Toffee Nut,None,High,72,231,52,11.0,1.8,6.5,552.5,3.5,48809,Very High,No,No,Yes,No,Yes,Yes,Blueberry Muffin,Evening,Chocolatey,Cold,Canada
SB01874,Java Chip Espresso,Espresso,Grande,Hot,"A handcrafted Java Chip Espresso prepared with premium Starbucks-style coffee or tea, coconut milk, vanilla syrup and carefully balanced flavors.",Skim,0,Toffee Nut,Whipped Cream,Low,299,49,5,17.1,22.6,3.98,338.3,4.4,28265,High,No,Yes,Yes,No,Yes,No,Cheesecake,Morning,Nutty,Hot,India
SB01875,Caramel Espresso,Espresso,Venti,Hot,"A handcrafted Caramel Espresso prepared with premium Starbucks-style coffee or tea, almond milk, vanilla syrup and carefully balanced flavors.",Coconut,0,Hazelnut,None,High,169,317,31,15.3,13.4,6.89,585.65,4.7,38317,High,No,No,Yes,Yes,No,Yes,Cheesecake,Afternoon,Bold,Hot,USA
SB01876,Strawberry Flat White,Flat White,Tall,Cold,"A handcrafted Strawberry Flat White prepared with premium Starbucks-style coffee or tea, oat milk, none syrup and carefully balanced flavors.",Whole,2,Hazelnut,Chocolate Shavings,High,261,510,10,15.6,0.9,3.51,298.35,4.1,42989,Very High,No,No,Yes,Yes,Yes,No,Croissant,Evening,Chocolatey,Cold,Canada
SB01877,Mango Cold Brew,Cold Brew,Tall,Cold,"A handcrafted Mango Cold Brew prepared with premium Starbucks-style coffee or tea, whole milk, vanilla syrup and carefully balanced flavors.",Whole,4,Hazelnut,Chocolate Shavings,High,90,177,1,0.3,16.5,4.73,402.05,4.2,45954,Very High,Yes,Yes,Yes,Yes,Yes,Yes,Cookie,Afternoon,Fruity,Cold,Canada
SB01878,Java Chip Mocha,Mocha,Venti,Cold,"A handcrafted Java Chip Mocha prepared with premium Starbucks-style coffee or tea, soy milk, none syrup and carefully balanced flavors.",Soy,4,Caramel,Chocolate Shavings,Low,114,616,64,2.1,8.5,4.74,402.9,3.7,32677,High,Yes,Yes,Yes,Yes,Yes,Yes,Cheesecake,Evening,Chocolatey,Cold,Global
SB01879,Caramel Macchiato,Macchiato,Tall,Hot,"A handcrafted Caramel Macchiato prepared with premium Starbucks-style coffee or tea, whole milk, none syrup and carefully balanced flavors.",Skim,4,Classic,Caramel Drizzle,Medium,161,351,37,1.0,19.9,3.89,330.65,3.6,45246,Very High,No,No,Yes,Yes,Yes,No,Cookie,Afternoon,Creamy,Hot,USA
SB01880,Matcha Espresso,Espresso,Grande,Cold,"A handcrafted Matcha Espresso prepared with premium Starbucks-style coffee or tea, coconut milk, toffee nut syrup and carefully balanced flavors.",Skim,0,Vanilla,None,Low,247,583,19,14.5,21.7,8.44,717.4,3.8,46433,Very High,Yes,No,Yes,Yes,No,No,Cheesecake,Morning,Bold,Cold,India
SB01881,Chai Cold Brew,Cold Brew,Grande,Cold,"A handcrafted Chai Cold Brew prepared with premium Starbucks-style coffee or tea, almond milk, toffee nut syrup and carefully balanced flavors.",Oat,2,Classic,Caramel Drizzle,Low,46,476,12,4.3,10.4,2.61,221.85,3.9,41960,Very High,Yes,Yes,Yes,No,Yes,No,Cookie,Morning,Creamy,Cold,India
SB01882,Strawberry Americano,Americano,Venti,Hot,"A handcrafted Strawberry Americano prepared with premium Starbucks-style coffee or tea, oat milk, none syrup and carefully balanced flavors.",Soy,2,None,Caramel Drizzle,Medium,167,571,37,11.7,20.3,6.57,558.45,4.0,30212,High,No,No,Yes,No,Yes,Yes,Blueberry Muffin,Afternoon,Fruity,Hot,India
SB01883,Caramel Cappuccino,Cappuccino,Tall,Hot,"A handcrafted Caramel Cappuccino prepared with premium Starbucks-style coffee or tea, oat milk, vanilla syrup and carefully balanced flavors.",Oat,3,Toffee Nut,Chocolate Shavings,High,274,98,9,6.3,3.8,4.49,381.65,4.2,44708,Very High,Yes,No,Yes,Yes,No,No,Cheesecake,Afternoon,Fruity,Hot,UK
SB01884,Mango Espresso,Espresso,Tall,Hot,"A handcrafted Mango Espresso prepared with premium Starbucks-style coffee or tea, soy milk, caramel syrup and carefully balanced flavors.",Skim,2,Vanilla,None,Medium,84,357,50,2.9,23.1,2.83,240.55,4.9,25813,High,No,No,Yes,Yes,No,No,Cookie,Afternoon,Nutty,Hot,Canada
SB01885,Hazelnut Cold Brew,Cold Brew,Tall,Cold,"A handcrafted Hazelnut Cold Brew prepared with premium Starbucks-style coffee or tea, almond milk, hazelnut syrup and carefully balanced flavors.",Oat,1,Toffee Nut,Chocolate Shavings,Medium,259,519,31,17.9,21.2,7.23,614.55,3.5,3754,Low,No,Yes,Yes,Yes,No,Yes,Cheesecake,Morning,Chocolatey,Cold,UK
SB01886,White Mocha Latte,Latte,Venti,Cold,"A handcrafted White Mocha Latte prepared with premium Starbucks-style coffee or tea, oat milk, classic syrup and carefully balanced flavors.",Almond,4,Caramel,None,Medium,71,558,34,6.1,27.6,8.33,708.05,3.6,32444,High,No,No,Yes,Yes,Yes,No,Blueberry Muffin,Morning,Creamy,Cold,Global
SB01887,Strawberry Refresher,Refresher,Venti,Cold,"A handcrafted Strawberry Refresher prepared with premium Starbucks-style coffee or tea, oat milk, classic syrup and carefully balanced flavors.",Almond,0,Hazelnut,Whipped Cream,Low,155,254,68,2.0,19.2,3.22,273.7,3.5,30838,High,Yes,Yes,Yes,No,Yes,No,Cookie,Evening,Bold,Cold,UK
SB01888,Classic Refresher,Refresher,Grande,Cold,"A handcrafted Classic Refresher prepared with premium Starbucks-style coffee or tea, whole milk, classic syrup and carefully balanced flavors.",Whole,4,Hazelnut,None,Low,52,226,38,8.0,13.9,3.37,286.45,4.6,37110,High,No,Yes,Yes,No,Yes,No,Croissant,Evening,Bold,Cold,India
SB01889,Chai Americano,Americano,Tall,Cold,"A handcrafted Chai Americano prepared with premium Starbucks-style coffee or tea, coconut milk, toffee nut syrup and carefully balanced flavors.",Oat,1,Toffee Nut,Caramel Drizzle,Medium,132,568,34,17.1,19.7,4.96,421.6,3.8,39480,High,No,No,Yes,No,No,No,Croissant,Evening,Sweet,Cold,UK
SB01890,Hazelnut Flat White,Flat White,Grande,Cold,"A handcrafted Hazelnut Flat White prepared with premium Starbucks-style coffee or tea, skim milk, toffee nut syrup and carefully balanced flavors.",Almond,4,Classic,Chocolate Shavings,Low,184,393,17,0.8,20.1,6.49,551.65,4.3,39678,High,No,No,Yes,Yes,Yes,Yes,Sandwich,Morning,Creamy,Cold,UK
SB01891,Mango Mocha,Mocha,Venti,Hot,"A handcrafted Mango Mocha prepared with premium Starbucks-style coffee or tea, almond milk, hazelnut syrup and carefully balanced flavors.",Oat,1,Toffee Nut,None,Medium,142,356,9,5.8,12.0,5.2,442.0,4.4,13196,Medium,No,No,Yes,Yes,No,Yes,Cookie,Morning,Creamy,Hot,Canada
SB01892,Chai Tea,Tea,Venti,Hot,"A handcrafted Chai Tea prepared with premium Starbucks-style coffee or tea, almond milk, hazelnut syrup and carefully balanced flavors.",Soy,1,Classic,Caramel Drizzle,Low,238,418,69,6.5,13.6,7.34,623.9,4.2,9512,Low,Yes,Yes,Yes,Yes,Yes,Yes,Blueberry Muffin,Evening,Creamy,Hot,Japan
SB01893,Chai Cappuccino,Cappuccino,Grande,Hot,"A handcrafted Chai Cappuccino prepared with premium Starbucks-style coffee or tea, skim milk, toffee nut syrup and carefully balanced flavors.",Whole,0,None,Caramel Drizzle,Low,293,188,22,7.0,2.2,3.38,287.3,3.6,32221,High,Yes,Yes,Yes,Yes,Yes,Yes,Cookie,Evening,Nutty,Hot,USA
SB01894,Hazelnut Espresso,Espresso,Tall,Cold,"A handcrafted Hazelnut Espresso prepared with premium Starbucks-style coffee or tea, almond milk, vanilla syrup and carefully balanced flavors.",Coconut,3,Vanilla,Chocolate Shavings,High,290,389,8,2.8,10.5,4.64,394.4,4.0,44109,Very High,Yes,Yes,Yes,Yes,Yes,Yes,Blueberry Muffin,Morning,Creamy,Cold,USA
SB01895,Chai Cold Brew,Cold Brew,Grande,Cold,"A handcrafted Chai Cold Brew prepared with premium Starbucks-style coffee or tea, whole milk, none syrup and carefully balanced flavors.",Almond,1,Caramel,Caramel Drizzle,Medium,97,411,63,5.9,7.8,7.69,653.65,4.3,31327,High,No,Yes,Yes,Yes,No,Yes,Sandwich,Morning,Fruity,Cold,Japan
SB01896,Matcha Espresso,Espresso,Tall,Cold,"A handcrafted Matcha Espresso prepared with premium Starbucks-style coffee or tea, almond milk, vanilla syrup and carefully balanced flavors.",Skim,4,None,Whipped Cream,Low,199,147,65,10.3,1.2,8.12,690.2,4.0,778,Low,Yes,Yes,Yes,Yes,No,Yes,Sandwich,Morning,Sweet,Cold,India
SB01897,Hazelnut Tea,Tea,Tall,Hot,"A handcrafted Hazelnut Tea prepared with premium Starbucks-style coffee or tea, almond milk, classic syrup and carefully balanced flavors.",Skim,2,None,Whipped Cream,Low,84,416,37,11.8,29.5,8.23,699.55,3.5,24334,Medium,No,Yes,Yes,Yes,No,No,Cookie,Evening,Creamy,Hot,UK
SB01898,Strawberry Refresher,Refresher,Grande,Cold,"A handcrafted Strawberry Refresher prepared with premium Starbucks-style coffee or tea, whole milk, classic syrup and carefully balanced flavors.",Skim,0,Hazelnut,Chocolate Shavings,Low,54,309,31,12.0,24.8,6.29,534.65,4.7,33456,High,Yes,No,Yes,Yes,Yes,Yes,Croissant,Afternoon,Chocolatey,Cold,India
SB01899,White Mocha Macchiato,Macchiato,Tall,Cold,"A handcrafted White Mocha Macchiato prepared with premium Starbucks-style coffee or tea, whole milk, hazelnut syrup and carefully balanced flavors.",Oat,2,Toffee Nut,None,Low,110,169,68,2.3,12.2,7.49,636.65,4.4,23446,Medium,No,Yes,Yes,No,No,Yes,Cookie,Morning,Chocolatey,Cold,Japan
SB01900,Hazelnut Cold Brew,Cold Brew,Venti,Cold,"A handcrafted Hazelnut Cold Brew prepared with premium Starbucks-style coffee or tea, whole milk, caramel syrup and carefully balanced flavors.",Whole,0,Classic,Chocolate Shavings,Low,161,539,8,8.4,17.5,4.21,357.85,3.7,29822,High,No,Yes,Yes,No,No,No,Blueberry Muffin,Evening,Chocolatey,Cold,India
SB01901,Mocha Cappuccino,Cappuccino,Venti,Hot,"A handcrafted Mocha Cappuccino prepared with premium Starbucks-style coffee or tea, coconut milk, toffee nut syrup and carefully balanced flavors.",Skim,3,Hazelnut,Chocolate Shavings,Medium,246,442,46,16.8,18.4,3.54,300.9,3.5,43448,Very High,Yes,No,Yes,Yes,No,Yes,Cheesecake,Morning,Nutty,Hot,UK
SB01902,Mango Macchiato,Macchiato,Grande,Cold,"A handcrafted Mango Macchiato prepared with premium Starbucks-style coffee or tea, oat milk, toffee nut syrup and carefully balanced flavors.",Oat,4,Toffee Nut,Caramel Drizzle,Medium,4,313,12,17.9,5.4,3.46,294.1,3.8,4798,Low,Yes,No,Yes,No,No,No,Croissant,Afternoon,Sweet,Cold,Japan
SB01903,Chai Mocha,Mocha,Tall,Hot,"A handcrafted Chai Mocha prepared with premium Starbucks-style coffee or tea, oat milk, hazelnut syrup and carefully balanced flavors.",Oat,1,Toffee Nut,Chocolate Shavings,Medium,215,206,11,17.7,6.9,3.04,258.4,4.6,41538,Very High,Yes,No,Yes,No,No,Yes,Blueberry Muffin,Morning,Nutty,Hot,Global
SB01904,Chai Mocha,Mocha,Grande,Cold,"A handcrafted Chai Mocha prepared with premium Starbucks-style coffee or tea, whole milk, classic syrup and carefully balanced flavors.",Skim,3,None,Whipped Cream,High,111,576,18,7.7,1.1,2.7,229.5,3.7,49621,Very High,Yes,Yes,Yes,Yes,No,No,Blueberry Muffin,Afternoon,Fruity,Cold,Canada
SB01905,Hazelnut Cold Brew,Cold Brew,Grande,Cold,"A handcrafted Hazelnut Cold Brew prepared with premium Starbucks-style coffee or tea, almond milk, vanilla syrup and carefully balanced flavors.",Almond,3,Toffee Nut,Whipped Cream,Medium,262,182,16,16.7,22.5,8.35,709.75,4.3,32862,High,Yes,Yes,Yes,Yes,Yes,Yes,Sandwich,Morning,Nutty,Cold,India
SB01906,Vanilla Refresher,Refresher,Venti,Cold,"A handcrafted Vanilla Refresher prepared with premium Starbucks-style coffee or tea, skim milk, vanilla syrup and carefully balanced flavors.",Skim,1,None,Chocolate Shavings,Medium,291,646,5,8.0,6.3,6.54,555.9,3.6,5061,Low,No,Yes,Yes,Yes,No,Yes,Croissant,Evening,Sweet,Cold,Canada
SB01907,Classic Latte,Latte,Tall,Hot,"A handcrafted Classic Latte prepared with premium Starbucks-style coffee or tea, soy milk, caramel syrup and carefully balanced flavors.",Soy,1,Vanilla,Chocolate Shavings,High,84,275,39,17.4,28.0,3.96,336.6,4.0,48280,Very High,Yes,No,Yes,Yes,No,Yes,Sandwich,Morning,Chocolatey,Hot,Global
SB01908,Vanilla Macchiato,Macchiato,Venti,Cold,"A handcrafted Vanilla Macchiato prepared with premium Starbucks-style coffee or tea, coconut milk, toffee nut syrup and carefully balanced flavors.",Coconut,1,Hazelnut,Chocolate Shavings,Medium,14,421,32,7.3,5.6,2.75,233.75,4.6,33272,High,No,No,Yes,No,Yes,No,Croissant,Morning,Sweet,Cold,USA
SB01909,Hazelnut Tea,Tea,Venti,Hot,"A handcrafted Hazelnut Tea prepared with premium Starbucks-style coffee or tea, soy milk, none syrup and carefully balanced flavors.",Oat,4,Vanilla,Caramel Drizzle,Medium,37,208,23,13.8,9.9,3.82,324.7,3.6,15896,Medium,No,Yes,Yes,Yes,No,No,Sandwich,Evening,Fruity,Hot,Canada
SB01910,Mango Flat White,Flat White,Venti,Hot,"A handcrafted Mango Flat White prepared with premium Starbucks-style coffee or tea, oat milk, hazelnut syrup and carefully balanced flavors.",Whole,4,Caramel,Whipped Cream,High,104,477,32,6.3,23.4,3.28,278.8,4.7,8836,Low,No,No,Yes,No,Yes,No,Croissant,Afternoon,Nutty,Hot,Global
SB01911,Strawberry Refresher,Refresher,Venti,Cold,"A handcrafted Strawberry Refresher prepared with premium Starbucks-style coffee or tea, whole milk, caramel syrup and carefully balanced flavors.",Soy,2,Hazelnut,Caramel Drizzle,High,250,438,42,6.8,8.1,4.48,380.8,4.9,5312,Low,Yes,No,Yes,No,Yes,No,Sandwich,Afternoon,Creamy,Cold,Japan
SB01912,Strawberry Flat White,Flat White,Grande,Cold,"A handcrafted Strawberry Flat White prepared with premium Starbucks-style coffee or tea, soy milk, caramel syrup and carefully balanced flavors.",Almond,1,Hazelnut,Chocolate Shavings,High,72,187,14,6.1,25.2,5.34,453.9,4.0,14783,Medium,Yes,Yes,Yes,Yes,No,Yes,Cheesecake,Evening,Nutty,Cold,UK
SB01913,Hazelnut Cold Brew,Cold Brew,Venti,Cold,"A handcrafted Hazelnut Cold Brew prepared with premium Starbucks-style coffee or tea, soy milk, toffee nut syrup and carefully balanced flavors.",Soy,1,None,Chocolate Shavings,Medium,64,200,65,0.5,27.0,5.63,478.55,3.6,44738,Very High,Yes,Yes,Yes,No,No,No,Cookie,Morning,Creamy,Cold,Canada
SB01914,Hazelnut Refresher,Refresher,Tall,Cold,"A handcrafted Hazelnut Refresher prepared with premium Starbucks-style coffee or tea, almond milk, none syrup and carefully balanced flavors.",Almond,0,None,None,Medium,199,507,5,12.7,23.4,4.51,383.35,4.9,1317,Low,No,No,Yes,Yes,No,Yes,Cheesecake,Afternoon,Nutty,Cold,UK
SB01915,Chai Frappuccino,Frappuccino,Venti,Cold,"A handcrafted Chai Frappuccino prepared with premium Starbucks-style coffee or tea, whole milk, toffee nut syrup and carefully balanced flavors.",Soy,4,Toffee Nut,Chocolate Shavings,High,74,156,52,2.1,5.1,6.61,561.85,4.7,4077,Low,Yes,No,Yes,Yes,No,Yes,Croissant,Evening,Nutty,Cold,Canada
SB01916,Chai Tea,Tea,Venti,Hot,"A handcrafted Chai Tea prepared with premium Starbucks-style coffee or tea, coconut milk, toffee nut syrup and carefully balanced flavors.",Skim,1,Hazelnut,Caramel Drizzle,Medium,193,35,46,9.2,16.1,5.56,472.6,4.4,21625,Medium,Yes,Yes,Yes,No,Yes,No,Cookie,Afternoon,Nutty,Hot,Global
SB01917,Vanilla Espresso,Espresso,Grande,Cold,"A handcrafted Vanilla Espresso prepared with premium Starbucks-style coffee or tea, skim milk, toffee nut syrup and carefully balanced flavors.",Coconut,1,None,Caramel Drizzle,Medium,276,107,37,11.3,7.3,5.1,433.5,4.5,20904,Medium,No,No,Yes,No,Yes,Yes,Cheesecake,Evening,Bold,Cold,Canada
SB01918,Java Chip Refresher,Refresher,Grande,Cold,"A handcrafted Java Chip Refresher prepared with premium Starbucks-style coffee or tea, skim milk, none syrup and carefully balanced flavors.",Almond,0,Vanilla,Caramel Drizzle,Medium,108,373,52,2.3,16.3,6.39,543.15,4.7,43107,Very High,Yes,No,Yes,Yes,Yes,Yes,Cheesecake,Evening,Creamy,Cold,India
SB01919,Mocha Flat White,Flat White,Grande,Cold,"A handcrafted Mocha Flat White prepared with premium Starbucks-style coffee or tea, skim milk, toffee nut syrup and carefully balanced flavors.",Whole,4,Toffee Nut,Whipped Cream,Low,212,429,3,11.8,0.4,6.29,534.65,4.9,15132,Medium,Yes,Yes,Yes,Yes,Yes,Yes,Sandwich,Morning,Sweet,Cold,USA
SB01920,Vanilla Flat White,Flat White,Venti,Hot,"A handcrafted Vanilla Flat White prepared with premium Starbucks-style coffee or tea, coconut milk, toffee nut syrup and carefully balanced flavors.",Soy,4,Classic,Chocolate Shavings,Medium,115,510,2,5.2,23.5,8.29,704.65,4.1,32951,High,Yes,No,Yes,Yes,No,No,Blueberry Muffin,Morning,Bold,Hot,USA
SB01921,Chai Macchiato,Macchiato,Tall,Hot,"A handcrafted Chai Macchiato prepared with premium Starbucks-style coffee or tea, coconut milk, hazelnut syrup and carefully balanced flavors.",Whole,1,Caramel,Caramel Drizzle,Medium,176,94,3,1.3,26.1,6.97,592.45,3.6,33564,High,No,No,Yes,No,Yes,Yes,Cookie,Morning,Creamy,Hot,Global
SB01922,Mocha Macchiato,Macchiato,Grande,Hot,"A handcrafted Mocha Macchiato prepared with premium Starbucks-style coffee or tea, skim milk, classic syrup and carefully balanced flavors.",Whole,3,Caramel,Caramel Drizzle,High,148,49,14,3.6,9.4,4.13,351.05,3.9,23176,Medium,No,No,Yes,Yes,No,Yes,Cookie,Afternoon,Fruity,Hot,UK
SB01923,Strawberry Tea,Tea,Venti,Cold,"A handcrafted Strawberry Tea prepared with premium Starbucks-style coffee or tea, almond milk, classic syrup and carefully balanced flavors.",Skim,3,Hazelnut,None,Low,11,531,27,19.1,23.4,5.14,436.9,3.6,36791,High,No,Yes,Yes,No,Yes,Yes,Sandwich,Evening,Creamy,Cold,USA
SB01924,Java Chip Latte,Latte,Venti,Cold,"A handcrafted Java Chip Latte prepared with premium Starbucks-style coffee or tea, skim milk, caramel syrup and carefully balanced flavors.",Skim,2,Toffee Nut,Whipped Cream,Medium,26,261,58,11.7,27.1,4.43,376.55,4.2,20178,Medium,Yes,Yes,Yes,Yes,No,Yes,Croissant,Morning,Fruity,Cold,Japan
SB01925,Classic Espresso,Espresso,Grande,Hot,"A handcrafted Classic Espresso prepared with premium Starbucks-style coffee or tea, coconut milk, hazelnut syrup and carefully balanced flavors.",Whole,3,Hazelnut,Whipped Cream,High,139,254,60,9.5,6.1,2.6,221.0,4.4,1845,Low,No,Yes,Yes,No,No,Yes,Croissant,Morning,Bold,Hot,India
SB01926,Classic Flat White,Flat White,Grande,Hot,"A handcrafted Classic Flat White prepared with premium Starbucks-style coffee or tea, almond milk, none syrup and carefully balanced flavors.",Almond,2,Hazelnut,Whipped Cream,High,218,58,21,5.8,10.4,3.82,324.7,4.7,17357,Medium,No,No,Yes,Yes,Yes,No,Blueberry Muffin,Morning,Nutty,Hot,India
SB01927,Vanilla Tea,Tea,Grande,Hot,"A handcrafted Vanilla Tea prepared with premium Starbucks-style coffee or tea, skim milk, none syrup and carefully balanced flavors.",Almond,3,Caramel,None,Medium,265,326,64,13.7,15.0,7.47,634.95,4.6,41250,Very High,Yes,Yes,Yes,No,No,Yes,Cheesecake,Evening,Bold,Hot,Global
SB01928,Chai Refresher,Refresher,Venti,Cold,"A handcrafted Chai Refresher prepared with premium Starbucks-style coffee or tea, soy milk, caramel syrup and carefully balanced flavors.",Oat,3,Vanilla,None,Medium,206,259,5,11.1,22.2,3.65,310.25,4.7,46385,Very High,Yes,Yes,Yes,No,Yes,Yes,Cheesecake,Evening,Fruity,Cold,India
SB01929,Caramel Tea,Tea,Tall,Hot,"A handcrafted Caramel Tea prepared with premium Starbucks-style coffee or tea, coconut milk, hazelnut syrup and carefully balanced flavors.",Coconut,3,Caramel,Caramel Drizzle,Low,43,289,52,9.8,8.4,4.23,359.55,4.3,2880,Low,Yes,Yes,Yes,Yes,Yes,Yes,Cheesecake,Afternoon,Nutty,Hot,Canada
SB01930,Matcha Frappuccino,Frappuccino,Grande,Cold,"A handcrafted Matcha Frappuccino prepared with premium Starbucks-style coffee or tea, soy milk, caramel syrup and carefully balanced flavors.",Coconut,0,None,None,Medium,65,268,40,6.2,14.9,4.5,382.5,4.3,7959,Low,No,No,Yes,No,No,No,Blueberry Muffin,Evening,Bold,Cold,Japan
SB01931,Vanilla Espresso,Espresso,Grande,Hot,"A handcrafted Vanilla Espresso prepared with premium Starbucks-style coffee or tea, oat milk, caramel syrup and carefully balanced flavors.",Skim,1,Classic,Caramel Drizzle,Low,125,317,26,13.1,1.2,3.09,262.65,4.2,10455,Medium,Yes,No,Yes,Yes,No,No,Cheesecake,Evening,Creamy,Hot,UK
SB01932,Vanilla Cold Brew,Cold Brew,Tall,Cold,"A handcrafted Vanilla Cold Brew prepared with premium Starbucks-style coffee or tea, coconut milk, caramel syrup and carefully balanced flavors.",Soy,2,None,Whipped Cream,Medium,163,459,62,14.0,12.7,5.44,462.4,4.7,46212,Very High,Yes,No,Yes,Yes,Yes,No,Cheesecake,Afternoon,Chocolatey,Cold,Global
SB01933,Hazelnut Cold Brew,Cold Brew,Tall,Cold,"A handcrafted Hazelnut Cold Brew prepared with premium Starbucks-style coffee or tea, oat milk, none syrup and carefully balanced flavors.",Soy,4,Caramel,None,High,285,318,12,10.1,1.0,7.54,640.9,4.7,45204,Very High,Yes,Yes,Yes,No,Yes,Yes,Sandwich,Morning,Sweet,Cold,USA
SB01934,Strawberry Espresso,Espresso,Tall,Cold,"A handcrafted Strawberry Espresso prepared with premium Starbucks-style coffee or tea, oat milk, hazelnut syrup and carefully balanced flavors.",Oat,2,Toffee Nut,None,Medium,174,523,2,15.9,9.3,3.21,272.85,3.6,11706,Medium,Yes,Yes,Yes,Yes,No,Yes,Blueberry Muffin,Afternoon,Creamy,Cold,Global
SB01935,Classic Espresso,Espresso,Grande,Cold,"A handcrafted Classic Espresso prepared with premium Starbucks-style coffee or tea, almond milk, hazelnut syrup and carefully balanced flavors.",Almond,4,Vanilla,Chocolate Shavings,Medium,168,273,51,10.6,13.4,4.96,421.6,4.7,1615,Low,No,No,Yes,Yes,No,No,Blueberry Muffin,Afternoon,Sweet,Cold,Global
SB01936,Caramel Cappuccino,Cappuccino,Tall,Cold,"A handcrafted Caramel Cappuccino prepared with premium Starbucks-style coffee or tea, almond milk, none syrup and carefully balanced flavors.",Oat,1,None,None,Medium,3,54,49,7.9,14.2,5.45,463.25,4.9,34024,High,No,No,Yes,No,Yes,Yes,Cookie,Morning,Bold,Cold,UK
SB01937,Mango Latte,Latte,Grande,Cold,"A handcrafted Mango Latte prepared with premium Starbucks-style coffee or tea, almond milk, none syrup and carefully balanced flavors.",Soy,3,Vanilla,Caramel Drizzle,High,71,347,40,13.0,21.4,6.91,587.35,3.7,3222,Low,No,No,Yes,Yes,Yes,No,Croissant,Evening,Creamy,Cold,UK
SB01938,Vanilla Tea,Tea,Venti,Hot,"A handcrafted Vanilla Tea prepared with premium Starbucks-style coffee or tea, almond milk, none syrup and carefully balanced flavors.",Almond,2,Classic,Whipped Cream,High,179,469,42,0.5,14.8,7.91,672.35,4.1,15816,Medium,Yes,Yes,Yes,Yes,No,No,Sandwich,Evening,Nutty,Hot,Japan
SB01939,Classic Refresher,Refresher,Tall,Cold,"A handcrafted Classic Refresher prepared with premium Starbucks-style coffee or tea, oat milk, caramel syrup and carefully balanced flavors.",Soy,0,Classic,None,Low,210,409,7,13.4,18.4,5.59,475.15,4.8,23353,Medium,No,No,Yes,Yes,Yes,Yes,Cookie,Morning,Sweet,Cold,Global
SB01940,Mango Mocha,Mocha,Venti,Hot,"A handcrafted Mango Mocha prepared with premium Starbucks-style coffee or tea, whole milk, caramel syrup and carefully balanced flavors.",Almond,1,None,Caramel Drizzle,Low,228,186,30,14.1,12.8,4.76,404.6,4.9,39727,High,No,No,Yes,Yes,Yes,No,Sandwich,Morning,Bold,Hot,USA
SB01941,Chai Tea,Tea,Grande,Hot,"A handcrafted Chai Tea prepared with premium Starbucks-style coffee or tea, soy milk, hazelnut syrup and carefully balanced flavors.",Whole,3,Classic,None,Low,171,583,33,0.9,0.8,7.75,658.75,4.3,13484,Medium,Yes,Yes,Yes,Yes,No,Yes,Croissant,Morning,Creamy,Hot,India
SB01942,Strawberry Flat White,Flat White,Tall,Cold,"A handcrafted Strawberry Flat White prepared with premium Starbucks-style coffee or tea, almond milk, none syrup and carefully balanced flavors.",Oat,1,Toffee Nut,Whipped Cream,Medium,34,516,51,1.5,25.1,3.88,329.8,4.7,17274,Medium,No,Yes,Yes,No,Yes,Yes,Croissant,Morning,Fruity,Cold,Global
SB01943,Hazelnut Americano,Americano,Tall,Hot,"A handcrafted Hazelnut Americano prepared with premium Starbucks-style coffee or tea, oat milk, none syrup and carefully balanced flavors.",Almond,1,None,Caramel Drizzle,Medium,264,304,51,13.4,27.4,7.23,614.55,4.7,41937,Very High,No,No,Yes,No,No,No,Blueberry Muffin,Morning,Bold,Hot,Japan
SB01944,Matcha Cold Brew,Cold Brew,Grande,Cold,"A handcrafted Matcha Cold Brew prepared with premium Starbucks-style coffee or tea, skim milk, vanilla syrup and carefully balanced flavors.",Whole,1,Hazelnut,Whipped Cream,Medium,6,396,30,4.6,7.7,5.27,447.95,4.2,27400,High,Yes,No,Yes,Yes,No,No,Cookie,Afternoon,Creamy,Cold,India
SB01945,Vanilla Flat White,Flat White,Tall,Hot,"A handcrafted Vanilla Flat White prepared with premium Starbucks-style coffee or tea, whole milk, none syrup and carefully balanced flavors.",Whole,1,Caramel,Caramel Drizzle,High,49,406,30,18.0,11.5,6.93,589.05,4.7,7771,Low,Yes,No,Yes,No,Yes,Yes,Cheesecake,Afternoon,Nutty,Hot,UK
SB01946,Mango Macchiato,Macchiato,Venti,Cold,"A handcrafted Mango Macchiato prepared with premium Starbucks-style coffee or tea, whole milk, toffee nut syrup and carefully balanced flavors.",Skim,3,Toffee Nut,Whipped Cream,High,105,302,33,12.4,29.8,4.22,358.7,3.9,18599,Medium,No,Yes,Yes,No,Yes,Yes,Cookie,Afternoon,Bold,Cold,Canada
SB01947,Matcha Frappuccino,Frappuccino,Venti,Cold,"A handcrafted Matcha Frappuccino prepared with premium Starbucks-style coffee or tea, soy milk, caramel syrup and carefully balanced flavors.",Oat,1,Classic,Caramel Drizzle,Medium,44,353,24,8.9,7.5,7.43,631.55,3.7,48480,Very High,No,No,Yes,No,Yes,No,Blueberry Muffin,Evening,Chocolatey,Cold,Global
SB01948,White Mocha Americano,Americano,Venti,Cold,"A handcrafted White Mocha Americano prepared with premium Starbucks-style coffee or tea, skim milk, caramel syrup and carefully balanced flavors.",Skim,1,Toffee Nut,Whipped Cream,Low,190,543,5,18.1,14.1,4.46,379.1,4.8,14064,Medium,Yes,Yes,Yes,No,No,Yes,Sandwich,Evening,Bold,Cold,Global
SB01949,Java Chip Latte,Latte,Grande,Hot,"A handcrafted Java Chip Latte prepared with premium Starbucks-style coffee or tea, skim milk, classic syrup and carefully balanced flavors.",Skim,1,Classic,Whipped Cream,Medium,229,161,13,12.9,6.9,3.79,322.15,3.7,46195,Very High,Yes,Yes,Yes,Yes,Yes,Yes,Blueberry Muffin,Afternoon,Fruity,Hot,Japan
SB01950,Classic Espresso,Espresso,Grande,Cold,"A handcrafted Classic Espresso prepared with premium Starbucks-style coffee or tea, coconut milk, vanilla syrup and carefully balanced flavors.",Almond,0,None,None,High,197,227,2,6.7,23.2,4.33,368.05,4.3,23693,Medium,Yes,Yes,Yes,Yes,No,Yes,Cookie,Morning,Fruity,Cold,Global
SB01951,Mocha Tea,Tea,Grande,Hot,"A handcrafted Mocha Tea prepared with premium Starbucks-style coffee or tea, soy milk, none syrup and carefully balanced flavors.",Skim,2,Hazelnut,Caramel Drizzle,Medium,74,602,16,15.3,0.1,7.88,669.8,4.3,33442,High,Yes,No,Yes,No,No,No,Cookie,Morning,Bold,Hot,India
SB01952,Classic Cappuccino,Cappuccino,Venti,Hot,"A handcrafted Classic Cappuccino prepared with premium Starbucks-style coffee or tea, coconut milk, toffee nut syrup and carefully balanced flavors.",Coconut,2,Toffee Nut,None,Low,292,315,67,17.7,0.5,8.3,705.5,4.4,5892,Low,Yes,No,Yes,No,No,Yes,Cheesecake,Evening,Fruity,Hot,Japan
SB01953,Vanilla Mocha,Mocha,Tall,Cold,"A handcrafted Vanilla Mocha prepared with premium Starbucks-style coffee or tea, soy milk, vanilla syrup and carefully balanced flavors.",Oat,1,Toffee Nut,Caramel Drizzle,Low,166,375,48,18.4,22.8,4.05,344.25,3.9,13904,Medium,Yes,No,Yes,No,Yes,No,Cookie,Evening,Bold,Cold,Global
SB01954,Caramel Cold Brew,Cold Brew,Tall,Cold,"A handcrafted Caramel Cold Brew prepared with premium Starbucks-style coffee or tea, coconut milk, hazelnut syrup and carefully balanced flavors.",Soy,4,Hazelnut,None,High,7,424,10,3.1,3.4,7.72,656.2,3.9,15652,Medium,Yes,No,Yes,Yes,Yes,No,Cookie,Afternoon,Nutty,Cold,USA
SB01955,Vanilla Tea,Tea,Tall,Hot,"A handcrafted Vanilla Tea prepared with premium Starbucks-style coffee or tea, almond milk, caramel syrup and carefully balanced flavors.",Oat,4,Toffee Nut,Whipped Cream,High,281,491,5,8.5,21.7,8.18,695.3,4.7,46435,Very High,No,No,Yes,No,No,Yes,Blueberry Muffin,Afternoon,Bold,Hot,Global
SB01956,Mango Latte,Latte,Venti,Cold,"A handcrafted Mango Latte prepared with premium Starbucks-style coffee or tea, soy milk, vanilla syrup and carefully balanced flavors.",Soy,0,None,None,High,288,444,9,4.5,6.1,4.21,357.85,3.7,8500,Low,No,Yes,Yes,Yes,Yes,No,Cookie,Morning,Sweet,Cold,Japan
SB01957,Classic Macchiato,Macchiato,Tall,Hot,"A handcrafted Classic Macchiato prepared with premium Starbucks-style coffee or tea, almond milk, caramel syrup and carefully balanced flavors.",Coconut,0,Classic,None,Medium,106,321,16,10.5,28.7,4.82,409.7,4.6,21583,Medium,Yes,No,Yes,No,No,Yes,Croissant,Afternoon,Nutty,Hot,Canada
SB01958,Classic Americano,Americano,Venti,Hot,"A handcrafted Classic Americano prepared with premium Starbucks-style coffee or tea, almond milk, toffee nut syrup and carefully balanced flavors.",Soy,0,Hazelnut,Caramel Drizzle,Medium,249,48,42,3.6,4.3,6.79,577.15,4.4,43697,Very High,No,No,Yes,No,No,No,Cheesecake,Afternoon,Fruity,Hot,Japan
SB01959,Matcha Cold Brew,Cold Brew,Venti,Cold,"A handcrafted Matcha Cold Brew prepared with premium Starbucks-style coffee or tea, skim milk, hazelnut syrup and carefully balanced flavors.",Coconut,0,Caramel,Caramel Drizzle,Low,62,420,48,0.3,29.7,7.44,632.4,4.0,26948,High,No,No,Yes,No,Yes,Yes,Sandwich,Evening,Bold,Cold,USA
SB01960,Matcha Latte,Latte,Venti,Hot,"A handcrafted Matcha Latte prepared with premium Starbucks-style coffee or tea, coconut milk, toffee nut syrup and carefully balanced flavors.",Almond,3,Vanilla,Caramel Drizzle,High,162,382,25,1.4,23.7,4.79,407.15,4.7,42835,Very High,No,Yes,Yes,No,Yes,Yes,Blueberry Muffin,Afternoon,Sweet,Hot,Global
SB01961,Matcha Mocha,Mocha,Grande,Cold,"A handcrafted Matcha Mocha prepared with premium Starbucks-style coffee or tea, skim milk, none syrup and carefully balanced flavors.",Soy,1,Caramel,Whipped Cream,Medium,195,590,25,4.3,18.1,6.94,589.9,3.9,26775,High,No,Yes,Yes,No,Yes,No,Blueberry Muffin,Evening,Fruity,Cold,Japan
SB01962,Vanilla Flat White,Flat White,Grande,Cold,"A handcrafted Vanilla Flat White prepared with premium Starbucks-style coffee or tea, whole milk, classic syrup and carefully balanced flavors.",Whole,3,None,Caramel Drizzle,Low,198,38,13,10.5,7.2,2.92,248.2,4.2,6492,Low,No,Yes,Yes,No,No,Yes,Croissant,Morning,Bold,Cold,UK
SB01963,Matcha Latte,Latte,Tall,Cold,"A handcrafted Matcha Latte prepared with premium Starbucks-style coffee or tea, soy milk, hazelnut syrup and carefully balanced flavors.",Coconut,0,Classic,None,Low,156,120,39,8.9,12.3,7.29,619.65,3.6,19674,Medium,Yes,Yes,Yes,No,Yes,No,Sandwich,Afternoon,Sweet,Cold,India
SB01964,Hazelnut Tea,Tea,Venti,Cold,"A handcrafted Hazelnut Tea prepared with premium Starbucks-style coffee or tea, oat milk, vanilla syrup and carefully balanced flavors.",Soy,4,Caramel,Caramel Drizzle,High,254,536,64,4.4,26.4,4.22,358.7,4.1,8509,Low,Yes,Yes,Yes,No,No,Yes,Cookie,Evening,Nutty,Cold,India
SB01965,Classic Latte,Latte,Grande,Hot,"A handcrafted Classic Latte prepared with premium Starbucks-style coffee or tea, coconut milk, none syrup and carefully balanced flavors.",Soy,2,None,Chocolate Shavings,High,10,309,44,4.5,3.8,5.59,475.15,3.7,23693,Medium,No,Yes,Yes,No,No,Yes,Cheesecake,Morning,Chocolatey,Hot,Canada
SB01966,Chai Macchiato,Macchiato,Tall,Cold,"A handcrafted Chai Macchiato prepared with premium Starbucks-style coffee or tea, skim milk, classic syrup and carefully balanced flavors.",Coconut,2,Caramel,Whipped Cream,High,150,61,0,13.7,29.3,2.69,228.65,3.8,38050,High,No,Yes,Yes,Yes,Yes,Yes,Cheesecake,Afternoon,Nutty,Cold,India
SB01967,White Mocha Espresso,Espresso,Grande,Cold,"A handcrafted White Mocha Espresso prepared with premium Starbucks-style coffee or tea, almond milk, caramel syrup and carefully balanced flavors.",Oat,1,None,Caramel Drizzle,Medium,290,601,7,0.3,2.3,4.57,388.45,4.4,44346,Very High,No,Yes,Yes,No,No,Yes,Sandwich,Afternoon,Creamy,Cold,USA
SB01968,Java Chip Americano,Americano,Grande,Hot,"A handcrafted Java Chip Americano prepared with premium Starbucks-style coffee or tea, coconut milk, vanilla syrup and carefully balanced flavors.",Soy,0,Classic,Whipped Cream,Low,20,382,32,11.7,10.2,3.98,338.3,3.6,5689,Low,Yes,No,Yes,Yes,No,No,Croissant,Morning,Chocolatey,Hot,UK
SB01969,Mango Mocha,Mocha,Tall,Cold,"A handcrafted Mango Mocha prepared with premium Starbucks-style coffee or tea, skim milk, hazelnut syrup and carefully balanced flavors.",Skim,2,Classic,None,Low,39,213,34,12.7,14.2,7.95,675.75,4.5,8370,Low,No,No,Yes,No,Yes,Yes,Cheesecake,Evening,Creamy,Cold,India
SB01970,Hazelnut Frappuccino,Frappuccino,Tall,Cold,"A handcrafted Hazelnut Frappuccino prepared with premium Starbucks-style coffee or tea, almond milk, caramel syrup and carefully balanced flavors.",Coconut,3,Toffee Nut,Whipped Cream,Low,129,279,25,12.1,15.1,4.48,380.8,3.6,26974,High,No,No,Yes,Yes,Yes,No,Cookie,Morning,Creamy,Cold,UK
SB01971,Vanilla Flat White,Flat White,Tall,Cold,"A handcrafted Vanilla Flat White prepared with premium Starbucks-style coffee or tea, soy milk, caramel syrup and carefully balanced flavors.",Skim,0,Toffee Nut,Whipped Cream,High,209,450,44,14.2,15.8,5.17,439.45,4.9,2946,Low,Yes,Yes,Yes,Yes,No,Yes,Cookie,Evening,Creamy,Cold,India
SB01972,Matcha Mocha,Mocha,Tall,Hot,"A handcrafted Matcha Mocha prepared with premium Starbucks-style coffee or tea, skim milk, classic syrup and carefully balanced flavors.",Oat,4,Hazelnut,Whipped Cream,Medium,280,45,24,7.0,29.7,7.55,641.75,3.8,4303,Low,Yes,No,Yes,No,Yes,No,Blueberry Muffin,Evening,Creamy,Hot,India
SB01973,Mango Latte,Latte,Venti,Hot,"A handcrafted Mango Latte prepared with premium Starbucks-style coffee or tea, whole milk, hazelnut syrup and carefully balanced flavors.",Whole,0,Vanilla,Whipped Cream,Medium,46,568,4,1.6,14.8,2.84,241.4,4.4,10515,Medium,Yes,Yes,Yes,No,Yes,No,Croissant,Afternoon,Bold,Hot,UK
SB01974,Strawberry Latte,Latte,Tall,Hot,"A handcrafted Strawberry Latte prepared with premium Starbucks-style coffee or tea, oat milk, toffee nut syrup and carefully balanced flavors.",Whole,1,Classic,None,Low,232,537,68,4.0,26.6,8.27,702.95,4.1,10053,Medium,No,Yes,Yes,Yes,Yes,Yes,Cheesecake,Evening,Bold,Hot,Global
SB01975,Java Chip Flat White,Flat White,Tall,Hot,"A handcrafted Java Chip Flat White prepared with premium Starbucks-style coffee or tea, coconut milk, toffee nut syrup and carefully balanced flavors.",Oat,2,Caramel,Chocolate Shavings,High,58,192,69,7.6,1.1,4.73,402.05,3.8,30385,High,Yes,Yes,Yes,No,No,No,Cheesecake,Morning,Chocolatey,Hot,Japan
SB01976,White Mocha Americano,Americano,Venti,Cold,"A handcrafted White Mocha Americano prepared with premium Starbucks-style coffee or tea, coconut milk, toffee nut syrup and carefully balanced flavors.",Almond,3,Vanilla,None,Medium,102,464,26,4.8,10.0,3.6,306.0,3.7,41828,Very High,No,No,Yes,No,No,Yes,Blueberry Muffin,Afternoon,Sweet,Cold,USA
SB01977,Hazelnut Macchiato,Macchiato,Venti,Cold,"A handcrafted Hazelnut Macchiato prepared with premium Starbucks-style coffee or tea, oat milk, hazelnut syrup and carefully balanced flavors.",Oat,0,Vanilla,Chocolate Shavings,Low,123,461,1,15.8,27.2,2.65,225.25,3.8,26009,High,Yes,Yes,Yes,No,Yes,Yes,Cheesecake,Afternoon,Bold,Cold,Canada
SB01978,Vanilla Latte,Latte,Tall,Cold,"A handcrafted Vanilla Latte prepared with premium Starbucks-style coffee or tea, almond milk, hazelnut syrup and carefully balanced flavors.",Whole,2,None,Whipped Cream,Medium,104,604,7,19.4,29.5,5.94,504.9,4.8,29274,High,No,No,Yes,Yes,Yes,Yes,Blueberry Muffin,Evening,Creamy,Cold,Canada
SB01979,Vanilla Macchiato,Macchiato,Grande,Hot,"A handcrafted Vanilla Macchiato prepared with premium Starbucks-style coffee or tea, almond milk, toffee nut syrup and carefully balanced flavors.",Skim,0,Classic,Whipped Cream,Low,183,91,4,0.9,9.0,2.7,229.5,4.6,47707,Very High,No,No,Yes,No,No,Yes,Sandwich,Morning,Fruity,Hot,Japan
SB01980,Mango Macchiato,Macchiato,Grande,Cold,"A handcrafted Mango Macchiato prepared with premium Starbucks-style coffee or tea, soy milk, none syrup and carefully balanced flavors.",Whole,2,Vanilla,Whipped Cream,High,60,381,65,19.7,4.6,8.21,697.85,3.6,28011,High,Yes,Yes,Yes,No,No,No,Blueberry Muffin,Afternoon,Bold,Cold,UK
SB01981,Strawberry Frappuccino,Frappuccino,Venti,Cold,"A handcrafted Strawberry Frappuccino prepared with premium Starbucks-style coffee or tea, whole milk, none syrup and carefully balanced flavors.",Skim,3,Vanilla,Whipped Cream,Low,283,341,31,7.8,6.1,8.45,718.25,4.4,37104,High,No,No,Yes,No,Yes,No,Cheesecake,Morning,Bold,Cold,India
SB01982,Caramel Latte,Latte,Tall,Cold,"A handcrafted Caramel Latte prepared with premium Starbucks-style coffee or tea, almond milk, vanilla syrup and carefully balanced flavors.",Whole,0,Caramel,Caramel Drizzle,Low,260,386,1,11.1,18.7,6.23,529.55,3.7,22933,Medium,No,No,Yes,Yes,Yes,Yes,Cookie,Evening,Chocolatey,Cold,USA
SB01983,Classic Americano,Americano,Tall,Hot,"A handcrafted Classic Americano prepared with premium Starbucks-style coffee or tea, oat milk, hazelnut syrup and carefully balanced flavors.",Almond,0,None,None,Low,162,632,34,17.9,19.1,4.0,340.0,3.9,21761,Medium,No,No,Yes,No,No,No,Cheesecake,Morning,Creamy,Hot,USA
SB01984,Java Chip Frappuccino,Frappuccino,Grande,Cold,"A handcrafted Java Chip Frappuccino prepared with premium Starbucks-style coffee or tea, skim milk, classic syrup and carefully balanced flavors.",Whole,3,Classic,None,Low,195,241,19,5.1,0.4,6.8,578.0,4.1,1948,Low,No,Yes,Yes,Yes,Yes,No,Blueberry Muffin,Evening,Chocolatey,Cold,Global
SB01985,White Mocha Refresher,Refresher,Grande,Cold,"A handcrafted White Mocha Refresher prepared with premium Starbucks-style coffee or tea, whole milk, classic syrup and carefully balanced flavors.",Almond,0,Toffee Nut,Caramel Drizzle,Medium,253,534,25,1.8,4.5,7.48,635.8,4.5,25784,High,No,No,Yes,No,No,Yes,Blueberry Muffin,Afternoon,Fruity,Cold,UK
SB01986,Mocha Espresso,Espresso,Grande,Cold,"A handcrafted Mocha Espresso prepared with premium Starbucks-style coffee or tea, coconut milk, classic syrup and carefully balanced flavors.",Oat,0,None,Caramel Drizzle,Medium,245,399,18,8.1,10.2,2.6,221.0,3.7,10175,Medium,No,No,Yes,No,Yes,No,Cheesecake,Morning,Creamy,Cold,Japan
SB01987,Mocha Espresso,Espresso,Venti,Hot,"A handcrafted Mocha Espresso prepared with premium Starbucks-style coffee or tea, skim milk, hazelnut syrup and carefully balanced flavors.",Soy,1,Classic,Whipped Cream,Medium,257,331,44,10.5,3.2,5.11,434.35,4.3,30982,High,No,Yes,Yes,Yes,No,Yes,Blueberry Muffin,Morning,Sweet,Hot,Canada
SB01988,Strawberry Latte,Latte,Tall,Cold,"A handcrafted Strawberry Latte prepared with premium Starbucks-style coffee or tea, coconut milk, none syrup and carefully balanced flavors.",Skim,1,Vanilla,Chocolate Shavings,Medium,111,407,41,14.7,15.7,5.15,437.75,4.3,43668,Very High,Yes,No,Yes,Yes,Yes,No,Blueberry Muffin,Afternoon,Bold,Cold,Japan
SB01989,Strawberry Frappuccino,Frappuccino,Venti,Cold,"A handcrafted Strawberry Frappuccino prepared with premium Starbucks-style coffee or tea, soy milk, hazelnut syrup and carefully balanced flavors.",Whole,4,None,Whipped Cream,Low,42,271,44,5.8,12.4,5.29,449.65,3.9,9057,Low,Yes,Yes,Yes,Yes,No,Yes,Sandwich,Afternoon,Bold,Cold,USA
SB01990,Caramel Macchiato,Macchiato,Venti,Hot,"A handcrafted Caramel Macchiato prepared with premium Starbucks-style coffee or tea, oat milk, toffee nut syrup and carefully balanced flavors.",Almond,2,Hazelnut,Chocolate Shavings,Medium,293,64,57,0.7,16.6,7.42,630.7,3.7,35971,High,No,Yes,Yes,No,Yes,Yes,Cookie,Evening,Sweet,Hot,India
SB01991,Caramel Frappuccino,Frappuccino,Grande,Cold,"A handcrafted Caramel Frappuccino prepared with premium Starbucks-style coffee or tea, oat milk, classic syrup and carefully balanced flavors.",Soy,0,Toffee Nut,Caramel Drizzle,Medium,61,592,68,8.7,20.5,6.87,583.95,3.9,36116,High,Yes,Yes,Yes,No,Yes,No,Sandwich,Morning,Sweet,Cold,Japan
SB01992,Mango Flat White,Flat White,Grande,Hot,"A handcrafted Mango Flat White prepared with premium Starbucks-style coffee or tea, oat milk, vanilla syrup and carefully balanced flavors.",Coconut,2,Toffee Nut,Chocolate Shavings,Medium,157,113,42,3.5,28.3,2.96,251.6,4.8,8890,Low,No,Yes,Yes,Yes,Yes,Yes,Sandwich,Evening,Bold,Hot,USA
SB01993,Hazelnut Latte,Latte,Venti,Cold,"A handcrafted Hazelnut Latte prepared with premium Starbucks-style coffee or tea, soy milk, none syrup and carefully balanced flavors.",Almond,1,Toffee Nut,Caramel Drizzle,Medium,173,505,12,17.9,6.1,5.75,488.75,4.1,49238,Very High,No,Yes,Yes,Yes,No,Yes,Sandwich,Morning,Nutty,Cold,UK
SB01994,White Mocha Mocha,Mocha,Venti,Hot,"A handcrafted White Mocha Mocha prepared with premium Starbucks-style coffee or tea, soy milk, none syrup and carefully balanced flavors.",Soy,2,Vanilla,Whipped Cream,Low,122,487,40,4.1,7.7,6.05,514.25,4.3,1200,Low,No,No,Yes,Yes,No,Yes,Cookie,Afternoon,Chocolatey,Hot,USA
SB01995,Strawberry Frappuccino,Frappuccino,Grande,Cold,"A handcrafted Strawberry Frappuccino prepared with premium Starbucks-style coffee or tea, whole milk, hazelnut syrup and carefully balanced flavors.",Skim,3,None,Whipped Cream,Medium,210,559,44,11.9,7.9,4.83,410.55,4.6,29657,High,No,No,Yes,No,Yes,No,Blueberry Muffin,Afternoon,Fruity,Cold,USA
SB01996,White Mocha Macchiato,Macchiato,Tall,Cold,"A handcrafted White Mocha Macchiato prepared with premium Starbucks-style coffee or tea, coconut milk, hazelnut syrup and carefully balanced flavors.",Skim,0,Classic,Chocolate Shavings,High,161,341,51,9.6,4.4,3.01,255.85,3.6,9817,Low,Yes,Yes,Yes,Yes,No,Yes,Cheesecake,Afternoon,Fruity,Cold,Canada
SB01997,Mango Refresher,Refresher,Tall,Cold,"A handcrafted Mango Refresher prepared with premium Starbucks-style coffee or tea, soy milk, vanilla syrup and carefully balanced flavors.",Coconut,0,Caramel,None,Medium,56,348,47,17.6,23.0,5.63,478.55,4.4,29941,High,Yes,No,Yes,No,Yes,No,Blueberry Muffin,Evening,Chocolatey,Cold,Canada
SB01998,Matcha Flat White,Flat White,Tall,Hot,"A handcrafted Matcha Flat White prepared with premium Starbucks-style coffee or tea, whole milk, toffee nut syrup and carefully balanced flavors.",Soy,3,Vanilla,None,High,66,405,62,17.4,22.5,3.15,267.75,4.9,28181,High,No,Yes,Yes,Yes,Yes,No,Cheesecake,Morning,Nutty,Hot,UK
SB01999,Strawberry Latte,Latte,Venti,Hot,"A handcrafted Strawberry Latte prepared with premium Starbucks-style coffee or tea, soy milk, toffee nut syrup and carefully balanced flavors.",Oat,3,Hazelnut,Chocolate Shavings,Medium,224,218,24,17.1,16.1,6.89,585.65,5.0,4527,Low,Yes,Yes,Yes,Yes,No,Yes,Blueberry Muffin,Evening,Sweet,Hot,India
SB02000,White Mocha Latte,Latte,Tall,Cold,"A handcrafted White Mocha Latte prepared with premium Starbucks-style coffee or tea, oat milk, toffee nut syrup and carefully balanced flavors.",Almond,2,Classic,Chocolate Shavings,Low,95,332,10,16.4,26.4,7.14,606.9,3.6,14886,Medium,Yes,Yes,Yes,No,Yes,No,Sandwich,Evening,Fruity,Cold,Canada
SB02001,Matcha Latte,Latte,Tall,Hot,"A handcrafted Matcha Latte prepared with premium Starbucks-style coffee or tea, oat milk, classic syrup and carefully balanced flavors.",Whole,0,Classic,None,Low,274,409,51,0.9,21.7,4.87,413.95,3.7,3587,Low,No,No,Yes,Yes,No,Yes,Blueberry Muffin,Afternoon,Creamy,Hot,UK
SB02002,Caramel Tea,Tea,Grande,Cold,"A handcrafted Caramel Tea prepared with premium Starbucks-style coffee or tea, coconut milk, toffee nut syrup and carefully balanced flavors.",Whole,4,Classic,Whipped Cream,Low,97,157,4,11.6,0.5,3.83,325.55,4.0,26640,High,Yes,No,Yes,Yes,No,No,Cheesecake,Evening,Chocolatey,Cold,India
SB02003,Mango Tea,Tea,Venti,Cold,"A handcrafted Mango Tea prepared with premium Starbucks-style coffee or tea, skim milk, hazelnut syrup and carefully balanced flavors.",Almond,3,None,None,Low,220,576,51,5.0,23.3,2.53,215.05,4.5,38758,High,Yes,Yes,Yes,No,No,No,Sandwich,Morning,Nutty,Cold,Global
SB02004,Java Chip Frappuccino,Frappuccino,Grande,Cold,"A handcrafted Java Chip Frappuccino prepared with premium Starbucks-style coffee or tea, skim milk, none syrup and carefully balanced flavors.",Whole,2,Classic,Chocolate Shavings,Medium,206,556,40,0.3,17.7,5.81,493.85,4.1,42140,Very High,No,No,Yes,Yes,No,No,Cookie,Morning,Nutty,Cold,Japan
SB02005,White Mocha Cappuccino,Cappuccino,Grande,Cold,"A handcrafted White Mocha Cappuccino prepared with premium Starbucks-style coffee or tea, almond milk, hazelnut syrup and carefully balanced flavors.",Whole,3,Caramel,Whipped Cream,Low,83,377,24,7.5,25.3,7.56,642.6,3.6,7356,Low,Yes,No,Yes,No,Yes,Yes,Sandwich,Morning,Sweet,Cold,Canada
SB02006,Strawberry Cappuccino,Cappuccino,Grande,Hot,"A handcrafted Strawberry Cappuccino prepared with premium Starbucks-style coffee or tea, whole milk, toffee nut syrup and carefully balanced flavors.",Almond,1,Hazelnut,Whipped Cream,Medium,230,299,19,10.0,17.7,3.99,339.15,4.7,44071,Very High,Yes,No,Yes,No,Yes,No,Cookie,Evening,Nutty,Hot,India
SB02007,Strawberry Cold Brew,Cold Brew,Grande,Cold,"A handcrafted Strawberry Cold Brew prepared with premium Starbucks-style coffee or tea, soy milk, caramel syrup and carefully balanced flavors.",Skim,0,Classic,None,Low,165,168,52,5.0,23.2,2.97,252.45,4.8,25257,High,Yes,No,Yes,Yes,Yes,Yes,Croissant,Afternoon,Bold,Cold,Japan
SB02008,Hazelnut Flat White,Flat White,Grande,Cold,"A handcrafted Hazelnut Flat White prepared with premium Starbucks-style coffee or tea, whole milk, vanilla syrup and carefully balanced flavors.",Whole,0,Vanilla,Caramel Drizzle,High,181,631,53,15.8,17.2,3.96,336.6,3.9,45417,Very High,Yes,No,Yes,Yes,No,Yes,Croissant,Morning,Sweet,Cold,Japan
SB02009,Mocha Mocha,Mocha,Tall,Cold,"A handcrafted Mocha Mocha prepared with premium Starbucks-style coffee or tea, coconut milk, vanilla syrup and carefully balanced flavors.",Whole,3,Caramel,None,High,84,640,57,17.2,11.8,7.39,628.15,4.9,29080,High,Yes,No,Yes,Yes,Yes,Yes,Cookie,Afternoon,Fruity,Cold,USA
SB02010,Classic Americano,Americano,Tall,Hot,"A handcrafted Classic Americano prepared with premium Starbucks-style coffee or tea, almond milk, none syrup and carefully balanced flavors.",Whole,0,Classic,Caramel Drizzle,Medium,232,85,27,6.9,19.7,3.07,260.95,4.0,5305,Low,Yes,Yes,Yes,Yes,No,No,Cheesecake,Evening,Bold,Hot,UK
SB02011,Mango Americano,Americano,Venti,Hot,"A handcrafted Mango Americano prepared with premium Starbucks-style coffee or tea, almond milk, classic syrup and carefully balanced flavors.",Whole,0,None,None,High,295,475,15,6.9,10.4,5.47,464.95,4.6,11449,Medium,No,Yes,Yes,Yes,No,Yes,Cheesecake,Evening,Bold,Hot,Japan
SB02012,Java Chip Tea,Tea,Grande,Hot,"A handcrafted Java Chip Tea prepared with premium Starbucks-style coffee or tea, almond milk, toffee nut syrup and carefully balanced flavors.",Soy,4,Hazelnut,None,Medium,159,54,7,15.3,17.0,8.48,720.8,4.0,37599,High,Yes,No,Yes,Yes,No,Yes,Sandwich,Afternoon,Chocolatey,Hot,USA
SB02013,Classic Frappuccino,Frappuccino,Tall,Cold,"A handcrafted Classic Frappuccino prepared with premium Starbucks-style coffee or tea, skim milk, caramel syrup and carefully balanced flavors.",Oat,3,Vanilla,Chocolate Shavings,High,129,25,36,19.3,7.7,5.04,428.4,4.6,19352,Medium,No,Yes,Yes,No,No,Yes,Croissant,Afternoon,Sweet,Cold,UK
SB02014,Classic Mocha,Mocha,Tall,Cold,"A handcrafted Classic Mocha prepared with premium Starbucks-style coffee or tea, whole milk, vanilla syrup and carefully balanced flavors.",Soy,3,Vanilla,Caramel Drizzle,High,296,376,51,17.8,14.6,7.61,646.85,3.8,42001,Very High,Yes,Yes,Yes,Yes,No,No,Cheesecake,Afternoon,Nutty,Cold,India
SB02015,Classic Cold Brew,Cold Brew,Venti,Cold,"A handcrafted Classic Cold Brew prepared with premium Starbucks-style coffee or tea, skim milk, toffee nut syrup and carefully balanced flavors.",Almond,2,Hazelnut,Chocolate Shavings,Low,70,505,61,10.8,27.0,6.86,583.1,4.2,30438,High,Yes,Yes,Yes,No,No,Yes,Cookie,Evening,Bold,Cold,Canada
SB02016,Classic Frappuccino,Frappuccino,Venti,Cold,"A handcrafted Classic Frappuccino prepared with premium Starbucks-style coffee or tea, coconut milk, caramel syrup and carefully balanced flavors.",Whole,2,Classic,Chocolate Shavings,High,263,84,47,6.1,21.6,2.95,250.75,4.6,26747,High,Yes,No,Yes,No,Yes,Yes,Sandwich,Evening,Nutty,Cold,UK
SB02017,Matcha Refresher,Refresher,Grande,Cold,"A handcrafted Matcha Refresher prepared with premium Starbucks-style coffee or tea, coconut milk, vanilla syrup and carefully balanced flavors.",Almond,1,Toffee Nut,Whipped Cream,High,218,266,43,19.1,16.7,6.29,534.65,3.7,33216,High,Yes,Yes,Yes,No,No,Yes,Sandwich,Morning,Sweet,Cold,Global
SB02018,Chai Americano,Americano,Grande,Hot,"A handcrafted Chai Americano prepared with premium Starbucks-style coffee or tea, almond milk, classic syrup and carefully balanced flavors.",Skim,1,Caramel,Caramel Drizzle,Low,191,155,17,2.1,18.4,3.65,310.25,4.3,24180,Medium,No,Yes,Yes,No,Yes,No,Cookie,Afternoon,Chocolatey,Hot,Japan
SB02019,Mocha Flat White,Flat White,Tall,Cold,"A handcrafted Mocha Flat White prepared with premium Starbucks-style coffee or tea, coconut milk, caramel syrup and carefully balanced flavors.",Almond,1,None,Whipped Cream,Low,207,644,58,15.0,29.8,7.96,676.6,3.9,47129,Very High,No,No,Yes,No,Yes,Yes,Sandwich,Afternoon,Nutty,Cold,India
SB02020,Classic Flat White,Flat White,Grande,Cold,"A handcrafted Classic Flat White prepared with premium Starbucks-style coffee or tea, soy milk, vanilla syrup and carefully balanced flavors.",Skim,3,None,Whipped Cream,Medium,104,621,52,4.9,18.0,2.51,213.35,4.4,39219,High,No,Yes,Yes,No,Yes,No,Blueberry Muffin,Morning,Fruity,Cold,Canada
SB02021,Chai Mocha,Mocha,Venti,Hot,"A handcrafted Chai Mocha prepared with premium Starbucks-style coffee or tea, skim milk, toffee nut syrup and carefully balanced flavors.",Soy,0,Caramel,Whipped Cream,High,35,118,26,15.3,3.8,6.17,524.45,4.3,29528,High,Yes,No,Yes,No,No,Yes,Sandwich,Morning,Bold,Hot,Japan
SB02022,Hazelnut Americano,Americano,Grande,Cold,"A handcrafted Hazelnut Americano prepared with premium Starbucks-style coffee or tea, coconut milk, none syrup and carefully balanced flavors.",Skim,0,Vanilla,Chocolate Shavings,Medium,266,435,0,5.6,23.7,4.18,355.3,4.5,24854,Medium,Yes,No,Yes,No,No,No,Cookie,Afternoon,Creamy,Cold,USA
SB02023,Vanilla Cold Brew,Cold Brew,Grande,Cold,"A handcrafted Vanilla Cold Brew prepared with premium Starbucks-style coffee or tea, oat milk, hazelnut syrup and carefully balanced flavors.",Soy,2,None,Caramel Drizzle,Medium,67,100,16,11.7,7.9,8.22,698.7,4.4,6432,Low,Yes,No,Yes,No,Yes,No,Cookie,Evening,Sweet,Cold,Canada
SB02024,Mango Refresher,Refresher,Tall,Cold,"A handcrafted Mango Refresher prepared with premium Starbucks-style coffee or tea, skim milk, classic syrup and carefully balanced flavors.",Oat,2,Toffee Nut,Chocolate Shavings,High,93,353,50,12.0,24.6,2.57,218.45,4.5,19224,Medium,Yes,Yes,Yes,Yes,Yes,Yes,Sandwich,Morning,Nutty,Cold,Japan
SB02025,Mocha Flat White,Flat White,Tall,Cold,"A handcrafted Mocha Flat White prepared with premium Starbucks-style coffee or tea, coconut milk, caramel syrup and carefully balanced flavors.",Soy,1,None,Caramel Drizzle,High,247,60,25,15.9,11.0,3.79,322.15,4.5,13949,Medium,No,No,Yes,No,Yes,Yes,Blueberry Muffin,Morning,Creamy,Cold,UK
SB02026,Caramel Americano,Americano,Venti,Cold,"A handcrafted Caramel Americano prepared with premium Starbucks-style coffee or tea, soy milk, vanilla syrup and carefully balanced flavors.",Oat,2,Caramel,None,Medium,41,21,23,2.2,14.0,4.54,385.9,3.7,25940,High,No,Yes,Yes,Yes,Yes,Yes,Blueberry Muffin,Afternoon,Fruity,Cold,UK
SB02027,Mango Macchiato,Macchiato,Grande,Hot,"A handcrafted Mango Macchiato prepared with premium Starbucks-style coffee or tea, coconut milk, caramel syrup and carefully balanced flavors.",Whole,0,None,None,Medium,74,172,60,6.9,17.9,7.23,614.55,4.4,14629,Medium,Yes,Yes,Yes,No,No,Yes,Cheesecake,Evening,Sweet,Hot,Global
SB02028,Strawberry Frappuccino,Frappuccino,Grande,Cold,"A handcrafted Strawberry Frappuccino prepared with premium Starbucks-style coffee or tea, whole milk, none syrup and carefully balanced flavors.",Almond,0,Hazelnut,Whipped Cream,Medium,258,312,14,5.2,18.6,2.75,233.75,4.1,13874,Medium,No,Yes,Yes,No,Yes,Yes,Cheesecake,Evening,Sweet,Cold,USA
SB02029,White Mocha Macchiato,Macchiato,Venti,Cold,"A handcrafted White Mocha Macchiato prepared with premium Starbucks-style coffee or tea, soy milk, vanilla syrup and carefully balanced flavors.",Oat,2,Vanilla,Whipped Cream,Low,74,572,67,2.6,4.4,6.61,561.85,4.1,8000,Low,No,Yes,Yes,Yes,Yes,No,Cookie,Afternoon,Creamy,Cold,USA
SB02030,Vanilla Espresso,Espresso,Grande,Hot,"A handcrafted Vanilla Espresso prepared with premium Starbucks-style coffee or tea, oat milk, caramel syrup and carefully balanced flavors.",Coconut,0,Hazelnut,None,Low,167,284,17,16.7,24.5,3.74,317.9,4.7,38354,High,Yes,No,Yes,No,Yes,Yes,Cookie,Afternoon,Chocolatey,Hot,Global
SB02031,White Mocha Macchiato,Macchiato,Tall,Cold,"A handcrafted White Mocha Macchiato prepared with premium Starbucks-style coffee or tea, skim milk, toffee nut syrup and carefully balanced flavors.",Coconut,3,None,Chocolate Shavings,High,273,155,39,14.5,7.3,6.5,552.5,4.7,5668,Low,No,No,Yes,Yes,Yes,Yes,Cookie,Evening,Nutty,Cold,Global
SB02032,Chai Latte,Latte,Tall,Hot,"A handcrafted Chai Latte prepared with premium Starbucks-style coffee or tea, almond milk, caramel syrup and carefully balanced flavors.",Soy,0,Vanilla,Whipped Cream,High,80,392,30,0.6,12.8,6.67,566.95,4.1,34127,High,Yes,No,Yes,Yes,Yes,Yes,Cheesecake,Evening,Chocolatey,Hot,India
SB02033,Matcha Refresher,Refresher,Tall,Cold,"A handcrafted Matcha Refresher prepared with premium Starbucks-style coffee or tea, coconut milk, caramel syrup and carefully balanced flavors.",Coconut,2,None,Caramel Drizzle,High,125,69,62,0.8,9.8,6.3,535.5,4.5,4210,Low,Yes,No,Yes,Yes,Yes,No,Croissant,Morning,Nutty,Cold,UK
SB02034,Mocha Espresso,Espresso,Venti,Cold,"A handcrafted Mocha Espresso prepared with premium Starbucks-style coffee or tea, coconut milk, hazelnut syrup and carefully balanced flavors.",Oat,3,Hazelnut,None,High,82,609,65,5.1,16.2,6.36,540.6,4.3,38973,High,Yes,Yes,Yes,Yes,Yes,Yes,Blueberry Muffin,Afternoon,Sweet,Cold,Canada
SB02035,Caramel Espresso,Espresso,Tall,Hot,"A handcrafted Caramel Espresso prepared with premium Starbucks-style coffee or tea, whole milk, hazelnut syrup and carefully balanced flavors.",Almond,4,Classic,None,High,256,568,28,7.3,28.4,6.79,577.15,4.3,8350,Low,Yes,Yes,Yes,Yes,Yes,Yes,Cheesecake,Afternoon,Fruity,Hot,India
SB02036,Classic Refresher,Refresher,Tall,Cold,"A handcrafted Classic Refresher prepared with premium Starbucks-style coffee or tea, almond milk, toffee nut syrup and carefully balanced flavors.",Almond,1,Vanilla,Chocolate Shavings,Medium,150,415,11,2.9,12.1,8.19,696.15,4.3,2400,Low,No,No,Yes,No,Yes,No,Blueberry Muffin,Morning,Sweet,Cold,Japan
SB02037,Chai Refresher,Refresher,Grande,Cold,"A handcrafted Chai Refresher prepared with premium Starbucks-style coffee or tea, soy milk, vanilla syrup and carefully balanced flavors.",Almond,1,Classic,Whipped Cream,Medium,213,303,0,8.2,0.7,4.26,362.1,3.9,14667,Medium,No,No,Yes,Yes,Yes,Yes,Sandwich,Evening,Sweet,Cold,India
SB02038,Strawberry Flat White,Flat White,Tall,Hot,"A handcrafted Strawberry Flat White prepared with premium Starbucks-style coffee or tea, skim milk, hazelnut syrup and carefully balanced flavors.",Coconut,1,Caramel,Whipped Cream,Medium,41,78,47,12.7,24.7,6.31,536.35,3.9,18920,Medium,No,Yes,Yes,No,Yes,No,Cookie,Morning,Creamy,Hot,India
SB02039,Mocha Refresher,Refresher,Grande,Cold,"A handcrafted Mocha Refresher prepared with premium Starbucks-style coffee or tea, oat milk, caramel syrup and carefully balanced flavors.",Skim,0,Classic,Whipped Cream,High,259,335,3,17.4,10.5,7.81,663.85,4.1,20328,Medium,Yes,Yes,Yes,Yes,Yes,No,Sandwich,Morning,Creamy,Cold,Canada
SB02040,Vanilla Refresher,Refresher,Grande,Cold,"A handcrafted Vanilla Refresher prepared with premium Starbucks-style coffee or tea, whole milk, classic syrup and carefully balanced flavors.",Soy,4,Toffee Nut,Whipped Cream,Medium,41,582,51,0.2,23.0,4.72,401.2,4.0,17712,Medium,Yes,Yes,Yes,Yes,No,Yes,Blueberry Muffin,Evening,Creamy,Cold,Global
SB02041,Strawberry Cold Brew,Cold Brew,Grande,Cold,"A handcrafted Strawberry Cold Brew prepared with premium Starbucks-style coffee or tea, soy milk, classic syrup and carefully balanced flavors.",Whole,3,None,Caramel Drizzle,High,241,318,7,14.4,22.7,5.01,425.85,4.0,4729,Low,Yes,Yes,Yes,Yes,Yes,No,Cookie,Morning,Nutty,Cold,UK
SB02042,Vanilla Americano,Americano,Grande,Cold,"A handcrafted Vanilla Americano prepared with premium Starbucks-style coffee or tea, skim milk, vanilla syrup and carefully balanced flavors.",Coconut,4,Classic,Chocolate Shavings,High,101,411,67,19.4,3.5,8.14,691.9,4.6,26818,High,No,No,Yes,No,Yes,Yes,Cookie,Afternoon,Creamy,Cold,UK
SB02043,Hazelnut Refresher,Refresher,Grande,Cold,"A handcrafted Hazelnut Refresher prepared with premium Starbucks-style coffee or tea, soy milk, vanilla syrup and carefully balanced flavors.",Oat,4,Hazelnut,Whipped Cream,Low,262,417,37,19.6,25.4,7.94,674.9,4.9,37415,High,No,Yes,Yes,Yes,No,Yes,Croissant,Afternoon,Nutty,Cold,Canada
SB02044,Classic Macchiato,Macchiato,Venti,Cold,"A handcrafted Classic Macchiato prepared with premium Starbucks-style coffee or tea, almond milk, none syrup and carefully balanced flavors.",Almond,3,None,Whipped Cream,High,64,280,45,18.8,28.6,5.72,486.2,4.9,41426,Very High,Yes,Yes,Yes,No,No,Yes,Croissant,Morning,Chocolatey,Cold,India
SB02045,Vanilla Espresso,Espresso,Grande,Hot,"A handcrafted Vanilla Espresso prepared with premium Starbucks-style coffee or tea, oat milk, none syrup and carefully balanced flavors.",Soy,3,Caramel,None,High,18,130,1,0.0,5.1,7.13,606.05,4.5,14056,Medium,Yes,Yes,Yes,No,Yes,No,Cheesecake,Morning,Bold,Hot,India
SB02046,Matcha Frappuccino,Frappuccino,Venti,Cold,"A handcrafted Matcha Frappuccino prepared with premium Starbucks-style coffee or tea, whole milk, vanilla syrup and carefully balanced flavors.",Almond,4,Hazelnut,Chocolate Shavings,Low,284,272,37,19.7,14.8,2.62,222.7,4.0,40126,Very High,Yes,Yes,Yes,No,No,Yes,Cookie,Afternoon,Creamy,Cold,Global
SB02047,Caramel Latte,Latte,Grande,Cold,"A handcrafted Caramel Latte prepared with premium Starbucks-style coffee or tea, skim milk, none syrup and carefully balanced flavors.",Coconut,0,Toffee Nut,Chocolate Shavings,Medium,287,113,60,7.9,13.9,7.65,650.25,3.6,40676,Very High,Yes,No,Yes,Yes,No,No,Blueberry Muffin,Afternoon,Creamy,Cold,Japan
SB02048,White Mocha Refresher,Refresher,Grande,Cold,"A handcrafted White Mocha Refresher prepared with premium Starbucks-style coffee or tea, coconut milk, classic syrup and carefully balanced flavors.",Almond,2,Caramel,Chocolate Shavings,Medium,237,566,17,5.7,19.9,7.25,616.25,4.1,35945,High,No,Yes,Yes,No,No,Yes,Cookie,Morning,Bold,Cold,UK
SB02049,Chai Mocha,Mocha,Grande,Cold,"A handcrafted Chai Mocha prepared with premium Starbucks-style coffee or tea, whole milk, none syrup and carefully balanced flavors.",Oat,3,Caramel,None,High,205,115,51,9.9,1.1,3.33,283.05,4.0,48763,Very High,No,No,Yes,No,No,No,Cheesecake,Evening,Creamy,Cold,India
SB02050,Chai Frappuccino,Frappuccino,Grande,Cold,"A handcrafted Chai Frappuccino prepared with premium Starbucks-style coffee or tea, coconut milk, toffee nut syrup and carefully balanced flavors.",Whole,0,Hazelnut,Whipped Cream,Low,24,447,16,2.4,11.8,8.38,712.3,3.6,18560,Medium,No,No,Yes,Yes,Yes,Yes,Blueberry Muffin,Evening,Chocolatey,Cold,Canada
SB02051,Mango Frappuccino,Frappuccino,Venti,Cold,"A handcrafted Mango Frappuccino prepared with premium Starbucks-style coffee or tea, whole milk, toffee nut syrup and carefully balanced flavors.",Skim,3,Caramel,Whipped Cream,High,36,188,18,2.2,2.0,4.46,379.1,4.8,27711,High,Yes,No,Yes,No,No,Yes,Cheesecake,Morning,Chocolatey,Cold,India
SB02052,Hazelnut Refresher,Refresher,Tall,Cold,"A handcrafted Hazelnut Refresher prepared with premium Starbucks-style coffee or tea, soy milk, hazelnut syrup and carefully balanced flavors.",Whole,3,None,Chocolate Shavings,Medium,229,180,0,13.8,7.9,3.33,283.05,4.2,12368,Medium,No,No,Yes,Yes,No,No,Croissant,Morning,Chocolatey,Cold,USA
SB02053,Matcha Macchiato,Macchiato,Grande,Hot,"A handcrafted Matcha Macchiato prepared with premium Starbucks-style coffee or tea, soy milk, hazelnut syrup and carefully balanced flavors.",Soy,2,None,Whipped Cream,High,11,71,63,2.0,29.3,7.75,658.75,4.0,8068,Low,Yes,No,Yes,Yes,No,No,Croissant,Morning,Bold,Hot,USA
SB02054,Mocha Mocha,Mocha,Tall,Cold,"A handcrafted Mocha Mocha prepared with premium Starbucks-style coffee or tea, skim milk, vanilla syrup and carefully balanced flavors.",Almond,1,Toffee Nut,Caramel Drizzle,High,50,124,40,10.1,12.2,3.75,318.75,3.9,2858,Low,Yes,No,Yes,Yes,Yes,Yes,Cheesecake,Evening,Bold,Cold,Global
SB02055,White Mocha Americano,Americano,Venti,Cold,"A handcrafted White Mocha Americano prepared with premium Starbucks-style coffee or tea, oat milk, none syrup and carefully balanced flavors.",Whole,0,Hazelnut,Whipped Cream,High,12,223,50,12.2,2.2,7.11,604.35,3.8,24975,Medium,Yes,No,Yes,Yes,No,No,Cookie,Morning,Sweet,Cold,Japan
SB02056,White Mocha Americano,Americano,Tall,Cold,"A handcrafted White Mocha Americano prepared with premium Starbucks-style coffee or tea, almond milk, none syrup and carefully balanced flavors.",Coconut,4,Toffee Nut,Chocolate Shavings,High,72,608,26,13.4,5.9,4.74,402.9,4.0,47931,Very High,No,No,Yes,Yes,Yes,No,Cookie,Evening,Bold,Cold,Japan
SB02057,White Mocha Mocha,Mocha,Grande,Hot,"A handcrafted White Mocha Mocha prepared with premium Starbucks-style coffee or tea, skim milk, toffee nut syrup and carefully balanced flavors.",Skim,1,Hazelnut,None,Low,291,513,39,15.3,1.8,5.19,441.15,4.5,25096,High,Yes,Yes,Yes,No,No,No,Croissant,Evening,Fruity,Hot,UK
SB02058,Java Chip Frappuccino,Frappuccino,Venti,Cold,"A handcrafted Java Chip Frappuccino prepared with premium Starbucks-style coffee or tea, almond milk, classic syrup and carefully balanced flavors.",Soy,4,None,Whipped Cream,Low,87,75,57,8.7,25.7,4.35,369.75,4.0,43143,Very High,Yes,No,Yes,Yes,No,No,Cheesecake,Evening,Fruity,Cold,Canada
SB02059,White Mocha Frappuccino,Frappuccino,Venti,Cold,"A handcrafted White Mocha Frappuccino prepared with premium Starbucks-style coffee or tea, oat milk, caramel syrup and carefully balanced flavors.",Oat,4,Hazelnut,Caramel Drizzle,Low,57,456,0,8.4,17.5,2.73,232.05,4.4,24711,Medium,Yes,No,Yes,No,Yes,Yes,Blueberry Muffin,Morning,Sweet,Cold,India
SB02060,White Mocha Espresso,Espresso,Venti,Cold,"A handcrafted White Mocha Espresso prepared with premium Starbucks-style coffee or tea, whole milk, toffee nut syrup and carefully balanced flavors.",Whole,2,None,Whipped Cream,Low,78,32,1,16.0,8.3,2.6,221.0,4.2,36808,High,No,Yes,Yes,No,No,Yes,Cheesecake,Evening,Fruity,Cold,USA
SB02061,Mocha Flat White,Flat White,Venti,Cold,"A handcrafted Mocha Flat White prepared with premium Starbucks-style coffee or tea, oat milk, none syrup and carefully balanced flavors.",Whole,4,Vanilla,Caramel Drizzle,High,222,332,18,6.4,16.5,6.92,588.2,4.0,14414,Medium,Yes,Yes,Yes,Yes,No,No,Cookie,Evening,Sweet,Cold,India
SB02062,Matcha Espresso,Espresso,Tall,Cold,"A handcrafted Matcha Espresso prepared with premium Starbucks-style coffee or tea, almond milk, classic syrup and carefully balanced flavors.",Coconut,1,Vanilla,Chocolate Shavings,High,102,552,60,8.7,2.6,6.13,521.05,3.9,41784,Very High,Yes,No,Yes,No,No,Yes,Blueberry Muffin,Morning,Bold,Cold,Japan
SB02063,Mocha Macchiato,Macchiato,Grande,Hot,"A handcrafted Mocha Macchiato prepared with premium Starbucks-style coffee or tea, coconut milk, hazelnut syrup and carefully balanced flavors.",Whole,2,Toffee Nut,Whipped Cream,Medium,5,548,19,6.6,19.2,6.68,567.8,4.4,44068,Very High,Yes,Yes,Yes,No,Yes,Yes,Blueberry Muffin,Afternoon,Sweet,Hot,UK
SB02064,Caramel Mocha,Mocha,Venti,Cold,"A handcrafted Caramel Mocha prepared with premium Starbucks-style coffee or tea, skim milk, toffee nut syrup and carefully balanced flavors.",Almond,2,Vanilla,None,Low,168,629,41,7.5,13.8,6.71,570.35,4.5,19404,Medium,Yes,Yes,Yes,No,Yes,Yes,Cookie,Morning,Chocolatey,Cold,Japan
SB02065,Matcha Espresso,Espresso,Tall,Hot,"A handcrafted Matcha Espresso prepared with premium Starbucks-style coffee or tea, whole milk, hazelnut syrup and carefully balanced flavors.",Oat,3,Classic,None,Medium,65,431,4,8.3,25.7,7.05,599.25,4.1,29145,High,Yes,No,Yes,Yes,No,Yes,Cookie,Evening,Chocolatey,Hot,India
SB02066,Hazelnut Cappuccino,Cappuccino,Tall,Cold,"A handcrafted Hazelnut Cappuccino prepared with premium Starbucks-style coffee or tea, skim milk, toffee nut syrup and carefully balanced flavors.",Skim,2,Classic,Chocolate Shavings,High,5,522,64,10.6,4.8,4.62,392.7,4.9,15506,Medium,Yes,No,Yes,No,No,Yes,Croissant,Morning,Fruity,Cold,USA
SB02067,Chai Tea,Tea,Venti,Hot,"A handcrafted Chai Tea prepared with premium Starbucks-style coffee or tea, skim milk, classic syrup and carefully balanced flavors.",Coconut,3,Hazelnut,Chocolate Shavings,Medium,190,218,38,14.6,23.5,4.44,377.4,5.0,42815,Very High,Yes,No,Yes,No,Yes,No,Sandwich,Evening,Fruity,Hot,Canada
SB02068,White Mocha Flat White,Flat White,Grande,Hot,"A handcrafted White Mocha Flat White prepared with premium Starbucks-style coffee or tea, oat milk, vanilla syrup and carefully balanced flavors.",Coconut,3,Caramel,Whipped Cream,Low,279,534,35,1.1,24.3,6.78,576.3,3.6,24545,Medium,Yes,No,Yes,No,Yes,No,Cheesecake,Evening,Fruity,Hot,USA
SB02069,Chai Cappuccino,Cappuccino,Grande,Hot,"A handcrafted Chai Cappuccino prepared with premium Starbucks-style coffee or tea, coconut milk, none syrup and carefully balanced flavors.",Almond,1,Toffee Nut,Whipped Cream,Low,33,548,50,12.2,7.5,8.16,693.6,4.7,3066,Low,No,Yes,Yes,Yes,Yes,No,Croissant,Afternoon,Nutty,Hot,Global
SB02070,Classic Refresher,Refresher,Venti,Cold,"A handcrafted Classic Refresher prepared with premium Starbucks-style coffee or tea, skim milk, none syrup and carefully balanced flavors.",Soy,4,Toffee Nut,Chocolate Shavings,Low,53,602,67,0.6,25.8,5.46,464.1,4.3,21937,Medium,Yes,No,Yes,No,No,No,Cheesecake,Evening,Chocolatey,Cold,UK
SB02071,Mocha Cold Brew,Cold Brew,Grande,Cold,"A handcrafted Mocha Cold Brew prepared with premium Starbucks-style coffee or tea, skim milk, toffee nut syrup and carefully balanced flavors.",Coconut,2,Caramel,Chocolate Shavings,Medium,134,594,62,16.4,20.8,8.42,715.7,4.3,49078,Very High,No,Yes,Yes,Yes,No,No,Cookie,Morning,Bold,Cold,Global
SB02072,Matcha Mocha,Mocha,Grande,Hot,"A handcrafted Matcha Mocha prepared with premium Starbucks-style coffee or tea, oat milk, toffee nut syrup and carefully balanced flavors.",Almond,2,Vanilla,None,High,275,163,45,18.7,16.5,3.78,321.3,4.5,42781,Very High,No,No,Yes,Yes,No,No,Blueberry Muffin,Morning,Sweet,Hot,Canada
SB02073,Mango Cappuccino,Cappuccino,Grande,Hot,"A handcrafted Mango Cappuccino prepared with premium Starbucks-style coffee or tea, oat milk, classic syrup and carefully balanced flavors.",Coconut,2,None,Whipped Cream,High,7,150,34,4.3,7.8,7.19,611.15,4.6,34822,High,Yes,No,Yes,Yes,Yes,No,Croissant,Evening,Creamy,Hot,USA
SB02074,Vanilla Macchiato,Macchiato,Venti,Cold,"A handcrafted Vanilla Macchiato prepared with premium Starbucks-style coffee or tea, coconut milk, classic syrup and carefully balanced flavors.",Soy,4,Caramel,Caramel Drizzle,High,143,250,9,13.4,28.6,5.58,474.3,3.7,2319,Low,Yes,Yes,Yes,No,No,Yes,Cookie,Morning,Bold,Cold,Japan
SB02075,Mocha Tea,Tea,Tall,Hot,"A handcrafted Mocha Tea prepared with premium Starbucks-style coffee or tea, almond milk, hazelnut syrup and carefully balanced flavors.",Coconut,4,Toffee Nut,None,Low,33,491,32,18.3,2.3,2.89,245.65,5.0,33233,High,Yes,Yes,Yes,Yes,No,No,Croissant,Afternoon,Creamy,Hot,India
SB02076,White Mocha Cold Brew,Cold Brew,Tall,Cold,"A handcrafted White Mocha Cold Brew prepared with premium Starbucks-style coffee or tea, whole milk, vanilla syrup and carefully balanced flavors.",Coconut,4,Caramel,Caramel Drizzle,Low,201,192,21,7.4,7.0,3.88,329.8,3.8,42807,Very High,No,No,Yes,Yes,No,Yes,Cookie,Evening,Nutty,Cold,Global
SB02077,Strawberry Flat White,Flat White,Venti,Cold,"A handcrafted Strawberry Flat White prepared with premium Starbucks-style coffee or tea, oat milk, toffee nut syrup and carefully balanced flavors.",Oat,2,Hazelnut,None,Low,34,335,15,5.7,25.7,6.32,537.2,4.1,46762,Very High,No,No,Yes,Yes,No,Yes,Croissant,Morning,Chocolatey,Cold,Japan
SB02078,Mocha Tea,Tea,Tall,Cold,"A handcrafted Mocha Tea prepared with premium Starbucks-style coffee or tea, whole milk, classic syrup and carefully balanced flavors.",Almond,2,Classic,None,High,295,191,40,16.3,6.6,2.9,246.5,4.6,38171,High,No,Yes,Yes,No,No,No,Sandwich,Evening,Nutty,Cold,Global
SB02079,Hazelnut Flat White,Flat White,Grande,Hot,"A handcrafted Hazelnut Flat White prepared with premium Starbucks-style coffee or tea, whole milk, hazelnut syrup and carefully balanced flavors.",Soy,1,None,Whipped Cream,High,88,253,30,13.4,1.0,8.28,703.8,3.7,35273,High,No,Yes,Yes,No,No,Yes,Blueberry Muffin,Morning,Creamy,Hot,Global
SB02080,Java Chip Macchiato,Macchiato,Tall,Cold,"A handcrafted Java Chip Macchiato prepared with premium Starbucks-style coffee or tea, whole milk, caramel syrup and carefully balanced flavors.",Soy,2,None,Caramel Drizzle,Low,249,410,47,6.2,15.6,7.46,634.1,4.7,18788,Medium,No,Yes,Yes,Yes,No,No,Sandwich,Afternoon,Chocolatey,Cold,Canada
SB02081,Hazelnut Espresso,Espresso,Grande,Cold,"A handcrafted Hazelnut Espresso prepared with premium Starbucks-style coffee or tea, almond milk, toffee nut syrup and carefully balanced flavors.",Coconut,1,Caramel,None,Medium,65,540,69,4.0,10.8,6.97,592.45,3.8,4745,Low,No,Yes,Yes,Yes,Yes,Yes,Blueberry Muffin,Morning,Nutty,Cold,UK
SB02082,Strawberry Americano,Americano,Tall,Cold,"A handcrafted Strawberry Americano prepared with premium Starbucks-style coffee or tea, whole milk, classic syrup and carefully balanced flavors.",Skim,0,Hazelnut,Caramel Drizzle,Low,9,474,7,18.2,19.1,8.27,702.95,4.5,28818,High,No,Yes,Yes,No,Yes,Yes,Croissant,Morning,Sweet,Cold,Canada
SB02083,Vanilla Americano,Americano,Tall,Hot,"A handcrafted Vanilla Americano prepared with premium Starbucks-style coffee or tea, oat milk, hazelnut syrup and carefully balanced flavors.",Coconut,2,Vanilla,Caramel Drizzle,Medium,240,372,32,14.8,22.1,4.66,396.1,4.0,11247,Medium,Yes,No,Yes,No,No,No,Cheesecake,Evening,Bold,Hot,Japan
SB02084,Mango Flat White,Flat White,Grande,Cold,"A handcrafted Mango Flat White prepared with premium Starbucks-style coffee or tea, whole milk, vanilla syrup and carefully balanced flavors.",Soy,0,Classic,Chocolate Shavings,Low,254,284,39,17.5,26.0,7.58,644.3,5.0,3035,Low,Yes,No,Yes,Yes,No,No,Cookie,Morning,Nutty,Cold,India
SB02085,Classic Flat White,Flat White,Grande,Hot,"A handcrafted Classic Flat White prepared with premium Starbucks-style coffee or tea, whole milk, none syrup and carefully balanced flavors.",Oat,2,Toffee Nut,Whipped Cream,Medium,242,587,55,9.6,1.8,4.55,386.75,4.7,15680,Medium,No,Yes,Yes,No,No,No,Croissant,Evening,Bold,Hot,USA
SB02086,Chai Espresso,Espresso,Venti,Cold,"A handcrafted Chai Espresso prepared with premium Starbucks-style coffee or tea, coconut milk, classic syrup and carefully balanced flavors.",Coconut,1,None,Whipped Cream,Low,294,73,62,6.8,22.1,8.07,685.95,4.4,18289,Medium,Yes,No,Yes,No,Yes,No,Sandwich,Afternoon,Bold,Cold,India
SB02087,Strawberry Mocha,Mocha,Venti,Cold,"A handcrafted Strawberry Mocha prepared with premium Starbucks-style coffee or tea, almond milk, hazelnut syrup and carefully balanced flavors.",Soy,1,Toffee Nut,Caramel Drizzle,Low,288,222,47,7.5,9.8,4.38,372.3,4.9,14889,Medium,No,No,Yes,Yes,No,No,Blueberry Muffin,Morning,Bold,Cold,Japan
SB02088,Mocha Cold Brew,Cold Brew,Grande,Cold,"A handcrafted Mocha Cold Brew prepared with premium Starbucks-style coffee or tea, almond milk, hazelnut syrup and carefully balanced flavors.",Soy,2,Classic,Whipped Cream,High,171,368,58,16.7,9.2,7.12,605.2,3.5,39799,High,No,No,Yes,No,No,Yes,Cookie,Evening,Sweet,Cold,Japan
SB02089,Chai Latte,Latte,Tall,Cold,"A handcrafted Chai Latte prepared with premium Starbucks-style coffee or tea, whole milk, hazelnut syrup and carefully balanced flavors.",Oat,3,Toffee Nut,Chocolate Shavings,High,10,100,19,4.1,1.1,3.62,307.7,4.5,2950,Low,No,Yes,Yes,Yes,Yes,No,Croissant,Evening,Nutty,Cold,USA
SB02090,Matcha Tea,Tea,Venti,Hot,"A handcrafted Matcha Tea prepared with premium Starbucks-style coffee or tea, coconut milk, vanilla syrup and carefully balanced flavors.",Oat,0,None,None,High,100,234,12,3.7,9.2,7.11,604.35,3.7,41059,Very High,Yes,Yes,Yes,No,Yes,Yes,Blueberry Muffin,Afternoon,Sweet,Hot,UK
SB02091,Caramel Cold Brew,Cold Brew,Tall,Cold,"A handcrafted Caramel Cold Brew prepared with premium Starbucks-style coffee or tea, skim milk, none syrup and carefully balanced flavors.",Soy,2,None,Chocolate Shavings,Low,55,24,46,15.2,24.6,4.22,358.7,4.7,18545,Medium,Yes,No,Yes,Yes,No,No,Blueberry Muffin,Afternoon,Bold,Cold,India
SB02092,Matcha Cappuccino,Cappuccino,Tall,Cold,"A handcrafted Matcha Cappuccino prepared with premium Starbucks-style coffee or tea, almond milk, caramel syrup and carefully balanced flavors.",Whole,3,Classic,Caramel Drizzle,Low,49,544,67,11.5,5.9,3.09,262.65,4.8,21006,Medium,Yes,Yes,Yes,Yes,Yes,Yes,Cookie,Morning,Creamy,Cold,Global
SB02093,Mocha Americano,Americano,Tall,Hot,"A handcrafted Mocha Americano prepared with premium Starbucks-style coffee or tea, skim milk, toffee nut syrup and carefully balanced flavors.",Almond,1,Toffee Nut,Caramel Drizzle,Medium,128,388,10,19.5,3.1,6.86,583.1,3.8,43255,Very High,Yes,Yes,Yes,Yes,Yes,No,Blueberry Muffin,Afternoon,Bold,Hot,UK
SB02094,Caramel Refresher,Refresher,Tall,Cold,"A handcrafted Caramel Refresher prepared with premium Starbucks-style coffee or tea, soy milk, classic syrup and carefully balanced flavors.",Almond,4,Vanilla,Chocolate Shavings,Low,188,82,41,7.1,27.7,4.07,345.95,4.6,9460,Low,Yes,No,Yes,No,Yes,No,Blueberry Muffin,Morning,Fruity,Cold,USA
SB02095,Matcha Cold Brew,Cold Brew,Tall,Cold,"A handcrafted Matcha Cold Brew prepared with premium Starbucks-style coffee or tea, whole milk, vanilla syrup and carefully balanced flavors.",Oat,1,Caramel,None,High,298,249,13,16.9,16.8,5.74,487.9,4.7,45368,Very High,Yes,No,Yes,No,Yes,No,Sandwich,Evening,Bold,Cold,USA
SB02096,Mango Macchiato,Macchiato,Grande,Cold,"A handcrafted Mango Macchiato prepared with premium Starbucks-style coffee or tea, skim milk, caramel syrup and carefully balanced flavors.",Almond,0,Vanilla,Chocolate Shavings,Low,0,630,66,8.1,0.1,3.49,296.65,3.7,17909,Medium,Yes,Yes,Yes,Yes,Yes,No,Cookie,Afternoon,Nutty,Cold,UK
SB02097,Hazelnut Mocha,Mocha,Tall,Cold,"A handcrafted Hazelnut Mocha prepared with premium Starbucks-style coffee or tea, almond milk, classic syrup and carefully balanced flavors.",Skim,1,Hazelnut,Whipped Cream,High,219,402,60,5.4,10.8,4.97,422.45,4.6,38074,High,No,No,Yes,No,No,No,Cookie,Morning,Sweet,Cold,UK
SB02098,Mocha Macchiato,Macchiato,Tall,Cold,"A handcrafted Mocha Macchiato prepared with premium Starbucks-style coffee or tea, oat milk, vanilla syrup and carefully balanced flavors.",Whole,4,Caramel,Caramel Drizzle,Low,248,237,61,15.8,11.1,5.29,449.65,4.2,19084,Medium,No,Yes,Yes,No,Yes,Yes,Cookie,Evening,Nutty,Cold,Global
SB02099,Java Chip Frappuccino,Frappuccino,Grande,Cold,"A handcrafted Java Chip Frappuccino prepared with premium Starbucks-style coffee or tea, almond milk, vanilla syrup and carefully balanced flavors.",Almond,0,Classic,Whipped Cream,Low,200,417,10,17.6,20.9,6.96,591.6,4.9,49723,Very High,No,No,Yes,No,No,Yes,Cheesecake,Morning,Creamy,Cold,Canada
SB02100,Hazelnut Cold Brew,Cold Brew,Venti,Cold,"A handcrafted Hazelnut Cold Brew prepared with premium Starbucks-style coffee or tea, skim milk, classic syrup and carefully balanced flavors.",Skim,1,Vanilla,Caramel Drizzle,High,32,368,57,13.1,24.5,7.73,657.05,3.7,43484,Very High,Yes,No,Yes,No,Yes,Yes,Cheesecake,Afternoon,Nutty,Cold,Canada
SB02101,Strawberry Refresher,Refresher,Venti,Cold,"A handcrafted Strawberry Refresher prepared with premium Starbucks-style coffee or tea, soy milk, classic syrup and carefully balanced flavors.",Coconut,4,Classic,None,Medium,216,307,18,5.0,5.8,4.84,411.4,4.5,15418,Medium,No,No,Yes,No,Yes,No,Blueberry Muffin,Afternoon,Sweet,Cold,India
SB02102,Caramel Cold Brew,Cold Brew,Grande,Cold,"A handcrafted Caramel Cold Brew prepared with premium Starbucks-style coffee or tea, coconut milk, vanilla syrup and carefully balanced flavors.",Soy,4,Hazelnut,Caramel Drizzle,Medium,263,485,35,0.1,22.3,2.79,237.15,4.4,44003,Very High,Yes,No,Yes,No,Yes,Yes,Blueberry Muffin,Morning,Nutty,Cold,India
SB02103,Classic Flat White,Flat White,Grande,Hot,"A handcrafted Classic Flat White prepared with premium Starbucks-style coffee or tea, skim milk, hazelnut syrup and carefully balanced flavors.",Skim,2,None,Chocolate Shavings,High,88,602,27,10.3,22.0,4.64,394.4,3.7,36157,High,Yes,No,Yes,Yes,No,No,Croissant,Evening,Fruity,Hot,India
SB02104,Java Chip Cappuccino,Cappuccino,Tall,Cold,"A handcrafted Java Chip Cappuccino prepared with premium Starbucks-style coffee or tea, almond milk, hazelnut syrup and carefully balanced flavors.",Skim,2,Vanilla,Chocolate Shavings,High,279,271,11,12.6,25.3,5.69,483.65,4.1,17903,Medium,Yes,No,Yes,No,Yes,Yes,Sandwich,Evening,Sweet,Cold,USA
SB02105,Chai Cold Brew,Cold Brew,Venti,Cold,"A handcrafted Chai Cold Brew prepared with premium Starbucks-style coffee or tea, whole milk, none syrup and carefully balanced flavors.",Almond,2,Caramel,Whipped Cream,High,56,90,34,7.6,8.8,4.01,340.85,4.2,43888,Very High,Yes,Yes,Yes,No,No,No,Sandwich,Evening,Creamy,Cold,India
SB02106,Strawberry Macchiato,Macchiato,Venti,Cold,"A handcrafted Strawberry Macchiato prepared with premium Starbucks-style coffee or tea, soy milk, hazelnut syrup and carefully balanced flavors.",Coconut,4,Vanilla,Caramel Drizzle,Low,247,447,55,8.3,27.8,3.7,314.5,4.4,23319,Medium,No,Yes,Yes,Yes,Yes,Yes,Cheesecake,Morning,Chocolatey,Cold,UK
SB02107,Classic Flat White,Flat White,Venti,Hot,"A handcrafted Classic Flat White prepared with premium Starbucks-style coffee or tea, whole milk, classic syrup and carefully balanced flavors.",Coconut,1,Caramel,Chocolate Shavings,Medium,141,400,35,5.0,27.5,6.84,581.4,4.2,13083,Medium,Yes,No,Yes,Yes,No,Yes,Cookie,Afternoon,Fruity,Hot,Japan
SB02108,Strawberry Cold Brew,Cold Brew,Venti,Cold,"A handcrafted Strawberry Cold Brew prepared with premium Starbucks-style coffee or tea, oat milk, classic syrup and carefully balanced flavors.",Coconut,4,Toffee Nut,Caramel Drizzle,Medium,115,22,46,3.1,6.4,8.11,689.35,3.9,44693,Very High,Yes,No,Yes,Yes,Yes,No,Blueberry Muffin,Afternoon,Bold,Cold,Japan
SB02109,Matcha Espresso,Espresso,Grande,Cold,"A handcrafted Matcha Espresso prepared with premium Starbucks-style coffee or tea, whole milk, caramel syrup and carefully balanced flavors.",Soy,0,Toffee Nut,Chocolate Shavings,Low,1,136,48,10.7,4.4,2.65,225.25,3.7,27233,High,No,No,Yes,Yes,No,Yes,Cookie,Afternoon,Bold,Cold,USA
SB02110,Chai Cappuccino,Cappuccino,Tall,Hot,"A handcrafted Chai Cappuccino prepared with premium Starbucks-style coffee or tea, oat milk, vanilla syrup and carefully balanced flavors.",Whole,3,Vanilla,Whipped Cream,Medium,300,602,58,18.0,14.4,6.88,584.8,4.5,16983,Medium,Yes,No,Yes,No,Yes,No,Blueberry Muffin,Afternoon,Sweet,Hot,UK
SB02111,White Mocha Mocha,Mocha,Tall,Hot,"A handcrafted White Mocha Mocha prepared with premium Starbucks-style coffee or tea, almond milk, caramel syrup and carefully balanced flavors.",Oat,2,None,Caramel Drizzle,High,35,146,21,4.6,8.0,3.19,271.15,4.9,24260,Medium,Yes,No,Yes,Yes,No,No,Blueberry Muffin,Afternoon,Creamy,Hot,Global
SB02112,White Mocha Mocha,Mocha,Venti,Hot,"A handcrafted White Mocha Mocha prepared with premium Starbucks-style coffee or tea, coconut milk, classic syrup and carefully balanced flavors.",Soy,0,Classic,None,Medium,297,300,4,10.9,0.8,5.61,476.85,4.3,8627,Low,Yes,Yes,Yes,Yes,No,No,Cookie,Evening,Chocolatey,Hot,USA
SB02113,Mango Cappuccino,Cappuccino,Grande,Hot,"A handcrafted Mango Cappuccino prepared with premium Starbucks-style coffee or tea, whole milk, none syrup and carefully balanced flavors.",Whole,1,None,Chocolate Shavings,High,289,78,18,2.4,3.8,4.9,416.5,4.9,43927,Very High,Yes,No,Yes,Yes,No,Yes,Blueberry Muffin,Afternoon,Chocolatey,Hot,Japan
SB02114,Strawberry Americano,Americano,Tall,Hot,"A handcrafted Strawberry Americano prepared with premium Starbucks-style coffee or tea, whole milk, hazelnut syrup and carefully balanced flavors.",Whole,4,Toffee Nut,Whipped Cream,Low,147,522,41,12.8,8.9,3.61,306.85,3.8,33433,High,Yes,No,Yes,No,Yes,Yes,Sandwich,Afternoon,Fruity,Hot,India
SB02115,Strawberry Cappuccino,Cappuccino,Tall,Cold,"A handcrafted Strawberry Cappuccino prepared with premium Starbucks-style coffee or tea, oat milk, toffee nut syrup and carefully balanced flavors.",Whole,4,Vanilla,Caramel Drizzle,Medium,113,356,24,13.9,15.2,7.56,642.6,3.7,45702,Very High,Yes,Yes,Yes,Yes,Yes,Yes,Sandwich,Evening,Fruity,Cold,UK
SB02116,Chai Cold Brew,Cold Brew,Tall,Cold,"A handcrafted Chai Cold Brew prepared with premium Starbucks-style coffee or tea, coconut milk, classic syrup and carefully balanced flavors.",Oat,2,Classic,Whipped Cream,High,122,422,20,13.1,4.1,4.45,378.25,4.1,49627,Very High,No,No,Yes,No,Yes,Yes,Cheesecake,Afternoon,Nutty,Cold,UK
SB02117,White Mocha Tea,Tea,Venti,Hot,"A handcrafted White Mocha Tea prepared with premium Starbucks-style coffee or tea, skim milk, none syrup and carefully balanced flavors.",Almond,1,Vanilla,Caramel Drizzle,Low,85,46,11,16.2,20.6,8.13,691.05,3.6,40752,Very High,No,No,Yes,No,No,No,Blueberry Muffin,Evening,Chocolatey,Hot,USA
SB02118,Mango Latte,Latte,Venti,Cold,"A handcrafted Mango Latte prepared with premium Starbucks-style coffee or tea, almond milk, caramel syrup and carefully balanced flavors.",Skim,3,Hazelnut,Caramel Drizzle,Low,157,433,15,11.1,18.1,6.02,511.7,3.5,31466,High,No,Yes,Yes,Yes,No,Yes,Sandwich,Afternoon,Nutty,Cold,Global
SB02119,Mango Cold Brew,Cold Brew,Grande,Cold,"A handcrafted Mango Cold Brew prepared with premium Starbucks-style coffee or tea, almond milk, vanilla syrup and carefully balanced flavors.",Whole,1,None,Chocolate Shavings,Medium,20,559,45,0.5,12.6,3.18,270.3,4.3,24160,Medium,Yes,Yes,Yes,Yes,No,Yes,Croissant,Afternoon,Nutty,Cold,UK
SB02120,Chai Refresher,Refresher,Grande,Cold,"A handcrafted Chai Refresher prepared with premium Starbucks-style coffee or tea, oat milk, classic syrup and carefully balanced flavors.",Oat,3,Vanilla,None,High,299,600,30,19.4,11.8,8.39,713.15,4.3,2294,Low,No,No,Yes,Yes,No,Yes,Blueberry Muffin,Evening,Fruity,Cold,Canada
SB02121,Chai Macchiato,Macchiato,Grande,Hot,"A handcrafted Chai Macchiato prepared with premium Starbucks-style coffee or tea, oat milk, classic syrup and carefully balanced flavors.",Coconut,1,Hazelnut,Whipped Cream,Low,33,206,45,13.7,13.9,3.16,268.6,4.5,16706,Medium,No,Yes,Yes,Yes,No,Yes,Sandwich,Evening,Fruity,Hot,UK
SB02122,Java Chip Americano,Americano,Grande,Cold,"A handcrafted Java Chip Americano prepared with premium Starbucks-style coffee or tea, almond milk, vanilla syrup and carefully balanced flavors.",Oat,3,None,Caramel Drizzle,Medium,89,222,34,19.0,2.7,5.83,495.55,4.8,16100,Medium,No,Yes,Yes,Yes,Yes,Yes,Croissant,Morning,Chocolatey,Cold,Canada
SB02123,Chai Americano,Americano,Grande,Hot,"A handcrafted Chai Americano prepared with premium Starbucks-style coffee or tea, soy milk, classic syrup and carefully balanced flavors.",Whole,2,None,Whipped Cream,Low,226,378,3,15.1,6.6,6.67,566.95,4.2,3162,Low,No,No,Yes,No,Yes,Yes,Cheesecake,Evening,Bold,Hot,India
SB02124,Classic Espresso,Espresso,Grande,Cold,"A handcrafted Classic Espresso prepared with premium Starbucks-style coffee or tea, whole milk, toffee nut syrup and carefully balanced flavors.",Skim,1,Classic,Caramel Drizzle,High,168,495,23,3.0,12.3,6.04,513.4,4.3,44441,Very High,Yes,No,Yes,No,No,Yes,Blueberry Muffin,Morning,Sweet,Cold,India
SB02125,Java Chip Cappuccino,Cappuccino,Tall,Cold,"A handcrafted Java Chip Cappuccino prepared with premium Starbucks-style coffee or tea, oat milk, vanilla syrup and carefully balanced flavors.",Skim,3,Toffee Nut,None,Low,218,221,44,9.8,12.0,6.4,544.0,4.5,7754,Low,No,No,Yes,Yes,Yes,Yes,Blueberry Muffin,Afternoon,Bold,Cold,Canada
SB02126,Caramel Flat White,Flat White,Venti,Cold,"A handcrafted Caramel Flat White prepared with premium Starbucks-style coffee or tea, soy milk, hazelnut syrup and carefully balanced flavors.",Oat,3,Hazelnut,Chocolate Shavings,Medium,89,76,37,6.0,3.8,7.78,661.3,4.4,23855,Medium,Yes,No,Yes,No,No,Yes,Cheesecake,Evening,Creamy,Cold,Canada
SB02127,Vanilla Macchiato,Macchiato,Tall,Hot,"A handcrafted Vanilla Macchiato prepared with premium Starbucks-style coffee or tea, whole milk, toffee nut syrup and carefully balanced flavors.",Soy,0,Classic,Caramel Drizzle,High,12,599,7,9.3,1.6,4.36,370.6,4.3,2303,Low,No,No,Yes,Yes,Yes,No,Croissant,Evening,Chocolatey,Hot,UK
SB02128,Mango Cappuccino,Cappuccino,Tall,Hot,"A handcrafted Mango Cappuccino prepared with premium Starbucks-style coffee or tea, almond milk, vanilla syrup and carefully balanced flavors.",Coconut,4,Hazelnut,Chocolate Shavings,Low,163,525,39,5.2,18.3,8.28,703.8,4.2,48410,Very High,No,No,Yes,Yes,No,Yes,Blueberry Muffin,Morning,Nutty,Hot,UK
SB02129,Caramel Tea,Tea,Grande,Cold,"A handcrafted Caramel Tea prepared with premium Starbucks-style coffee or tea, coconut milk, vanilla syrup and carefully balanced flavors.",Almond,1,Toffee Nut,Whipped Cream,Low,18,569,57,4.3,9.5,3.37,286.45,3.8,11453,Medium,Yes,Yes,Yes,Yes,No,Yes,Cookie,Afternoon,Creamy,Cold,India
SB02130,White Mocha Latte,Latte,Grande,Cold,"A handcrafted White Mocha Latte prepared with premium Starbucks-style coffee or tea, coconut milk, caramel syrup and carefully balanced flavors.",Oat,3,Hazelnut,Whipped Cream,Low,259,400,16,15.5,11.5,4.3,365.5,4.3,49415,Very High,No,No,Yes,Yes,Yes,Yes,Sandwich,Evening,Creamy,Cold,India
SB02131,Vanilla Americano,Americano,Tall,Cold,"A handcrafted Vanilla Americano prepared with premium Starbucks-style coffee or tea, coconut milk, caramel syrup and carefully balanced flavors.",Skim,1,Classic,None,Low,41,378,13,13.7,3.0,4.91,417.35,4.7,7392,Low,Yes,No,Yes,Yes,Yes,No,Cheesecake,Afternoon,Creamy,Cold,Global
SB02132,Chai Flat White,Flat White,Grande,Cold,"A handcrafted Chai Flat White prepared with premium Starbucks-style coffee or tea, coconut milk, hazelnut syrup and carefully balanced flavors.",Skim,4,None,Caramel Drizzle,Medium,295,365,47,1.3,25.9,7.59,645.15,5.0,9675,Low,No,Yes,Yes,No,Yes,No,Sandwich,Evening,Bold,Cold,Global
SB02133,Matcha Refresher,Refresher,Grande,Cold,"A handcrafted Matcha Refresher prepared with premium Starbucks-style coffee or tea, soy milk, none syrup and carefully balanced flavors.",Coconut,1,Hazelnut,Whipped Cream,Low,277,33,26,11.9,21.9,8.18,695.3,4.2,48027,Very High,Yes,Yes,Yes,No,Yes,No,Sandwich,Afternoon,Nutty,Cold,Canada
SB02134,Matcha Tea,Tea,Venti,Cold,"A handcrafted Matcha Tea prepared with premium Starbucks-style coffee or tea, oat milk, hazelnut syrup and carefully balanced flavors.",Skim,0,Classic,None,Low,146,242,13,4.3,23.6,4.18,355.3,3.8,8999,Low,No,No,Yes,No,Yes,No,Croissant,Evening,Fruity,Cold,UK
SB02135,Matcha Flat White,Flat White,Venti,Hot,"A handcrafted Matcha Flat White prepared with premium Starbucks-style coffee or tea, soy milk, caramel syrup and carefully balanced flavors.",Soy,4,Toffee Nut,Whipped Cream,High,114,79,70,18.8,24.0,5.81,493.85,4.2,18322,Medium,Yes,Yes,Yes,Yes,No,Yes,Blueberry Muffin,Evening,Nutty,Hot,India
SB02136,Java Chip Latte,Latte,Tall,Hot,"A handcrafted Java Chip Latte prepared with premium Starbucks-style coffee or tea, whole milk, classic syrup and carefully balanced flavors.",Whole,1,Hazelnut,Chocolate Shavings,High,212,498,33,10.8,8.3,2.68,227.8,3.9,15082,Medium,No,No,Yes,No,No,No,Cookie,Morning,Nutty,Hot,UK
SB02137,Chai Espresso,Espresso,Grande,Cold,"A handcrafted Chai Espresso prepared with premium Starbucks-style coffee or tea, coconut milk, none syrup and carefully balanced flavors.",Almond,4,Caramel,Whipped Cream,Medium,49,611,30,10.2,29.1,7.05,599.25,3.9,23578,Medium,Yes,No,Yes,Yes,No,Yes,Sandwich,Evening,Fruity,Cold,Canada
SB02138,Strawberry Refresher,Refresher,Venti,Cold,"A handcrafted Strawberry Refresher prepared with premium Starbucks-style coffee or tea, coconut milk, vanilla syrup and carefully balanced flavors.",Oat,0,None,Chocolate Shavings,Low,141,149,1,0.9,23.0,3.54,300.9,3.9,3000,Low,Yes,Yes,Yes,No,Yes,No,Cheesecake,Morning,Nutty,Cold,India
SB02139,Caramel Tea,Tea,Tall,Cold,"A handcrafted Caramel Tea prepared with premium Starbucks-style coffee or tea, whole milk, vanilla syrup and carefully balanced flavors.",Oat,4,None,None,High,30,91,60,10.6,15.7,7.81,663.85,4.4,41660,Very High,Yes,Yes,Yes,Yes,Yes,Yes,Cheesecake,Evening,Chocolatey,Cold,Japan
SB02140,Hazelnut Cold Brew,Cold Brew,Venti,Cold,"A handcrafted Hazelnut Cold Brew prepared with premium Starbucks-style coffee or tea, almond milk, none syrup and carefully balanced flavors.",Almond,2,Caramel,Caramel Drizzle,High,121,466,24,11.6,17.6,5.06,430.1,4.2,47715,Very High,No,No,Yes,No,No,Yes,Cookie,Morning,Chocolatey,Cold,India
SB02141,Mango Macchiato,Macchiato,Grande,Cold,"A handcrafted Mango Macchiato prepared with premium Starbucks-style coffee or tea, oat milk, toffee nut syrup and carefully balanced flavors.",Skim,3,Toffee Nut,None,Low,166,568,70,15.9,7.4,7.39,628.15,4.5,41529,Very High,Yes,Yes,Yes,Yes,Yes,No,Croissant,Afternoon,Nutty,Cold,UK
SB02142,Mocha Frappuccino,Frappuccino,Grande,Cold,"A handcrafted Mocha Frappuccino prepared with premium Starbucks-style coffee or tea, almond milk, vanilla syrup and carefully balanced flavors.",Almond,3,Caramel,Chocolate Shavings,High,148,636,10,6.8,11.9,4.69,398.65,4.2,23886,Medium,Yes,Yes,Yes,No,No,No,Cheesecake,Afternoon,Chocolatey,Cold,India
SB02143,Strawberry Mocha,Mocha,Venti,Cold,"A handcrafted Strawberry Mocha prepared with premium Starbucks-style coffee or tea, almond milk, hazelnut syrup and carefully balanced flavors.",Soy,3,Classic,Whipped Cream,High,48,475,5,13.3,5.3,2.85,242.25,4.6,31774,High,Yes,Yes,Yes,No,No,Yes,Blueberry Muffin,Evening,Creamy,Cold,India
SB02144,Java Chip Macchiato,Macchiato,Venti,Hot,"A handcrafted Java Chip Macchiato prepared with premium Starbucks-style coffee or tea, oat milk, vanilla syrup and carefully balanced flavors.",Almond,3,Hazelnut,None,High,108,50,53,10.2,14.1,3.01,255.85,4.2,19100,Medium,Yes,No,Yes,No,Yes,Yes,Sandwich,Evening,Fruity,Hot,Global
SB02145,Strawberry Latte,Latte,Grande,Hot,"A handcrafted Strawberry Latte prepared with premium Starbucks-style coffee or tea, coconut milk, toffee nut syrup and carefully balanced flavors.",Whole,2,Vanilla,Chocolate Shavings,Low,11,135,6,5.2,27.3,5.76,489.6,3.6,4996,Low,No,No,Yes,No,No,Yes,Sandwich,Evening,Fruity,Hot,India
SB02146,Strawberry Americano,Americano,Tall,Hot,"A handcrafted Strawberry Americano prepared with premium Starbucks-style coffee or tea, almond milk, caramel syrup and carefully balanced flavors.",Whole,0,Classic,Chocolate Shavings,Low,43,217,41,1.8,15.6,5.24,445.4,3.6,12006,Medium,Yes,No,Yes,No,Yes,No,Blueberry Muffin,Morning,Fruity,Hot,India
SB02147,White Mocha Cappuccino,Cappuccino,Grande,Cold,"A handcrafted White Mocha Cappuccino prepared with premium Starbucks-style coffee or tea, oat milk, classic syrup and carefully balanced flavors.",Coconut,3,Vanilla,Caramel Drizzle,High,262,237,51,5.1,14.2,5.62,477.7,4.8,47728,Very High,Yes,No,Yes,Yes,Yes,No,Cheesecake,Afternoon,Nutty,Cold,Japan
SB02148,Chai Macchiato,Macchiato,Tall,Cold,"A handcrafted Chai Macchiato prepared with premium Starbucks-style coffee or tea, oat milk, classic syrup and carefully balanced flavors.",Coconut,4,Caramel,Chocolate Shavings,High,171,400,11,17.4,22.4,7.68,652.8,4.8,2494,Low,No,No,Yes,No,Yes,No,Sandwich,Morning,Fruity,Cold,USA
SB02149,Mocha Espresso,Espresso,Venti,Hot,"A handcrafted Mocha Espresso prepared with premium Starbucks-style coffee or tea, soy milk, toffee nut syrup and carefully balanced flavors.",Soy,1,Toffee Nut,Caramel Drizzle,High,164,562,19,10.1,2.3,6.24,530.4,4.3,34252,High,Yes,No,Yes,No,No,No,Croissant,Morning,Bold,Hot,Japan
SB02150,Mocha Cappuccino,Cappuccino,Tall,Hot,"A handcrafted Mocha Cappuccino prepared with premium Starbucks-style coffee or tea, oat milk, vanilla syrup and carefully balanced flavors.",Almond,2,Classic,Whipped Cream,High,170,140,47,14.5,25.3,4.92,418.2,3.7,38995,High,Yes,No,Yes,No,Yes,Yes,Blueberry Muffin,Evening,Chocolatey,Hot,Japan
SB02151,Strawberry Tea,Tea,Venti,Hot,"A handcrafted Strawberry Tea prepared with premium Starbucks-style coffee or tea, almond milk, toffee nut syrup and carefully balanced flavors.",Skim,3,Vanilla,None,Low,187,565,28,16.6,13.8,5.72,486.2,3.8,8686,Low,Yes,Yes,Yes,Yes,No,No,Sandwich,Morning,Nutty,Hot,UK
SB02152,Chai Refresher,Refresher,Venti,Cold,"A handcrafted Chai Refresher prepared with premium Starbucks-style coffee or tea, oat milk, hazelnut syrup and carefully balanced flavors.",Soy,0,Toffee Nut,Caramel Drizzle,High,231,444,37,11.8,9.9,4.49,381.65,3.7,4521,Low,Yes,No,Yes,Yes,Yes,Yes,Croissant,Morning,Creamy,Cold,USA
SB02153,Vanilla Cappuccino,Cappuccino,Venti,Cold,"A handcrafted Vanilla Cappuccino prepared with premium Starbucks-style coffee or tea, whole milk, classic syrup and carefully balanced flavors.",Skim,1,Classic,Whipped Cream,High,267,551,64,14.5,8.9,3.72,316.2,3.6,34263,High,No,Yes,Yes,No,No,No,Cheesecake,Evening,Creamy,Cold,Canada
SB02154,Vanilla Refresher,Refresher,Venti,Cold,"A handcrafted Vanilla Refresher prepared with premium Starbucks-style coffee or tea, whole milk, vanilla syrup and carefully balanced flavors.",Almond,3,Vanilla,Caramel Drizzle,High,37,63,7,13.8,28.0,3.47,294.95,3.7,42917,Very High,No,Yes,Yes,Yes,No,No,Cheesecake,Evening,Creamy,Cold,Canada
SB02155,Mocha Espresso,Espresso,Tall,Cold,"A handcrafted Mocha Espresso prepared with premium Starbucks-style coffee or tea, oat milk, hazelnut syrup and carefully balanced flavors.",Whole,1,None,Chocolate Shavings,High,202,389,55,6.7,17.7,7.39,628.15,3.8,20379,Medium,No,Yes,Yes,No,No,No,Cheesecake,Afternoon,Chocolatey,Cold,India
SB02156,Strawberry Espresso,Espresso,Venti,Hot,"A handcrafted Strawberry Espresso prepared with premium Starbucks-style coffee or tea, soy milk, vanilla syrup and carefully balanced flavors.",Whole,1,Vanilla,Whipped Cream,Low,136,294,39,15.4,12.0,5.89,500.65,4.6,21802,Medium,Yes,No,Yes,Yes,No,No,Blueberry Muffin,Morning,Nutty,Hot,UK
SB02157,Java Chip Cold Brew,Cold Brew,Grande,Cold,"A handcrafted Java Chip Cold Brew prepared with premium Starbucks-style coffee or tea, soy milk, vanilla syrup and carefully balanced flavors.",Coconut,1,Toffee Nut,Caramel Drizzle,Low,156,621,20,14.7,1.6,4.02,341.7,4.2,9962,Low,No,No,Yes,No,Yes,No,Sandwich,Morning,Nutty,Cold,Japan
SB02158,Strawberry Cappuccino,Cappuccino,Tall,Cold,"A handcrafted Strawberry Cappuccino prepared with premium Starbucks-style coffee or tea, almond milk, vanilla syrup and carefully balanced flavors.",Skim,3,Toffee Nut,None,Low,177,502,25,8.1,13.3,3.54,300.9,4.6,7639,Low,No,No,Yes,No,Yes,No,Croissant,Evening,Creamy,Cold,India
SB02159,White Mocha Cold Brew,Cold Brew,Tall,Cold,"A handcrafted White Mocha Cold Brew prepared with premium Starbucks-style coffee or tea, soy milk, caramel syrup and carefully balanced flavors.",Coconut,3,Caramel,Whipped Cream,Medium,281,425,3,3.3,24.3,8.04,683.4,3.7,35204,High,No,Yes,Yes,No,Yes,Yes,Croissant,Evening,Creamy,Cold,USA
SB02160,Strawberry Americano,Americano,Tall,Hot,"A handcrafted Strawberry Americano prepared with premium Starbucks-style coffee or tea, oat milk, caramel syrup and carefully balanced flavors.",Whole,0,Caramel,Chocolate Shavings,Medium,160,204,4,17.7,7.1,3.29,279.65,4.7,2887,Low,Yes,No,Yes,No,No,No,Cheesecake,Afternoon,Creamy,Hot,Canada
SB02161,Hazelnut Refresher,Refresher,Grande,Cold,"A handcrafted Hazelnut Refresher prepared with premium Starbucks-style coffee or tea, coconut milk, toffee nut syrup and carefully balanced flavors.",Skim,2,Classic,Caramel Drizzle,Medium,125,242,57,16.4,16.0,6.47,549.95,4.1,9213,Low,No,Yes,Yes,Yes,Yes,Yes,Blueberry Muffin,Morning,Chocolatey,Cold,USA
SB02162,Matcha Latte,Latte,Venti,Cold,"A handcrafted Matcha Latte prepared with premium Starbucks-style coffee or tea, soy milk, classic syrup and carefully balanced flavors.",Almond,2,Classic,Caramel Drizzle,High,167,229,4,18.2,9.1,8.12,690.2,4.8,35009,High,Yes,No,Yes,Yes,Yes,No,Cookie,Morning,Fruity,Cold,India
SB02163,Chai Cold Brew,Cold Brew,Venti,Cold,"A handcrafted Chai Cold Brew prepared with premium Starbucks-style coffee or tea, skim milk, vanilla syrup and carefully balanced flavors.",Almond,3,Vanilla,Caramel Drizzle,Medium,151,465,59,0.7,1.5,7.04,598.4,4.8,22747,Medium,Yes,No,Yes,No,Yes,No,Cookie,Afternoon,Nutty,Cold,India
SB02164,Chai Mocha,Mocha,Venti,Cold,"A handcrafted Chai Mocha prepared with premium Starbucks-style coffee or tea, skim milk, toffee nut syrup and carefully balanced flavors.",Almond,4,Hazelnut,None,High,237,217,53,16.7,20.6,6.31,536.35,3.8,8433,Low,Yes,Yes,Yes,Yes,No,No,Cookie,Morning,Nutty,Cold,Japan
SB02165,Vanilla Latte,Latte,Tall,Cold,"A handcrafted Vanilla Latte prepared with premium Starbucks-style coffee or tea, coconut milk, caramel syrup and carefully balanced flavors.",Coconut,1,Classic,Whipped Cream,Medium,118,484,35,15.9,16.1,3.65,310.25,3.7,2299,Low,Yes,No,Yes,Yes,Yes,No,Cheesecake,Morning,Chocolatey,Cold,USA
SB02166,Java Chip Cold Brew,Cold Brew,Venti,Cold,"A handcrafted Java Chip Cold Brew prepared with premium Starbucks-style coffee or tea, coconut milk, classic syrup and carefully balanced flavors.",Whole,2,Vanilla,Chocolate Shavings,Low,191,207,5,2.8,10.2,7.76,659.6,4.2,41282,Very High,No,No,Yes,Yes,No,No,Cheesecake,Morning,Bold,Cold,Global
SB02167,Classic Tea,Tea,Tall,Hot,"A handcrafted Classic Tea prepared with premium Starbucks-style coffee or tea, whole milk, classic syrup and carefully balanced flavors.",Skim,2,Hazelnut,Caramel Drizzle,High,63,465,11,0.5,16.0,5.39,458.15,4.3,34716,High,Yes,Yes,Yes,Yes,No,Yes,Blueberry Muffin,Evening,Sweet,Hot,India
SB02168,Mango Latte,Latte,Grande,Cold,"A handcrafted Mango Latte prepared with premium Starbucks-style coffee or tea, coconut milk, toffee nut syrup and carefully balanced flavors.",Skim,0,Caramel,Caramel Drizzle,Low,200,593,56,11.3,15.6,4.75,403.75,3.6,37328,High,Yes,Yes,Yes,No,Yes,Yes,Cheesecake,Morning,Creamy,Cold,USA
SB02169,Caramel Tea,Tea,Tall,Cold,"A handcrafted Caramel Tea prepared with premium Starbucks-style coffee or tea, skim milk, classic syrup and carefully balanced flavors.",Soy,0,Caramel,Chocolate Shavings,High,136,217,15,18.2,19.3,2.77,235.45,3.8,19683,Medium,Yes,No,Yes,Yes,No,Yes,Cookie,Afternoon,Chocolatey,Cold,UK
SB02170,Mocha Latte,Latte,Venti,Hot,"A handcrafted Mocha Latte prepared with premium Starbucks-style coffee or tea, skim milk, caramel syrup and carefully balanced flavors.",Soy,0,Hazelnut,Caramel Drizzle,Medium,31,618,51,0.0,3.9,3.24,275.4,4.0,9547,Low,Yes,No,Yes,Yes,No,Yes,Croissant,Evening,Chocolatey,Hot,Japan
SB02171,Vanilla Latte,Latte,Grande,Cold,"A handcrafted Vanilla Latte prepared with premium Starbucks-style coffee or tea, oat milk, toffee nut syrup and carefully balanced flavors.",Skim,3,Hazelnut,None,Low,163,571,19,14.6,12.5,7.2,612.0,4.3,48403,Very High,Yes,Yes,Yes,No,Yes,Yes,Sandwich,Evening,Creamy,Cold,India
SB02172,Chai Refresher,Refresher,Venti,Cold,"A handcrafted Chai Refresher prepared with premium Starbucks-style coffee or tea, soy milk, hazelnut syrup and carefully balanced flavors.",Almond,1,Caramel,Whipped Cream,Low,89,28,37,6.2,13.9,8.23,699.55,3.7,41114,Very High,No,Yes,Yes,Yes,Yes,No,Sandwich,Evening,Creamy,Cold,Japan
SB02173,Chai Americano,Americano,Venti,Cold,"A handcrafted Chai Americano prepared with premium Starbucks-style coffee or tea, skim milk, vanilla syrup and carefully balanced flavors.",Oat,2,None,Chocolate Shavings,Medium,293,405,52,7.9,10.0,3.56,302.6,3.6,12790,Medium,No,No,Yes,No,Yes,Yes,Croissant,Afternoon,Nutty,Cold,Canada
SB02174,Mocha Tea,Tea,Venti,Cold,"A handcrafted Mocha Tea prepared with premium Starbucks-style coffee or tea, almond milk, vanilla syrup and carefully balanced flavors.",Soy,3,Caramel,Chocolate Shavings,Medium,135,207,31,5.4,6.3,3.13,266.05,3.9,36410,High,No,Yes,Yes,Yes,No,Yes,Blueberry Muffin,Afternoon,Fruity,Cold,Japan
SB02175,Mocha Cold Brew,Cold Brew,Venti,Cold,"A handcrafted Mocha Cold Brew prepared with premium Starbucks-style coffee or tea, soy milk, hazelnut syrup and carefully balanced flavors.",Whole,4,Classic,Caramel Drizzle,High,255,259,5,15.1,14.7,6.52,554.2,4.0,2044,Low,Yes,Yes,Yes,Yes,No,No,Blueberry Muffin,Evening,Chocolatey,Cold,Global
SB02176,Classic Espresso,Espresso,Venti,Cold,"A handcrafted Classic Espresso prepared with premium Starbucks-style coffee or tea, oat milk, classic syrup and carefully balanced flavors.",Whole,2,None,Caramel Drizzle,High,72,622,28,17.8,13.8,5.02,426.7,4.7,28437,High,No,Yes,Yes,No,No,Yes,Sandwich,Morning,Nutty,Cold,Canada
SB02177,Classic Cappuccino,Cappuccino,Venti,Hot,"A handcrafted Classic Cappuccino prepared with premium Starbucks-style coffee or tea, coconut milk, hazelnut syrup and carefully balanced flavors.",Almond,3,Toffee Nut,Whipped Cream,High,187,648,64,16.8,28.3,7.91,672.35,4.6,37298,High,Yes,No,Yes,No,Yes,Yes,Cookie,Afternoon,Fruity,Hot,Global
SB02178,Caramel Refresher,Refresher,Tall,Cold,"A handcrafted Caramel Refresher prepared with premium Starbucks-style coffee or tea, whole milk, toffee nut syrup and carefully balanced flavors.",Oat,3,Caramel,None,Low,24,601,70,0.7,8.9,5.54,470.9,4.2,1908,Low,No,No,Yes,Yes,Yes,No,Blueberry Muffin,Evening,Nutty,Cold,Canada
SB02179,Vanilla Flat White,Flat White,Venti,Hot,"A handcrafted Vanilla Flat White prepared with premium Starbucks-style coffee or tea, whole milk, caramel syrup and carefully balanced flavors.",Soy,0,Classic,Chocolate Shavings,Low,221,273,68,11.9,1.7,6.01,510.85,4.4,8973,Low,No,Yes,Yes,No,Yes,Yes,Cheesecake,Evening,Chocolatey,Hot,India
SB02180,Vanilla Latte,Latte,Grande,Hot,"A handcrafted Vanilla Latte prepared with premium Starbucks-style coffee or tea, skim milk, vanilla syrup and carefully balanced flavors.",Whole,2,Caramel,None,Medium,170,312,24,18.5,15.0,6.08,516.8,4.4,7241,Low,Yes,Yes,Yes,Yes,Yes,No,Sandwich,Afternoon,Chocolatey,Hot,Canada
SB02181,Chai Macchiato,Macchiato,Grande,Cold,"A handcrafted Chai Macchiato prepared with premium Starbucks-style coffee or tea, whole milk, vanilla syrup and carefully balanced flavors.",Coconut,1,Caramel,Chocolate Shavings,High,46,21,18,3.1,25.3,4.29,364.65,4.5,23983,Medium,Yes,No,Yes,No,Yes,No,Cheesecake,Morning,Chocolatey,Cold,USA
SB02182,Mango Cold Brew,Cold Brew,Grande,Cold,"A handcrafted Mango Cold Brew prepared with premium Starbucks-style coffee or tea, almond milk, caramel syrup and carefully balanced flavors.",Whole,2,Caramel,Chocolate Shavings,Medium,241,419,58,1.8,18.8,2.89,245.65,4.6,23828,Medium,Yes,Yes,Yes,No,No,Yes,Blueberry Muffin,Morning,Chocolatey,Cold,UK
SB02183,Caramel Latte,Latte,Tall,Hot,"A handcrafted Caramel Latte prepared with premium Starbucks-style coffee or tea, skim milk, vanilla syrup and carefully balanced flavors.",Soy,2,Hazelnut,Whipped Cream,High,141,281,21,19.1,18.0,5.75,488.75,4.9,12451,Medium,Yes,No,Yes,No,No,Yes,Cheesecake,Afternoon,Nutty,Hot,USA
SB02184,Java Chip Flat White,Flat White,Tall,Hot,"A handcrafted Java Chip Flat White prepared with premium Starbucks-style coffee or tea, coconut milk, toffee nut syrup and carefully balanced flavors.",Whole,4,Caramel,Whipped Cream,Medium,220,391,70,9.6,23.4,4.39,373.15,5.0,40620,Very High,Yes,Yes,Yes,Yes,Yes,No,Cookie,Afternoon,Sweet,Hot,India
SB02185,Classic Americano,Americano,Tall,Cold,"A handcrafted Classic Americano prepared with premium Starbucks-style coffee or tea, whole milk, vanilla syrup and carefully balanced flavors.",Whole,1,Hazelnut,Chocolate Shavings,High,48,52,51,2.5,6.2,6.53,555.05,3.5,36866,High,Yes,Yes,Yes,Yes,No,No,Sandwich,Evening,Fruity,Cold,USA
SB02186,Mango Frappuccino,Frappuccino,Venti,Cold,"A handcrafted Mango Frappuccino prepared with premium Starbucks-style coffee or tea, whole milk, caramel syrup and carefully balanced flavors.",Soy,4,Hazelnut,None,Medium,137,347,67,1.1,26.2,6.78,576.3,3.7,33925,High,Yes,No,Yes,No,Yes,No,Cheesecake,Morning,Fruity,Cold,Japan
SB02187,Chai Cappuccino,Cappuccino,Venti,Hot,"A handcrafted Chai Cappuccino prepared with premium Starbucks-style coffee or tea, soy milk, vanilla syrup and carefully balanced flavors.",Almond,4,None,Caramel Drizzle,Medium,206,614,39,3.4,13.7,4.79,407.15,3.8,9848,Low,No,Yes,Yes,Yes,No,No,Cheesecake,Evening,Nutty,Hot,USA
SB02188,Hazelnut Latte,Latte,Grande,Cold,"A handcrafted Hazelnut Latte prepared with premium Starbucks-style coffee or tea, skim milk, hazelnut syrup and carefully balanced flavors.",Coconut,1,Caramel,Caramel Drizzle,High,158,112,35,2.8,25.7,6.86,583.1,4.9,698,Low,Yes,Yes,Yes,No,Yes,Yes,Croissant,Morning,Nutty,Cold,India
SB02189,Mocha Macchiato,Macchiato,Venti,Cold,"A handcrafted Mocha Macchiato prepared with premium Starbucks-style coffee or tea, coconut milk, toffee nut syrup and carefully balanced flavors.",Whole,1,Vanilla,Chocolate Shavings,Low,67,84,59,17.6,3.9,4.35,369.75,3.7,24670,Medium,Yes,No,Yes,No,Yes,No,Croissant,Afternoon,Bold,Cold,Canada
SB02190,Mocha Macchiato,Macchiato,Venti,Cold,"A handcrafted Mocha Macchiato prepared with premium Starbucks-style coffee or tea, almond milk, none syrup and carefully balanced flavors.",Coconut,1,None,None,Medium,56,525,32,15.9,2.2,6.38,542.3,4.3,3937,Low,Yes,Yes,Yes,Yes,Yes,Yes,Cookie,Evening,Chocolatey,Cold,Japan
SB02191,Mocha Macchiato,Macchiato,Tall,Hot,"A handcrafted Mocha Macchiato prepared with premium Starbucks-style coffee or tea, oat milk, toffee nut syrup and carefully balanced flavors.",Skim,1,Hazelnut,Whipped Cream,Low,78,563,3,12.5,4.9,2.91,247.35,5.0,18695,Medium,No,Yes,Yes,Yes,Yes,No,Cookie,Morning,Bold,Hot,USA
SB02192,Hazelnut Flat White,Flat White,Venti,Hot,"A handcrafted Hazelnut Flat White prepared with premium Starbucks-style coffee or tea, oat milk, hazelnut syrup and carefully balanced flavors.",Whole,0,Toffee Nut,None,Medium,80,266,58,12.2,16.7,8.21,697.85,4.3,21818,Medium,No,Yes,Yes,Yes,No,Yes,Cheesecake,Morning,Chocolatey,Hot,Japan
SB02193,Chai Tea,Tea,Tall,Hot,"A handcrafted Chai Tea prepared with premium Starbucks-style coffee or tea, coconut milk, vanilla syrup and carefully balanced flavors.",Skim,4,None,None,High,198,415,6,1.7,3.5,2.87,243.95,4.3,21754,Medium,Yes,Yes,Yes,No,No,No,Cheesecake,Morning,Sweet,Hot,Japan
SB02194,Hazelnut Tea,Tea,Venti,Hot,"A handcrafted Hazelnut Tea prepared with premium Starbucks-style coffee or tea, almond milk, caramel syrup and carefully balanced flavors.",Soy,1,None,Caramel Drizzle,High,47,569,23,14.3,16.6,6.82,579.7,3.7,23925,Medium,Yes,Yes,Yes,Yes,No,No,Croissant,Afternoon,Nutty,Hot,Canada
SB02195,Chai Mocha,Mocha,Grande,Cold,"A handcrafted Chai Mocha prepared with premium Starbucks-style coffee or tea, skim milk, none syrup and carefully balanced flavors.",Whole,3,None,Chocolate Shavings,High,211,324,44,19.3,15.0,7.34,623.9,3.6,32110,High,Yes,Yes,Yes,No,No,No,Sandwich,Evening,Fruity,Cold,UK
SB02196,White Mocha Frappuccino,Frappuccino,Tall,Cold,"A handcrafted White Mocha Frappuccino prepared with premium Starbucks-style coffee or tea, almond milk, vanilla syrup and carefully balanced flavors.",Almond,0,Hazelnut,None,High,94,22,44,0.3,3.8,7.56,642.6,4.7,38890,High,Yes,No,Yes,Yes,No,Yes,Croissant,Afternoon,Sweet,Cold,UK
SB02197,Matcha Cappuccino,Cappuccino,Grande,Hot,"A handcrafted Matcha Cappuccino prepared with premium Starbucks-style coffee or tea, skim milk, none syrup and carefully balanced flavors.",Almond,3,Vanilla,Whipped Cream,Low,246,572,28,3.1,28.9,2.7,229.5,4.9,27304,High,No,No,Yes,Yes,No,No,Croissant,Afternoon,Chocolatey,Hot,Canada
SB02198,Caramel Latte,Latte,Grande,Hot,"A handcrafted Caramel Latte prepared with premium Starbucks-style coffee or tea, almond milk, caramel syrup and carefully balanced flavors.",Skim,4,Classic,Chocolate Shavings,High,2,322,34,15.4,16.5,3.59,305.15,4.3,44327,Very High,Yes,No,Yes,Yes,Yes,No,Croissant,Afternoon,Chocolatey,Hot,India
SB02199,Mango Macchiato,Macchiato,Venti,Hot,"A handcrafted Mango Macchiato prepared with premium Starbucks-style coffee or tea, almond milk, caramel syrup and carefully balanced flavors.",Soy,4,Classic,Chocolate Shavings,Medium,6,501,28,4.0,13.0,4.95,420.75,4.6,34510,High,No,Yes,Yes,Yes,No,No,Sandwich,Evening,Sweet,Hot,Canada
SB02200,Vanilla Tea,Tea,Venti,Hot,"A handcrafted Vanilla Tea prepared with premium Starbucks-style coffee or tea, soy milk, classic syrup and carefully balanced flavors.",Whole,2,Toffee Nut,None,Medium,72,450,32,7.1,7.1,3.17,269.45,4.0,8495,Low,No,No,Yes,No,No,No,Cheesecake,Afternoon,Fruity,Hot,UK
SB02201,Mocha Macchiato,Macchiato,Venti,Hot,"A handcrafted Mocha Macchiato prepared with premium Starbucks-style coffee or tea, soy milk, caramel syrup and carefully balanced flavors.",Soy,0,Toffee Nut,None,High,240,220,23,4.6,27.6,6.92,588.2,4.1,47043,Very High,No,Yes,Yes,No,No,No,Cookie,Afternoon,Chocolatey,Hot,UK
SB02202,Java Chip Frappuccino,Frappuccino,Venti,Cold,"A handcrafted Java Chip Frappuccino prepared with premium Starbucks-style coffee or tea, soy milk, hazelnut syrup and carefully balanced flavors.",Soy,0,Vanilla,Chocolate Shavings,Low,97,618,68,0.3,24.8,4.94,419.9,4.3,48285,Very High,Yes,No,Yes,Yes,No,No,Croissant,Evening,Nutty,Cold,Global
SB02203,Matcha Cappuccino,Cappuccino,Venti,Cold,"A handcrafted Matcha Cappuccino prepared with premium Starbucks-style coffee or tea, oat milk, classic syrup and carefully balanced flavors.",Oat,4,Vanilla,Chocolate Shavings,Medium,147,112,57,5.3,16.5,6.23,529.55,5.0,2601,Low,Yes,Yes,Yes,No,Yes,Yes,Blueberry Muffin,Morning,Sweet,Cold,UK
SB02204,Java Chip Flat White,Flat White,Grande,Cold,"A handcrafted Java Chip Flat White prepared with premium Starbucks-style coffee or tea, almond milk, caramel syrup and carefully balanced flavors.",Almond,4,Toffee Nut,Whipped Cream,Low,219,626,38,7.1,1.3,2.53,215.05,4.7,994,Low,No,No,Yes,Yes,Yes,Yes,Cookie,Morning,Fruity,Cold,India
SB02205,Caramel Cappuccino,Cappuccino,Tall,Cold,"A handcrafted Caramel Cappuccino prepared with premium Starbucks-style coffee or tea, soy milk, caramel syrup and carefully balanced flavors.",Soy,3,Hazelnut,Whipped Cream,Low,222,41,6,8.9,15.7,5.37,456.45,5.0,21818,Medium,No,Yes,Yes,No,No,No,Blueberry Muffin,Evening,Nutty,Cold,Japan
SB02206,Chai Flat White,Flat White,Venti,Hot,"A handcrafted Chai Flat White prepared with premium Starbucks-style coffee or tea, coconut milk, hazelnut syrup and carefully balanced flavors.",Skim,2,Hazelnut,None,Medium,101,56,61,0.3,30.0,7.04,598.4,3.5,8800,Low,Yes,No,Yes,Yes,No,No,Cookie,Morning,Chocolatey,Hot,India
SB02207,Java Chip Cappuccino,Cappuccino,Tall,Cold,"A handcrafted Java Chip Cappuccino prepared with premium Starbucks-style coffee or tea, skim milk, toffee nut syrup and carefully balanced flavors.",Almond,0,None,None,High,158,584,70,6.8,8.1,6.25,531.25,4.3,36075,High,No,No,Yes,Yes,No,No,Cookie,Morning,Creamy,Cold,UK
SB02208,Mocha Tea,Tea,Venti,Hot,"A handcrafted Mocha Tea prepared with premium Starbucks-style coffee or tea, skim milk, caramel syrup and carefully balanced flavors.",Whole,4,Classic,Caramel Drizzle,Medium,12,479,44,8.7,22.5,6.58,559.3,4.1,7991,Low,Yes,Yes,Yes,No,Yes,Yes,Cookie,Afternoon,Nutty,Hot,UK
SB02209,Classic Latte,Latte,Venti,Cold,"A handcrafted Classic Latte prepared with premium Starbucks-style coffee or tea, coconut milk, none syrup and carefully balanced flavors.",Coconut,1,Caramel,Caramel Drizzle,Medium,105,221,0,3.5,27.7,5.28,448.8,3.5,29938,High,No,Yes,Yes,Yes,No,No,Cookie,Afternoon,Sweet,Cold,India
SB02210,Caramel Mocha,Mocha,Grande,Cold,"A handcrafted Caramel Mocha prepared with premium Starbucks-style coffee or tea, oat milk, hazelnut syrup and carefully balanced flavors.",Whole,3,None,Chocolate Shavings,Low,181,195,21,2.4,4.2,2.94,249.9,4.7,24259,Medium,No,Yes,Yes,Yes,Yes,No,Cheesecake,Afternoon,Sweet,Cold,Global
SB02211,Strawberry Macchiato,Macchiato,Grande,Cold,"A handcrafted Strawberry Macchiato prepared with premium Starbucks-style coffee or tea, soy milk, caramel syrup and carefully balanced flavors.",Almond,3,None,None,High,123,300,4,18.8,12.5,3.48,295.8,4.6,22565,Medium,No,Yes,Yes,Yes,No,No,Blueberry Muffin,Evening,Creamy,Cold,Canada
SB02212,Mocha Macchiato,Macchiato,Tall,Cold,"A handcrafted Mocha Macchiato prepared with premium Starbucks-style coffee or tea, almond milk, hazelnut syrup and carefully balanced flavors.",Skim,4,Toffee Nut,None,High,261,551,36,9.8,17.5,8.43,716.55,4.5,17989,Medium,No,Yes,Yes,Yes,No,Yes,Sandwich,Morning,Fruity,Cold,India
SB02213,Mocha Americano,Americano,Venti,Cold,"A handcrafted Mocha Americano prepared with premium Starbucks-style coffee or tea, oat milk, vanilla syrup and carefully balanced flavors.",Almond,0,Caramel,Whipped Cream,Medium,168,318,20,6.4,9.7,5.36,455.6,3.6,47530,Very High,No,Yes,Yes,No,Yes,No,Sandwich,Afternoon,Fruity,Cold,UK
SB02214,Chai Americano,Americano,Tall,Cold,"A handcrafted Chai Americano prepared with premium Starbucks-style coffee or tea, whole milk, caramel syrup and carefully balanced flavors.",Soy,1,Classic,None,Low,166,234,56,13.2,6.8,5.13,436.05,3.8,32069,High,Yes,No,Yes,Yes,No,Yes,Cheesecake,Evening,Sweet,Cold,Canada
SB02215,Mango Americano,Americano,Venti,Hot,"A handcrafted Mango Americano prepared with premium Starbucks-style coffee or tea, soy milk, toffee nut syrup and carefully balanced flavors.",Oat,0,Toffee Nut,None,Medium,288,354,11,0.4,27.7,6.59,560.15,4.0,39707,High,Yes,No,Yes,No,Yes,Yes,Blueberry Muffin,Afternoon,Bold,Hot,India
SB02216,Strawberry Americano,Americano,Venti,Hot,"A handcrafted Strawberry Americano prepared with premium Starbucks-style coffee or tea, almond milk, toffee nut syrup and carefully balanced flavors.",Whole,2,Caramel,Caramel Drizzle,Low,1,354,11,11.3,0.4,5.46,464.1,4.7,16894,Medium,Yes,No,Yes,No,No,Yes,Blueberry Muffin,Evening,Sweet,Hot,USA
SB02217,Mango Cappuccino,Cappuccino,Venti,Hot,"A handcrafted Mango Cappuccino prepared with premium Starbucks-style coffee or tea, whole milk, toffee nut syrup and carefully balanced flavors.",Whole,0,Toffee Nut,None,Low,86,312,44,17.8,17.1,7.49,636.65,4.3,17593,Medium,No,No,Yes,Yes,Yes,No,Cheesecake,Afternoon,Creamy,Hot,Canada
SB02218,White Mocha Mocha,Mocha,Grande,Hot,"A handcrafted White Mocha Mocha prepared with premium Starbucks-style coffee or tea, skim milk, vanilla syrup and carefully balanced flavors.",Almond,0,Classic,None,Medium,121,310,42,4.5,11.6,2.58,219.3,4.8,3621,Low,No,No,Yes,Yes,No,Yes,Cheesecake,Afternoon,Chocolatey,Hot,India
SB02219,Caramel Americano,Americano,Grande,Cold,"A handcrafted Caramel Americano prepared with premium Starbucks-style coffee or tea, almond milk, vanilla syrup and carefully balanced flavors.",Almond,3,Hazelnut,None,High,92,419,57,10.1,23.8,3.82,324.7,3.6,7088,Low,Yes,No,Yes,No,No,Yes,Cookie,Afternoon,Bold,Cold,Global
SB02220,Chai Americano,Americano,Tall,Cold,"A handcrafted Chai Americano prepared with premium Starbucks-style coffee or tea, oat milk, hazelnut syrup and carefully balanced flavors.",Coconut,3,None,None,Low,282,118,37,17.9,3.3,7.43,631.55,3.9,41710,Very High,No,No,Yes,No,No,Yes,Blueberry Muffin,Morning,Chocolatey,Cold,India
SB02221,Vanilla Cappuccino,Cappuccino,Grande,Hot,"A handcrafted Vanilla Cappuccino prepared with premium Starbucks-style coffee or tea, soy milk, none syrup and carefully balanced flavors.",Soy,0,Toffee Nut,Chocolate Shavings,High,27,442,66,9.9,12.8,6.21,527.85,3.6,39424,High,Yes,Yes,Yes,Yes,Yes,No,Cheesecake,Morning,Nutty,Hot,USA
SB02222,Vanilla Mocha,Mocha,Tall,Hot,"A handcrafted Vanilla Mocha prepared with premium Starbucks-style coffee or tea, soy milk, none syrup and carefully balanced flavors.",Coconut,3,Toffee Nut,Chocolate Shavings,High,194,111,4,12.1,1.7,6.69,568.65,4.2,28186,High,Yes,Yes,Yes,No,No,Yes,Cheesecake,Morning,Chocolatey,Hot,UK
SB02223,Matcha Frappuccino,Frappuccino,Venti,Cold,"A handcrafted Matcha Frappuccino prepared with premium Starbucks-style coffee or tea, skim milk, classic syrup and carefully balanced flavors.",Skim,4,Classic,Chocolate Shavings,High,73,561,24,9.5,2.9,5.94,504.9,4.5,725,Low,Yes,Yes,Yes,No,Yes,No,Croissant,Morning,Nutty,Cold,Global
SB02224,White Mocha Refresher,Refresher,Grande,Cold,"A handcrafted White Mocha Refresher prepared with premium Starbucks-style coffee or tea, skim milk, vanilla syrup and carefully balanced flavors.",Skim,2,Classic,None,Low,8,420,3,18.8,1.0,4.3,365.5,5.0,46552,Very High,No,Yes,Yes,No,No,Yes,Croissant,Afternoon,Fruity,Cold,Japan
SB02225,Vanilla Latte,Latte,Venti,Cold,"A handcrafted Vanilla Latte prepared with premium Starbucks-style coffee or tea, skim milk, vanilla syrup and carefully balanced flavors.",Almond,3,Toffee Nut,Whipped Cream,High,83,433,6,2.1,22.9,3.12,265.2,4.1,13912,Medium,Yes,Yes,Yes,No,No,Yes,Cookie,Afternoon,Nutty,Cold,Japan
SB02226,Hazelnut Tea,Tea,Grande,Hot,"A handcrafted Hazelnut Tea prepared with premium Starbucks-style coffee or tea, whole milk, classic syrup and carefully balanced flavors.",Soy,0,Classic,Caramel Drizzle,Low,267,119,27,6.4,4.0,5.43,461.55,4.2,22820,Medium,Yes,No,Yes,No,Yes,No,Blueberry Muffin,Morning,Bold,Hot,Global
SB02227,Classic Cappuccino,Cappuccino,Tall,Cold,"A handcrafted Classic Cappuccino prepared with premium Starbucks-style coffee or tea, almond milk, toffee nut syrup and carefully balanced flavors.",Skim,0,Vanilla,Chocolate Shavings,Medium,127,329,50,17.3,25.5,3.3,280.5,4.3,9709,Low,No,Yes,Yes,No,No,No,Cheesecake,Afternoon,Chocolatey,Cold,UK
SB02228,Hazelnut Espresso,Espresso,Venti,Hot,"A handcrafted Hazelnut Espresso prepared with premium Starbucks-style coffee or tea, skim milk, classic syrup and carefully balanced flavors.",Skim,3,Toffee Nut,None,High,45,505,45,8.8,20.4,4.46,379.1,3.9,13012,Medium,No,Yes,Yes,No,Yes,No,Sandwich,Afternoon,Bold,Hot,Japan
SB02229,Caramel Mocha,Mocha,Grande,Cold,"A handcrafted Caramel Mocha prepared with premium Starbucks-style coffee or tea, oat milk, toffee nut syrup and carefully balanced flavors.",Almond,4,Toffee Nut,Caramel Drizzle,Medium,174,562,52,10.8,17.3,7.45,633.25,3.8,26138,High,No,Yes,Yes,Yes,Yes,Yes,Cheesecake,Morning,Fruity,Cold,India
SB02230,Hazelnut Flat White,Flat White,Grande,Cold,"A handcrafted Hazelnut Flat White prepared with premium Starbucks-style coffee or tea, almond milk, none syrup and carefully balanced flavors.",Coconut,1,Caramel,None,Low,124,112,41,10.7,12.3,7.86,668.1,3.8,26016,High,Yes,Yes,Yes,Yes,Yes,Yes,Blueberry Muffin,Morning,Sweet,Cold,Japan
SB02231,Chai Americano,Americano,Grande,Hot,"A handcrafted Chai Americano prepared with premium Starbucks-style coffee or tea, whole milk, caramel syrup and carefully balanced flavors.",Oat,1,Toffee Nut,None,High,196,61,66,16.6,2.5,3.68,312.8,4.8,44153,Very High,Yes,Yes,Yes,Yes,No,Yes,Cheesecake,Morning,Bold,Hot,UK
SB02232,Mocha Cappuccino,Cappuccino,Venti,Cold,"A handcrafted Mocha Cappuccino prepared with premium Starbucks-style coffee or tea, oat milk, caramel syrup and carefully balanced flavors.",Coconut,1,Caramel,Chocolate Shavings,Medium,202,314,66,0.5,28.8,4.25,361.25,4.2,6771,Low,Yes,No,Yes,Yes,No,No,Sandwich,Morning,Bold,Cold,UK
SB02233,Strawberry Mocha,Mocha,Tall,Cold,"A handcrafted Strawberry Mocha prepared with premium Starbucks-style coffee or tea, soy milk, toffee nut syrup and carefully balanced flavors.",Whole,1,Hazelnut,Caramel Drizzle,Medium,4,425,60,17.6,17.0,6.37,541.45,4.1,12731,Medium,Yes,Yes,Yes,Yes,No,Yes,Croissant,Afternoon,Nutty,Cold,Global
SB02234,Classic Latte,Latte,Tall,Hot,"A handcrafted Classic Latte prepared with premium Starbucks-style coffee or tea, skim milk, caramel syrup and carefully balanced flavors.",Skim,3,Classic,None,Low,277,605,18,3.9,21.3,5.67,481.95,3.6,18518,Medium,Yes,No,Yes,No,No,Yes,Blueberry Muffin,Afternoon,Bold,Hot,Canada
SB02235,Matcha Espresso,Espresso,Grande,Hot,"A handcrafted Matcha Espresso prepared with premium Starbucks-style coffee or tea, coconut milk, hazelnut syrup and carefully balanced flavors.",Almond,0,Classic,None,Low,50,332,38,6.2,11.0,2.79,237.15,4.4,45750,Very High,Yes,No,Yes,No,No,No,Blueberry Muffin,Afternoon,Chocolatey,Hot,India
SB02236,Java Chip Espresso,Espresso,Venti,Cold,"A handcrafted Java Chip Espresso prepared with premium Starbucks-style coffee or tea, oat milk, hazelnut syrup and carefully balanced flavors.",Soy,0,Vanilla,Chocolate Shavings,High,50,475,69,17.4,9.6,4.33,368.05,4.1,15138,Medium,Yes,No,Yes,Yes,Yes,No,Croissant,Morning,Chocolatey,Cold,UK
SB02237,Java Chip Tea,Tea,Grande,Hot,"A handcrafted Java Chip Tea prepared with premium Starbucks-style coffee or tea, coconut milk, hazelnut syrup and carefully balanced flavors.",Soy,0,Caramel,Whipped Cream,Low,10,487,2,13.0,26.1,8.42,715.7,4.5,11144,Medium,Yes,Yes,Yes,No,Yes,No,Cookie,Evening,Chocolatey,Hot,Japan
SB02238,Caramel Frappuccino,Frappuccino,Tall,Cold,"A handcrafted Caramel Frappuccino prepared with premium Starbucks-style coffee or tea, skim milk, none syrup and carefully balanced flavors.",Whole,3,None,Chocolate Shavings,Low,53,373,29,19.1,9.9,3.86,328.1,3.9,9672,Low,No,Yes,Yes,No,Yes,Yes,Croissant,Morning,Sweet,Cold,USA
SB02239,Matcha Tea,Tea,Venti,Cold,"A handcrafted Matcha Tea prepared with premium Starbucks-style coffee or tea, almond milk, hazelnut syrup and carefully balanced flavors.",Oat,1,Hazelnut,Whipped Cream,Low,281,538,11,11.9,9.1,6.57,558.45,4.1,33808,High,Yes,No,Yes,Yes,No,No,Croissant,Evening,Bold,Cold,India
SB02240,Caramel Refresher,Refresher,Tall,Cold,"A handcrafted Caramel Refresher prepared with premium Starbucks-style coffee or tea, skim milk, caramel syrup and carefully balanced flavors.",Coconut,3,Classic,Whipped Cream,Medium,30,216,58,3.9,17.2,7.92,673.2,4.4,7739,Low,Yes,Yes,Yes,Yes,No,No,Sandwich,Morning,Sweet,Cold,Global
SB02241,Matcha Macchiato,Macchiato,Venti,Hot,"A handcrafted Matcha Macchiato prepared with premium Starbucks-style coffee or tea, almond milk, vanilla syrup and carefully balanced flavors.",Whole,0,Classic,None,High,107,414,19,18.7,24.1,2.68,227.8,4.5,16605,Medium,Yes,No,Yes,Yes,Yes,Yes,Cookie,Evening,Creamy,Hot,Japan
SB02242,Strawberry Tea,Tea,Tall,Cold,"A handcrafted Strawberry Tea prepared with premium Starbucks-style coffee or tea, whole milk, caramel syrup and carefully balanced flavors.",Oat,3,Toffee Nut,Whipped Cream,High,23,30,50,12.8,12.5,8.38,712.3,4.5,43926,Very High,Yes,No,Yes,No,No,No,Cheesecake,Morning,Bold,Cold,UK
SB02243,Vanilla Flat White,Flat White,Grande,Hot,"A handcrafted Vanilla Flat White prepared with premium Starbucks-style coffee or tea, almond milk, vanilla syrup and carefully balanced flavors.",Oat,3,Toffee Nut,None,Medium,105,342,67,3.8,5.6,4.19,356.15,4.8,44981,Very High,No,Yes,Yes,No,No,Yes,Cheesecake,Morning,Fruity,Hot,India
SB02244,Chai Refresher,Refresher,Tall,Cold,"A handcrafted Chai Refresher prepared with premium Starbucks-style coffee or tea, coconut milk, toffee nut syrup and carefully balanced flavors.",Skim,4,Classic,None,High,70,189,53,8.9,28.3,3.73,317.05,4.9,23928,Medium,Yes,Yes,Yes,Yes,Yes,No,Cheesecake,Evening,Sweet,Cold,India
SB02245,Hazelnut Latte,Latte,Tall,Hot,"A handcrafted Hazelnut Latte prepared with premium Starbucks-style coffee or tea, almond milk, classic syrup and carefully balanced flavors.",Almond,2,None,Whipped Cream,Low,254,648,4,14.8,4.9,3.86,328.1,4.9,11947,Medium,Yes,Yes,Yes,No,Yes,Yes,Croissant,Afternoon,Nutty,Hot,UK
SB02246,Chai Cold Brew,Cold Brew,Tall,Cold,"A handcrafted Chai Cold Brew prepared with premium Starbucks-style coffee or tea, whole milk, caramel syrup and carefully balanced flavors.",Skim,3,Toffee Nut,Caramel Drizzle,High,100,372,11,16.1,29.7,3.94,334.9,3.6,17886,Medium,No,No,Yes,No,No,Yes,Croissant,Evening,Creamy,Cold,Canada
SB02247,Strawberry Macchiato,Macchiato,Venti,Cold,"A handcrafted Strawberry Macchiato prepared with premium Starbucks-style coffee or tea, soy milk, caramel syrup and carefully balanced flavors.",Whole,4,Vanilla,Whipped Cream,Low,238,390,68,13.0,28.5,7.91,672.35,4.4,42439,Very High,No,No,Yes,Yes,Yes,Yes,Blueberry Muffin,Morning,Nutty,Cold,Global
SB02248,Mocha Macchiato,Macchiato,Tall,Cold,"A handcrafted Mocha Macchiato prepared with premium Starbucks-style coffee or tea, coconut milk, classic syrup and carefully balanced flavors.",Skim,3,Hazelnut,Chocolate Shavings,Medium,229,407,36,19.8,12.9,3.61,306.85,4.8,43415,Very High,No,No,Yes,No,Yes,Yes,Cookie,Morning,Bold,Cold,Canada
SB02249,Matcha Flat White,Flat White,Tall,Hot,"A handcrafted Matcha Flat White prepared with premium Starbucks-style coffee or tea, almond milk, toffee nut syrup and carefully balanced flavors.",Almond,4,Vanilla,Caramel Drizzle,Low,68,183,61,15.0,4.0,6.02,511.7,3.5,9807,Low,Yes,Yes,Yes,Yes,No,No,Sandwich,Evening,Bold,Hot,India
SB02250,Chai Latte,Latte,Venti,Hot,"A handcrafted Chai Latte prepared with premium Starbucks-style coffee or tea, oat milk, classic syrup and carefully balanced flavors.",Coconut,2,Classic,Whipped Cream,Medium,146,353,3,11.2,21.0,3.22,273.7,4.7,19063,Medium,Yes,Yes,Yes,Yes,No,Yes,Sandwich,Morning,Chocolatey,Hot,USA
SB02251,Java Chip Frappuccino,Frappuccino,Grande,Cold,"A handcrafted Java Chip Frappuccino prepared with premium Starbucks-style coffee or tea, oat milk, caramel syrup and carefully balanced flavors.",Almond,2,Caramel,Whipped Cream,Medium,4,637,8,17.9,22.0,8.34,708.9,3.8,32067,High,Yes,Yes,Yes,No,Yes,Yes,Croissant,Evening,Nutty,Cold,Japan
SB02252,Caramel Cold Brew,Cold Brew,Venti,Cold,"A handcrafted Caramel Cold Brew prepared with premium Starbucks-style coffee or tea, soy milk, caramel syrup and carefully balanced flavors.",Coconut,2,Hazelnut,Chocolate Shavings,Low,46,210,66,1.0,11.1,3.59,305.15,4.0,14856,Medium,Yes,Yes,Yes,No,Yes,Yes,Sandwich,Afternoon,Creamy,Cold,UK
SB02253,Classic Latte,Latte,Grande,Hot,"A handcrafted Classic Latte prepared with premium Starbucks-style coffee or tea, oat milk, caramel syrup and carefully balanced flavors.",Whole,2,Vanilla,Caramel Drizzle,High,232,249,66,4.0,20.4,4.16,353.6,4.4,36173,High,Yes,Yes,Yes,Yes,No,No,Blueberry Muffin,Evening,Fruity,Hot,Canada
SB02254,Mango Mocha,Mocha,Venti,Cold,"A handcrafted Mango Mocha prepared with premium Starbucks-style coffee or tea, oat milk, caramel syrup and carefully balanced flavors.",Whole,3,Classic,None,Low,225,489,16,3.4,11.5,4.17,354.45,3.6,30726,High,Yes,Yes,Yes,Yes,Yes,Yes,Cheesecake,Morning,Sweet,Cold,Global
SB02255,Chai Refresher,Refresher,Venti,Cold,"A handcrafted Chai Refresher prepared with premium Starbucks-style coffee or tea, soy milk, classic syrup and carefully balanced flavors.",Almond,1,Caramel,Whipped Cream,Low,227,648,66,9.0,2.5,8.49,721.65,3.8,8367,Low,Yes,No,Yes,No,No,No,Cookie,Evening,Fruity,Cold,UK
SB02256,Mocha Mocha,Mocha,Tall,Hot,"A handcrafted Mocha Mocha prepared with premium Starbucks-style coffee or tea, almond milk, vanilla syrup and carefully balanced flavors.",Skim,2,Vanilla,Chocolate Shavings,Low,8,299,30,13.0,24.7,5.91,502.35,3.8,1728,Low,No,No,Yes,No,Yes,No,Sandwich,Afternoon,Bold,Hot,UK
SB02257,Strawberry Americano,Americano,Tall,Cold,"A handcrafted Strawberry Americano prepared with premium Starbucks-style coffee or tea, whole milk, classic syrup and carefully balanced flavors.",Soy,1,Caramel,Whipped Cream,High,4,46,45,14.5,24.9,6.79,577.15,4.9,31674,High,Yes,No,Yes,Yes,No,No,Cheesecake,Evening,Nutty,Cold,USA
SB02258,Mango Cold Brew,Cold Brew,Venti,Cold,"A handcrafted Mango Cold Brew prepared with premium Starbucks-style coffee or tea, coconut milk, vanilla syrup and carefully balanced flavors.",Whole,0,None,Caramel Drizzle,Medium,258,174,12,15.5,20.5,4.83,410.55,4.2,46696,Very High,Yes,Yes,Yes,Yes,Yes,No,Blueberry Muffin,Afternoon,Sweet,Cold,India
SB02259,Vanilla Cappuccino,Cappuccino,Venti,Cold,"A handcrafted Vanilla Cappuccino prepared with premium Starbucks-style coffee or tea, whole milk, toffee nut syrup and carefully balanced flavors.",Soy,2,Classic,None,High,40,174,4,12.6,12.6,7.4,629.0,3.7,40533,Very High,No,No,Yes,No,No,No,Croissant,Evening,Fruity,Cold,Japan
SB02260,Caramel Cold Brew,Cold Brew,Venti,Cold,"A handcrafted Caramel Cold Brew prepared with premium Starbucks-style coffee or tea, skim milk, classic syrup and carefully balanced flavors.",Oat,3,None,None,Medium,76,67,49,9.7,29.5,7.61,646.85,3.6,21230,Medium,No,No,Yes,Yes,No,Yes,Sandwich,Morning,Chocolatey,Cold,UK
SB02261,Matcha Espresso,Espresso,Tall,Hot,"A handcrafted Matcha Espresso prepared with premium Starbucks-style coffee or tea, almond milk, none syrup and carefully balanced flavors.",Oat,2,Caramel,None,High,55,388,70,9.3,12.3,7.15,607.75,4.1,22920,Medium,Yes,No,Yes,No,Yes,Yes,Croissant,Morning,Bold,Hot,Global
SB02262,Mango Mocha,Mocha,Grande,Cold,"A handcrafted Mango Mocha prepared with premium Starbucks-style coffee or tea, almond milk, caramel syrup and carefully balanced flavors.",Coconut,4,Hazelnut,Chocolate Shavings,High,224,529,6,13.6,1.3,4.0,340.0,3.7,4183,Low,No,Yes,Yes,Yes,No,No,Croissant,Afternoon,Creamy,Cold,USA
SB02263,Strawberry Cappuccino,Cappuccino,Grande,Cold,"A handcrafted Strawberry Cappuccino prepared with premium Starbucks-style coffee or tea, whole milk, caramel syrup and carefully balanced flavors.",Coconut,0,Classic,Whipped Cream,Low,83,369,43,2.7,9.5,7.27,617.95,4.2,15997,Medium,No,Yes,Yes,No,No,Yes,Sandwich,Morning,Sweet,Cold,UK
SB02264,Strawberry Espresso,Espresso,Venti,Cold,"A handcrafted Strawberry Espresso prepared with premium Starbucks-style coffee or tea, skim milk, caramel syrup and carefully balanced flavors.",Soy,3,None,None,Medium,239,399,17,1.4,0.8,5.4,459.0,3.7,18182,Medium,No,Yes,Yes,No,Yes,Yes,Sandwich,Morning,Bold,Cold,UK
SB02265,Matcha Frappuccino,Frappuccino,Tall,Cold,"A handcrafted Matcha Frappuccino prepared with premium Starbucks-style coffee or tea, whole milk, toffee nut syrup and carefully balanced flavors.",Coconut,3,Vanilla,None,Low,64,32,42,5.1,8.9,4.16,353.6,3.8,29757,High,No,No,Yes,Yes,No,Yes,Cookie,Evening,Nutty,Cold,Canada
SB02266,Classic Mocha,Mocha,Grande,Hot,"A handcrafted Classic Mocha prepared with premium Starbucks-style coffee or tea, coconut milk, classic syrup and carefully balanced flavors.",Soy,3,None,Caramel Drizzle,High,198,114,6,2.6,20.9,5.6,476.0,4.7,8900,Low,No,Yes,Yes,No,Yes,Yes,Cookie,Morning,Chocolatey,Hot,USA
SB02267,Classic Cappuccino,Cappuccino,Grande,Hot,"A handcrafted Classic Cappuccino prepared with premium Starbucks-style coffee or tea, coconut milk, vanilla syrup and carefully balanced flavors.",Coconut,2,Classic,None,High,2,520,14,1.2,15.5,7.39,628.15,3.5,25085,High,No,Yes,Yes,Yes,No,Yes,Sandwich,Evening,Sweet,Hot,Canada
SB02268,Matcha Flat White,Flat White,Grande,Cold,"A handcrafted Matcha Flat White prepared with premium Starbucks-style coffee or tea, whole milk, toffee nut syrup and carefully balanced flavors.",Almond,2,Vanilla,Whipped Cream,Low,115,41,29,5.8,29.2,4.25,361.25,3.7,12647,Medium,No,No,Yes,Yes,No,Yes,Cookie,Morning,Sweet,Cold,India
SB02269,Matcha Tea,Tea,Venti,Cold,"A handcrafted Matcha Tea prepared with premium Starbucks-style coffee or tea, coconut milk, hazelnut syrup and carefully balanced flavors.",Oat,4,None,Caramel Drizzle,Medium,111,463,37,12.0,7.8,6.71,570.35,3.9,1434,Low,Yes,No,Yes,No,Yes,No,Sandwich,Evening,Bold,Cold,USA
SB02270,Mango Tea,Tea,Venti,Hot,"A handcrafted Mango Tea prepared with premium Starbucks-style coffee or tea, whole milk, toffee nut syrup and carefully balanced flavors.",Whole,0,Classic,None,High,142,273,62,7.0,12.9,4.55,386.75,4.6,27409,High,Yes,No,Yes,Yes,Yes,No,Cookie,Evening,Fruity,Hot,Global
SB02271,Hazelnut Espresso,Espresso,Venti,Hot,"A handcrafted Hazelnut Espresso prepared with premium Starbucks-style coffee or tea, whole milk, caramel syrup and carefully balanced flavors.",Soy,4,Caramel,None,High,79,470,56,0.5,24.0,4.5,382.5,4.2,22111,Medium,No,No,Yes,Yes,Yes,Yes,Blueberry Muffin,Morning,Fruity,Hot,India
SB02272,Hazelnut Tea,Tea,Tall,Cold,"A handcrafted Hazelnut Tea prepared with premium Starbucks-style coffee or tea, coconut milk, none syrup and carefully balanced flavors.",Oat,3,Caramel,Chocolate Shavings,Medium,82,458,39,14.0,11.7,4.54,385.9,3.8,46396,Very High,No,Yes,Yes,Yes,No,Yes,Sandwich,Morning,Chocolatey,Cold,UK
SB02273,Hazelnut Espresso,Espresso,Tall,Cold,"A handcrafted Hazelnut Espresso prepared with premium Starbucks-style coffee or tea, skim milk, vanilla syrup and carefully balanced flavors.",Skim,1,Hazelnut,None,Medium,254,498,48,19.8,2.0,5.46,464.1,4.1,9472,Low,Yes,No,Yes,Yes,Yes,No,Blueberry Muffin,Evening,Bold,Cold,India
SB02274,Caramel Cold Brew,Cold Brew,Grande,Cold,"A handcrafted Caramel Cold Brew prepared with premium Starbucks-style coffee or tea, coconut milk, classic syrup and carefully balanced flavors.",Whole,1,Caramel,None,High,289,183,37,6.4,0.5,8.25,701.25,4.2,28019,High,No,Yes,Yes,Yes,No,Yes,Cookie,Morning,Fruity,Cold,Canada
SB02275,Classic Frappuccino,Frappuccino,Tall,Cold,"A handcrafted Classic Frappuccino prepared with premium Starbucks-style coffee or tea, soy milk, none syrup and carefully balanced flavors.",Oat,3,Classic,None,Low,294,364,65,1.6,14.9,7.41,629.85,5.0,14800,Medium,Yes,No,Yes,No,Yes,No,Sandwich,Afternoon,Nutty,Cold,Japan
SB02276,Java Chip Espresso,Espresso,Tall,Cold,"A handcrafted Java Chip Espresso prepared with premium Starbucks-style coffee or tea, skim milk, classic syrup and carefully balanced flavors.",Coconut,2,Toffee Nut,None,Medium,209,309,49,19.8,25.6,6.46,549.1,3.9,14279,Medium,No,No,Yes,No,No,Yes,Cookie,Afternoon,Sweet,Cold,India
SB02277,Caramel Mocha,Mocha,Grande,Hot,"A handcrafted Caramel Mocha prepared with premium Starbucks-style coffee or tea, whole milk, none syrup and carefully balanced flavors.",Almond,0,None,Chocolate Shavings,High,174,566,26,12.4,15.6,6.8,578.0,4.2,13053,Medium,Yes,No,Yes,No,Yes,No,Cookie,Evening,Nutty,Hot,USA
SB02278,Mocha Latte,Latte,Grande,Hot,"A handcrafted Mocha Latte prepared with premium Starbucks-style coffee or tea, soy milk, classic syrup and carefully balanced flavors.",Skim,3,None,None,Low,256,461,33,17.5,11.0,5.13,436.05,4.5,19771,Medium,Yes,Yes,Yes,No,Yes,Yes,Cookie,Afternoon,Nutty,Hot,India
SB02279,Classic Tea,Tea,Tall,Cold,"A handcrafted Classic Tea prepared with premium Starbucks-style coffee or tea, soy milk, hazelnut syrup and carefully balanced flavors.",Coconut,1,None,Chocolate Shavings,High,14,403,63,6.5,20.1,5.48,465.8,3.8,34926,High,Yes,No,Yes,Yes,Yes,No,Blueberry Muffin,Afternoon,Sweet,Cold,Global
SB02280,Caramel Tea,Tea,Grande,Cold,"A handcrafted Caramel Tea prepared with premium Starbucks-style coffee or tea, skim milk, toffee nut syrup and carefully balanced flavors.",Soy,4,Vanilla,None,Medium,139,39,24,1.1,13.7,4.36,370.6,4.9,49069,Very High,No,No,Yes,No,No,No,Blueberry Muffin,Afternoon,Fruity,Cold,Global
SB02281,Mango Mocha,Mocha,Venti,Hot,"A handcrafted Mango Mocha prepared with premium Starbucks-style coffee or tea, almond milk, none syrup and carefully balanced flavors.",Skim,4,Caramel,Chocolate Shavings,Low,4,230,31,17.5,27.1,3.23,274.55,3.9,21375,Medium,Yes,Yes,Yes,Yes,Yes,Yes,Blueberry Muffin,Afternoon,Sweet,Hot,India
SB02282,White Mocha Tea,Tea,Tall,Cold,"A handcrafted White Mocha Tea prepared with premium Starbucks-style coffee or tea, whole milk, toffee nut syrup and carefully balanced flavors.",Whole,1,Vanilla,None,Low,94,462,58,6.1,28.3,6.63,563.55,4.6,7846,Low,Yes,No,Yes,Yes,Yes,Yes,Blueberry Muffin,Afternoon,Nutty,Cold,India
SB02283,Caramel Espresso,Espresso,Tall,Hot,"A handcrafted Caramel Espresso prepared with premium Starbucks-style coffee or tea, oat milk, hazelnut syrup and carefully balanced flavors.",Skim,0,Classic,Whipped Cream,Low,257,145,69,9.9,7.6,3.93,334.05,4.2,15846,Medium,Yes,Yes,Yes,Yes,Yes,Yes,Cookie,Evening,Bold,Hot,Global
SB02284,Chai Espresso,Espresso,Tall,Cold,"A handcrafted Chai Espresso prepared with premium Starbucks-style coffee or tea, almond milk, classic syrup and carefully balanced flavors.",Soy,3,None,Caramel Drizzle,Low,232,603,51,10.7,13.7,8.34,708.9,3.8,26521,High,No,No,Yes,No,No,No,Blueberry Muffin,Morning,Chocolatey,Cold,Canada
SB02285,Java Chip Cappuccino,Cappuccino,Venti,Hot,"A handcrafted Java Chip Cappuccino prepared with premium Starbucks-style coffee or tea, oat milk, classic syrup and carefully balanced flavors.",Coconut,0,Toffee Nut,None,Low,52,113,46,15.6,0.6,8.38,712.3,4.9,13965,Medium,No,No,Yes,No,Yes,Yes,Cheesecake,Morning,Creamy,Hot,USA
SB02286,Strawberry Cold Brew,Cold Brew,Venti,Cold,"A handcrafted Strawberry Cold Brew prepared with premium Starbucks-style coffee or tea, skim milk, hazelnut syrup and carefully balanced flavors.",Coconut,2,Hazelnut,Chocolate Shavings,High,130,268,23,9.9,5.2,2.72,231.2,4.8,1899,Low,Yes,Yes,Yes,No,Yes,No,Blueberry Muffin,Afternoon,Fruity,Cold,USA
SB02287,Mocha Americano,Americano,Grande,Cold,"A handcrafted Mocha Americano prepared with premium Starbucks-style coffee or tea, oat milk, none syrup and carefully balanced flavors.",Whole,1,Hazelnut,None,Low,80,171,36,11.5,15.6,5.8,493.0,4.8,4628,Low,No,No,Yes,No,Yes,No,Croissant,Afternoon,Sweet,Cold,Global
SB02288,Mocha Flat White,Flat White,Tall,Cold,"A handcrafted Mocha Flat White prepared with premium Starbucks-style coffee or tea, coconut milk, classic syrup and carefully balanced flavors.",Soy,0,Toffee Nut,Whipped Cream,Medium,97,72,38,14.0,7.0,2.71,230.35,4.8,4412,Low,No,No,Yes,No,No,No,Cheesecake,Afternoon,Nutty,Cold,Canada
SB02289,Strawberry Cappuccino,Cappuccino,Venti,Cold,"A handcrafted Strawberry Cappuccino prepared with premium Starbucks-style coffee or tea, oat milk, vanilla syrup and carefully balanced flavors.",Almond,0,None,None,Medium,203,90,36,17.3,14.1,3.66,311.1,4.4,41156,Very High,No,No,Yes,No,No,No,Sandwich,Evening,Fruity,Cold,Global
SB02290,Java Chip Cold Brew,Cold Brew,Venti,Cold,"A handcrafted Java Chip Cold Brew prepared with premium Starbucks-style coffee or tea, skim milk, none syrup and carefully balanced flavors.",Almond,1,Hazelnut,None,Low,284,128,38,8.9,27.2,3.56,302.6,3.9,21658,Medium,Yes,No,Yes,Yes,No,Yes,Cheesecake,Evening,Sweet,Cold,India
SB02291,White Mocha Tea,Tea,Grande,Hot,"A handcrafted White Mocha Tea prepared with premium Starbucks-style coffee or tea, oat milk, caramel syrup and carefully balanced flavors.",Almond,0,Hazelnut,Caramel Drizzle,High,65,582,3,5.1,23.0,4.85,412.25,4.9,49104,Very High,No,No,Yes,No,No,No,Cheesecake,Afternoon,Bold,Hot,Japan
SB02292,Caramel Tea,Tea,Venti,Cold,"A handcrafted Caramel Tea prepared with premium Starbucks-style coffee or tea, oat milk, toffee nut syrup and carefully balanced flavors.",Coconut,3,Caramel,Caramel Drizzle,Medium,176,348,62,5.0,9.1,8.19,696.15,4.5,1127,Low,Yes,No,Yes,No,Yes,Yes,Croissant,Evening,Nutty,Cold,USA
SB02293,Hazelnut Flat White,Flat White,Tall,Hot,"A handcrafted Hazelnut Flat White prepared with premium Starbucks-style coffee or tea, skim milk, toffee nut syrup and carefully balanced flavors.",Coconut,2,Toffee Nut,Whipped Cream,Low,43,439,62,14.6,20.6,5.79,492.15,4.3,20182,Medium,Yes,No,Yes,Yes,Yes,Yes,Croissant,Afternoon,Nutty,Hot,Canada
SB02294,Caramel Espresso,Espresso,Tall,Hot,"A handcrafted Caramel Espresso prepared with premium Starbucks-style coffee or tea, coconut milk, caramel syrup and carefully balanced flavors.",Oat,2,Hazelnut,Caramel Drizzle,Low,198,136,53,10.0,4.1,5.42,460.7,4.5,786,Low,Yes,No,Yes,Yes,No,No,Sandwich,Afternoon,Bold,Hot,Japan
SB02295,Mango Frappuccino,Frappuccino,Venti,Cold,"A handcrafted Mango Frappuccino prepared with premium Starbucks-style coffee or tea, coconut milk, caramel syrup and carefully balanced flavors.",Skim,0,Toffee Nut,Whipped Cream,Low,179,477,40,9.5,9.8,7.33,623.05,4.7,9617,Low,No,Yes,Yes,Yes,No,No,Cheesecake,Afternoon,Sweet,Cold,USA
SB02296,Vanilla Mocha,Mocha,Tall,Hot,"A handcrafted Vanilla Mocha prepared with premium Starbucks-style coffee or tea, almond milk, toffee nut syrup and carefully balanced flavors.",Oat,3,Caramel,Whipped Cream,Low,298,60,42,11.4,8.6,2.82,239.7,4.1,7359,Low,No,No,Yes,Yes,Yes,No,Cookie,Morning,Nutty,Hot,Global
SB02297,Strawberry Flat White,Flat White,Tall,Hot,"A handcrafted Strawberry Flat White prepared with premium Starbucks-style coffee or tea, soy milk, none syrup and carefully balanced flavors.",Oat,0,Hazelnut,Whipped Cream,High,247,436,3,18.5,25.1,3.59,305.15,4.3,42561,Very High,No,No,Yes,Yes,No,No,Cookie,Morning,Fruity,Hot,Canada
SB02298,Strawberry Espresso,Espresso,Venti,Hot,"A handcrafted Strawberry Espresso prepared with premium Starbucks-style coffee or tea, oat milk, toffee nut syrup and carefully balanced flavors.",Almond,3,Classic,Whipped Cream,Medium,292,98,42,8.5,11.5,2.91,247.35,3.5,23261,Medium,No,No,Yes,Yes,No,Yes,Blueberry Muffin,Afternoon,Fruity,Hot,USA
SB02299,Strawberry Cold Brew,Cold Brew,Grande,Cold,"A handcrafted Strawberry Cold Brew prepared with premium Starbucks-style coffee or tea, soy milk, none syrup and carefully balanced flavors.",Whole,0,Toffee Nut,None,Low,263,348,47,2.4,0.5,4.9,416.5,4.1,44836,Very High,No,Yes,Yes,Yes,No,Yes,Croissant,Evening,Sweet,Cold,Global
SB02300,Strawberry Macchiato,Macchiato,Venti,Cold,"A handcrafted Strawberry Macchiato prepared with premium Starbucks-style coffee or tea, soy milk, toffee nut syrup and carefully balanced flavors.",Almond,1,Caramel,Caramel Drizzle,Medium,294,224,40,10.2,3.6,6.08,516.8,4.1,43132,Very High,No,Yes,Yes,No,Yes,No,Blueberry Muffin,Afternoon,Fruity,Cold,India
SB02301,Hazelnut Tea,Tea,Grande,Hot,"A handcrafted Hazelnut Tea prepared with premium Starbucks-style coffee or tea, soy milk, hazelnut syrup and carefully balanced flavors.",Coconut,0,Caramel,None,Low,92,609,37,16.7,3.5,5.51,468.35,4.6,1099,Low,Yes,Yes,Yes,No,Yes,No,Cheesecake,Morning,Bold,Hot,Japan
SB02302,Vanilla Cold Brew,Cold Brew,Tall,Cold,"A handcrafted Vanilla Cold Brew prepared with premium Starbucks-style coffee or tea, soy milk, classic syrup and carefully balanced flavors.",Oat,3,Hazelnut,None,Medium,150,500,0,7.5,22.1,6.45,548.25,4.8,9044,Low,No,No,Yes,No,Yes,Yes,Cookie,Afternoon,Bold,Cold,Japan
SB02303,Chai Latte,Latte,Tall,Cold,"A handcrafted Chai Latte prepared with premium Starbucks-style coffee or tea, almond milk, classic syrup and carefully balanced flavors.",Whole,2,None,Caramel Drizzle,Low,218,395,59,6.5,21.2,4.14,351.9,4.6,37405,High,No,Yes,Yes,Yes,Yes,Yes,Cookie,Evening,Nutty,Cold,USA
SB02304,Caramel Macchiato,Macchiato,Venti,Cold,"A handcrafted Caramel Macchiato prepared with premium Starbucks-style coffee or tea, coconut milk, classic syrup and carefully balanced flavors.",Skim,0,Hazelnut,None,Medium,17,312,11,12.6,27.0,7.55,641.75,5.0,745,Low,No,Yes,Yes,Yes,No,No,Sandwich,Morning,Creamy,Cold,Japan
SB02305,Strawberry Refresher,Refresher,Venti,Cold,"A handcrafted Strawberry Refresher prepared with premium Starbucks-style coffee or tea, whole milk, caramel syrup and carefully balanced flavors.",Skim,2,Caramel,Caramel Drizzle,Medium,163,84,17,18.6,22.3,4.45,378.25,4.6,37524,High,No,Yes,Yes,Yes,Yes,Yes,Croissant,Morning,Nutty,Cold,Canada
SB02306,Mango Cold Brew,Cold Brew,Venti,Cold,"A handcrafted Mango Cold Brew prepared with premium Starbucks-style coffee or tea, skim milk, hazelnut syrup and carefully balanced flavors.",Soy,0,Caramel,Chocolate Shavings,Medium,294,568,29,12.7,19.7,4.93,419.05,4.8,49833,Very High,No,Yes,Yes,Yes,Yes,Yes,Sandwich,Afternoon,Fruity,Cold,Canada
SB02307,Vanilla Flat White,Flat White,Venti,Cold,"A handcrafted Vanilla Flat White prepared with premium Starbucks-style coffee or tea, almond milk, hazelnut syrup and carefully balanced flavors.",Soy,2,Classic,Caramel Drizzle,High,156,61,39,4.2,20.6,7.39,628.15,4.5,6037,Low,Yes,Yes,Yes,Yes,No,No,Cheesecake,Morning,Fruity,Cold,Japan
SB02308,Matcha Cappuccino,Cappuccino,Tall,Hot,"A handcrafted Matcha Cappuccino prepared with premium Starbucks-style coffee or tea, soy milk, toffee nut syrup and carefully balanced flavors.",Soy,1,Toffee Nut,Whipped Cream,Low,192,305,25,17.0,25.0,4.57,388.45,4.1,28758,High,Yes,Yes,Yes,Yes,No,No,Cookie,Morning,Creamy,Hot,Global
SB02309,Vanilla Latte,Latte,Tall,Cold,"A handcrafted Vanilla Latte prepared with premium Starbucks-style coffee or tea, soy milk, vanilla syrup and carefully balanced flavors.",Almond,3,Caramel,Chocolate Shavings,Medium,247,511,20,14.6,2.8,4.37,371.45,4.0,18558,Medium,Yes,Yes,Yes,Yes,Yes,Yes,Cheesecake,Morning,Creamy,Cold,UK
SB02310,Chai Macchiato,Macchiato,Tall,Hot,"A handcrafted Chai Macchiato prepared with premium Starbucks-style coffee or tea, coconut milk, caramel syrup and carefully balanced flavors.",Coconut,3,None,Caramel Drizzle,Medium,151,144,43,10.4,22.0,4.24,360.4,4.7,28286,High,Yes,Yes,Yes,No,No,Yes,Blueberry Muffin,Evening,Bold,Hot,UK
SB02311,Chai Mocha,Mocha,Grande,Cold,"A handcrafted Chai Mocha prepared with premium Starbucks-style coffee or tea, skim milk, toffee nut syrup and carefully balanced flavors.",Coconut,1,Hazelnut,Whipped Cream,Low,58,356,20,10.2,10.2,7.32,622.2,4.4,19364,Medium,No,No,Yes,No,No,No,Blueberry Muffin,Evening,Bold,Cold,Japan
SB02312,Mango Cappuccino,Cappuccino,Venti,Cold,"A handcrafted Mango Cappuccino prepared with premium Starbucks-style coffee or tea, whole milk, caramel syrup and carefully balanced flavors.",Almond,2,Hazelnut,Whipped Cream,Low,279,533,36,15.5,29.3,5.42,460.7,3.7,43160,Very High,No,Yes,Yes,No,No,No,Cookie,Evening,Fruity,Cold,UK
SB02313,Hazelnut Macchiato,Macchiato,Tall,Cold,"A handcrafted Hazelnut Macchiato prepared with premium Starbucks-style coffee or tea, coconut milk, hazelnut syrup and carefully balanced flavors.",Soy,3,Caramel,Caramel Drizzle,Low,109,578,63,19.4,1.6,4.99,424.15,3.9,14370,Medium,No,No,Yes,Yes,No,Yes,Cheesecake,Morning,Chocolatey,Cold,India
SB02314,Matcha Refresher,Refresher,Venti,Cold,"A handcrafted Matcha Refresher prepared with premium Starbucks-style coffee or tea, soy milk, toffee nut syrup and carefully balanced flavors.",Oat,1,Vanilla,None,Medium,200,124,25,10.6,4.2,2.69,228.65,3.9,35449,High,No,Yes,Yes,No,No,No,Sandwich,Afternoon,Fruity,Cold,India
SB02315,Java Chip Cold Brew,Cold Brew,Venti,Cold,"A handcrafted Java Chip Cold Brew prepared with premium Starbucks-style coffee or tea, whole milk, toffee nut syrup and carefully balanced flavors.",Coconut,2,Hazelnut,Whipped Cream,Low,291,44,31,18.0,9.5,7.58,644.3,4.9,20414,Medium,No,Yes,Yes,Yes,Yes,Yes,Cheesecake,Afternoon,Chocolatey,Cold,Japan
SB02316,Vanilla Cappuccino,Cappuccino,Tall,Hot,"A handcrafted Vanilla Cappuccino prepared with premium Starbucks-style coffee or tea, coconut milk, classic syrup and carefully balanced flavors.",Coconut,0,Vanilla,Caramel Drizzle,Medium,24,566,41,14.1,8.7,5.58,474.3,4.2,1896,Low,No,Yes,Yes,Yes,No,No,Cheesecake,Morning,Nutty,Hot,India
SB02317,Caramel Americano,Americano,Grande,Hot,"A handcrafted Caramel Americano prepared with premium Starbucks-style coffee or tea, skim milk, vanilla syrup and carefully balanced flavors.",Oat,4,Caramel,None,Medium,54,590,7,0.5,27.8,8.34,708.9,4.2,39574,High,Yes,No,Yes,No,Yes,No,Sandwich,Afternoon,Fruity,Hot,India
SB02318,Vanilla Flat White,Flat White,Tall,Hot,"A handcrafted Vanilla Flat White prepared with premium Starbucks-style coffee or tea, skim milk, toffee nut syrup and carefully balanced flavors.",Oat,4,Classic,Caramel Drizzle,Medium,255,523,36,10.8,28.7,3.1,263.5,3.9,29879,High,Yes,No,Yes,Yes,No,Yes,Cookie,Evening,Bold,Hot,UK
SB02319,Vanilla Refresher,Refresher,Venti,Cold,"A handcrafted Vanilla Refresher prepared with premium Starbucks-style coffee or tea, whole milk, classic syrup and carefully balanced flavors.",Oat,0,Toffee Nut,Caramel Drizzle,Low,254,172,40,3.8,28.1,6.69,568.65,4.2,13469,Medium,Yes,Yes,Yes,Yes,No,Yes,Cookie,Afternoon,Sweet,Cold,Global
SB02320,Chai Espresso,Espresso,Grande,Hot,"A handcrafted Chai Espresso prepared with premium Starbucks-style coffee or tea, soy milk, classic syrup and carefully balanced flavors.",Almond,4,Toffee Nut,Whipped Cream,Medium,252,554,11,16.9,3.9,4.99,424.15,3.6,15478,Medium,Yes,Yes,Yes,Yes,No,Yes,Cheesecake,Evening,Chocolatey,Hot,UK
SB02321,Vanilla Frappuccino,Frappuccino,Grande,Cold,"A handcrafted Vanilla Frappuccino prepared with premium Starbucks-style coffee or tea, coconut milk, toffee nut syrup and carefully balanced flavors.",Soy,3,Classic,Chocolate Shavings,Medium,17,255,19,10.7,3.7,2.92,248.2,4.8,19087,Medium,Yes,Yes,Yes,Yes,Yes,Yes,Croissant,Afternoon,Bold,Cold,Japan
SB02322,Mocha Cold Brew,Cold Brew,Tall,Cold,"A handcrafted Mocha Cold Brew prepared with premium Starbucks-style coffee or tea, whole milk, none syrup and carefully balanced flavors.",Whole,3,Caramel,Caramel Drizzle,High,222,48,20,17.1,22.9,5.21,442.85,4.8,11059,Medium,Yes,Yes,Yes,Yes,No,Yes,Cookie,Morning,Nutty,Cold,Global
SB02323,Caramel Cold Brew,Cold Brew,Venti,Cold,"A handcrafted Caramel Cold Brew prepared with premium Starbucks-style coffee or tea, soy milk, classic syrup and carefully balanced flavors.",Oat,4,Caramel,Caramel Drizzle,Medium,130,618,2,7.7,4.8,4.68,397.8,4.0,20580,Medium,Yes,No,Yes,No,Yes,No,Cheesecake,Morning,Creamy,Cold,UK
SB02324,Matcha Latte,Latte,Grande,Cold,"A handcrafted Matcha Latte prepared with premium Starbucks-style coffee or tea, coconut milk, caramel syrup and carefully balanced flavors.",Oat,0,Vanilla,Caramel Drizzle,Low,222,171,70,3.8,22.5,5.07,430.95,4.4,46139,Very High,No,Yes,Yes,No,Yes,No,Sandwich,Afternoon,Creamy,Cold,Canada
SB02325,Matcha Americano,Americano,Grande,Hot,"A handcrafted Matcha Americano prepared with premium Starbucks-style coffee or tea, whole milk, classic syrup and carefully balanced flavors.",Oat,3,Toffee Nut,Caramel Drizzle,Low,296,211,25,1.5,23.0,4.89,415.65,4.3,8870,Low,No,Yes,Yes,Yes,Yes,Yes,Blueberry Muffin,Afternoon,Bold,Hot,USA
SB02326,Caramel Espresso,Espresso,Tall,Hot,"A handcrafted Caramel Espresso prepared with premium Starbucks-style coffee or tea, oat milk, caramel syrup and carefully balanced flavors.",Whole,0,Hazelnut,Caramel Drizzle,Low,184,578,46,17.6,28.8,3.66,311.1,4.8,6075,Low,Yes,No,Yes,Yes,Yes,No,Croissant,Morning,Bold,Hot,India
SB02327,Classic Cappuccino,Cappuccino,Venti,Hot,"A handcrafted Classic Cappuccino prepared with premium Starbucks-style coffee or tea, coconut milk, hazelnut syrup and carefully balanced flavors.",Almond,2,Caramel,None,High,29,530,31,5.7,8.3,5.58,474.3,4.9,38589,High,No,Yes,Yes,Yes,No,No,Cheesecake,Morning,Chocolatey,Hot,Canada
SB02328,Classic Espresso,Espresso,Venti,Cold,"A handcrafted Classic Espresso prepared with premium Starbucks-style coffee or tea, almond milk, hazelnut syrup and carefully balanced flavors.",Oat,0,None,Whipped Cream,Medium,123,610,62,15.4,26.7,3.79,322.15,4.6,15856,Medium,No,No,Yes,No,Yes,Yes,Sandwich,Morning,Creamy,Cold,USA
SB02329,Mocha Latte,Latte,Grande,Hot,"A handcrafted Mocha Latte prepared with premium Starbucks-style coffee or tea, almond milk, toffee nut syrup and carefully balanced flavors.",Oat,3,Hazelnut,Caramel Drizzle,Medium,163,142,11,19.5,17.4,5.65,480.25,4.0,13629,Medium,Yes,No,Yes,No,No,Yes,Sandwich,Evening,Nutty,Hot,Japan
SB02330,Matcha Flat White,Flat White,Tall,Cold,"A handcrafted Matcha Flat White prepared with premium Starbucks-style coffee or tea, soy milk, none syrup and carefully balanced flavors.",Almond,0,None,Caramel Drizzle,Low,33,106,3,13.0,24.7,3.15,267.75,3.6,30014,High,No,No,Yes,No,Yes,Yes,Sandwich,Afternoon,Chocolatey,Cold,Canada
SB02331,Matcha Mocha,Mocha,Grande,Hot,"A handcrafted Matcha Mocha prepared with premium Starbucks-style coffee or tea, almond milk, vanilla syrup and carefully balanced flavors.",Skim,4,Caramel,None,Low,42,114,26,16.9,11.4,3.67,311.95,3.9,10517,Medium,Yes,Yes,Yes,No,Yes,No,Cheesecake,Afternoon,Bold,Hot,UK
SB02332,White Mocha Latte,Latte,Tall,Hot,"A handcrafted White Mocha Latte prepared with premium Starbucks-style coffee or tea, almond milk, classic syrup and carefully balanced flavors.",Soy,4,Hazelnut,None,High,204,233,36,18.9,19.0,6.36,540.6,4.0,47299,Very High,Yes,No,Yes,Yes,No,No,Cookie,Evening,Bold,Hot,Canada
SB02333,Mocha Macchiato,Macchiato,Grande,Cold,"A handcrafted Mocha Macchiato prepared with premium Starbucks-style coffee or tea, oat milk, caramel syrup and carefully balanced flavors.",Whole,4,Caramel,Whipped Cream,High,72,35,64,3.2,10.6,6.65,565.25,4.9,4602,Low,No,Yes,Yes,No,No,Yes,Sandwich,Morning,Sweet,Cold,Canada
SB02334,Mango Refresher,Refresher,Tall,Cold,"A handcrafted Mango Refresher prepared with premium Starbucks-style coffee or tea, coconut milk, none syrup and carefully balanced flavors.",Oat,2,Classic,Whipped Cream,Medium,250,329,57,18.9,12.1,6.04,513.4,3.8,1853,Low,Yes,Yes,Yes,Yes,No,No,Cookie,Afternoon,Fruity,Cold,Global
SB02335,Mocha Cappuccino,Cappuccino,Venti,Hot,"A handcrafted Mocha Cappuccino prepared with premium Starbucks-style coffee or tea, coconut milk, none syrup and carefully balanced flavors.",Coconut,4,Toffee Nut,Whipped Cream,Low,131,175,11,14.2,19.5,3.39,288.15,3.5,1981,Low,Yes,Yes,Yes,Yes,Yes,Yes,Cheesecake,Evening,Nutty,Hot,UK
SB02336,Classic Latte,Latte,Tall,Hot,"A handcrafted Classic Latte prepared with premium Starbucks-style coffee or tea, soy milk, none syrup and carefully balanced flavors.",Soy,1,None,None,Medium,177,245,40,5.7,27.9,5.62,477.7,3.5,1488,Low,No,Yes,Yes,No,No,Yes,Cookie,Morning,Bold,Hot,Canada
SB02337,Mocha Latte,Latte,Grande,Hot,"A handcrafted Mocha Latte prepared with premium Starbucks-style coffee or tea, coconut milk, classic syrup and carefully balanced flavors.",Soy,3,None,Caramel Drizzle,Low,292,403,5,17.1,28.8,7.65,650.25,3.6,5124,Low,Yes,No,Yes,Yes,Yes,Yes,Blueberry Muffin,Evening,Nutty,Hot,India
SB02338,Vanilla Latte,Latte,Venti,Cold,"A handcrafted Vanilla Latte prepared with premium Starbucks-style coffee or tea, soy milk, vanilla syrup and carefully balanced flavors.",Whole,4,Caramel,Whipped Cream,High,51,359,38,20.0,20.1,8.48,720.8,4.8,19210,Medium,Yes,No,Yes,No,Yes,No,Blueberry Muffin,Evening,Creamy,Cold,Japan
SB02339,Strawberry Macchiato,Macchiato,Tall,Hot,"A handcrafted Strawberry Macchiato prepared with premium Starbucks-style coffee or tea, soy milk, toffee nut syrup and carefully balanced flavors.",Almond,3,Vanilla,None,High,194,150,54,10.5,16.9,4.12,350.2,4.6,15387,Medium,No,No,Yes,Yes,Yes,Yes,Cookie,Afternoon,Sweet,Hot,Global
SB02340,Mocha Cold Brew,Cold Brew,Grande,Cold,"A handcrafted Mocha Cold Brew prepared with premium Starbucks-style coffee or tea, skim milk, none syrup and carefully balanced flavors.",Coconut,4,None,Whipped Cream,Medium,239,167,35,4.8,6.4,4.09,347.65,4.2,43842,Very High,Yes,Yes,Yes,Yes,Yes,No,Cheesecake,Morning,Chocolatey,Cold,USA
SB02341,Vanilla Americano,Americano,Venti,Cold,"A handcrafted Vanilla Americano prepared with premium Starbucks-style coffee or tea, coconut milk, none syrup and carefully balanced flavors.",Skim,3,Classic,None,Medium,156,78,44,5.3,21.0,3.79,322.15,4.7,25629,High,Yes,No,Yes,No,No,No,Blueberry Muffin,Morning,Fruity,Cold,India
SB02342,Vanilla Frappuccino,Frappuccino,Grande,Cold,"A handcrafted Vanilla Frappuccino prepared with premium Starbucks-style coffee or tea, almond milk, classic syrup and carefully balanced flavors.",Whole,0,Vanilla,Whipped Cream,Medium,44,401,48,19.1,22.2,3.59,305.15,4.9,9628,Low,Yes,Yes,Yes,No,No,Yes,Cheesecake,Morning,Nutty,Cold,Canada
SB02343,Java Chip Espresso,Espresso,Venti,Hot,"A handcrafted Java Chip Espresso prepared with premium Starbucks-style coffee or tea, soy milk, none syrup and carefully balanced flavors.",Whole,3,Toffee Nut,Caramel Drizzle,Low,264,574,56,8.0,3.4,6.94,589.9,4.2,3925,Low,No,Yes,Yes,No,Yes,Yes,Cheesecake,Afternoon,Bold,Hot,Japan
SB02344,Mocha Mocha,Mocha,Tall,Cold,"A handcrafted Mocha Mocha prepared with premium Starbucks-style coffee or tea, soy milk, toffee nut syrup and carefully balanced flavors.",Whole,0,Hazelnut,Whipped Cream,Low,218,436,7,16.3,23.1,6.82,579.7,3.6,9602,Low,No,No,Yes,No,No,No,Croissant,Afternoon,Chocolatey,Cold,India
SB02345,Caramel Flat White,Flat White,Venti,Hot,"A handcrafted Caramel Flat White prepared with premium Starbucks-style coffee or tea, whole milk, vanilla syrup and carefully balanced flavors.",Almond,0,Vanilla,None,Medium,142,204,66,3.7,22.6,5.54,470.9,4.2,45964,Very High,No,Yes,Yes,No,Yes,No,Sandwich,Morning,Creamy,Hot,India
SB02346,Hazelnut Americano,Americano,Venti,Hot,"A handcrafted Hazelnut Americano prepared with premium Starbucks-style coffee or tea, whole milk, caramel syrup and carefully balanced flavors.",Skim,4,None,Caramel Drizzle,Low,300,208,48,8.1,16.6,7.71,655.35,4.7,12664,Medium,No,No,Yes,Yes,Yes,Yes,Cookie,Afternoon,Nutty,Hot,USA
SB02347,Java Chip Americano,Americano,Grande,Cold,"A handcrafted Java Chip Americano prepared with premium Starbucks-style coffee or tea, coconut milk, vanilla syrup and carefully balanced flavors.",Coconut,2,None,Chocolate Shavings,Medium,18,642,12,8.3,2.9,8.42,715.7,3.9,15739,Medium,No,Yes,Yes,Yes,No,Yes,Sandwich,Morning,Nutty,Cold,Global
SB02348,Mocha Macchiato,Macchiato,Grande,Cold,"A handcrafted Mocha Macchiato prepared with premium Starbucks-style coffee or tea, coconut milk, classic syrup and carefully balanced flavors.",Coconut,1,Caramel,Caramel Drizzle,Medium,31,96,26,1.0,16.1,7.71,655.35,4.5,14201,Medium,No,No,Yes,Yes,No,Yes,Cheesecake,Afternoon,Creamy,Cold,Japan
SB02349,Chai Tea,Tea,Grande,Cold,"A handcrafted Chai Tea prepared with premium Starbucks-style coffee or tea, soy milk, vanilla syrup and carefully balanced flavors.",Almond,0,Toffee Nut,Whipped Cream,High,202,226,0,19.9,25.7,6.57,558.45,3.8,17851,Medium,No,Yes,Yes,Yes,No,No,Cheesecake,Morning,Creamy,Cold,Japan
SB02350,White Mocha Tea,Tea,Venti,Cold,"A handcrafted White Mocha Tea prepared with premium Starbucks-style coffee or tea, oat milk, classic syrup and carefully balanced flavors.",Skim,3,Caramel,Chocolate Shavings,High,5,20,13,8.6,3.0,7.93,674.05,4.3,44540,Very High,Yes,No,Yes,No,Yes,Yes,Croissant,Morning,Nutty,Cold,Global
SB02351,Classic Americano,Americano,Venti,Hot,"A handcrafted Classic Americano prepared with premium Starbucks-style coffee or tea, coconut milk, toffee nut syrup and carefully balanced flavors.",Soy,3,Hazelnut,Whipped Cream,Medium,166,432,51,15.8,28.7,5.03,427.55,3.5,31318,High,No,Yes,Yes,No,Yes,Yes,Sandwich,Afternoon,Creamy,Hot,Japan
SB02352,Classic Macchiato,Macchiato,Venti,Cold,"A handcrafted Classic Macchiato prepared with premium Starbucks-style coffee or tea, almond milk, vanilla syrup and carefully balanced flavors.",Almond,1,Toffee Nut,Whipped Cream,Low,32,163,21,19.6,28.9,5.8,493.0,4.9,5046,Low,Yes,Yes,Yes,Yes,Yes,No,Croissant,Morning,Nutty,Cold,India
SB02353,Classic Frappuccino,Frappuccino,Grande,Cold,"A handcrafted Classic Frappuccino prepared with premium Starbucks-style coffee or tea, coconut milk, vanilla syrup and carefully balanced flavors.",Soy,0,Vanilla,Caramel Drizzle,High,237,59,41,4.8,3.6,7.38,627.3,3.6,33904,High,Yes,No,Yes,No,Yes,Yes,Croissant,Evening,Fruity,Cold,Japan
SB02354,Hazelnut Cold Brew,Cold Brew,Venti,Cold,"A handcrafted Hazelnut Cold Brew prepared with premium Starbucks-style coffee or tea, soy milk, hazelnut syrup and carefully balanced flavors.",Oat,1,Vanilla,Chocolate Shavings,Medium,181,370,33,7.4,3.9,3.72,316.2,4.8,37576,High,Yes,Yes,Yes,No,No,Yes,Cookie,Morning,Chocolatey,Cold,Japan
SB02355,Mango Cold Brew,Cold Brew,Venti,Cold,"A handcrafted Mango Cold Brew prepared with premium Starbucks-style coffee or tea, soy milk, caramel syrup and carefully balanced flavors.",Coconut,1,Hazelnut,Caramel Drizzle,High,230,527,23,0.1,7.0,5.46,464.1,3.9,37578,High,No,Yes,Yes,No,No,Yes,Sandwich,Afternoon,Chocolatey,Cold,Global
SB02356,Chai Mocha,Mocha,Tall,Cold,"A handcrafted Chai Mocha prepared with premium Starbucks-style coffee or tea, coconut milk, hazelnut syrup and carefully balanced flavors.",Oat,2,Caramel,Whipped Cream,Medium,266,236,33,13.9,19.2,2.57,218.45,4.8,48329,Very High,No,No,Yes,Yes,No,Yes,Cheesecake,Evening,Chocolatey,Cold,Canada
SB02357,Mocha Frappuccino,Frappuccino,Grande,Cold,"A handcrafted Mocha Frappuccino prepared with premium Starbucks-style coffee or tea, skim milk, caramel syrup and carefully balanced flavors.",Soy,2,Hazelnut,Caramel Drizzle,Medium,221,275,21,13.0,23.2,6.22,528.7,4.4,45051,Very High,No,No,Yes,No,No,No,Sandwich,Afternoon,Chocolatey,Cold,Global
SB02358,Hazelnut Tea,Tea,Grande,Cold,"A handcrafted Hazelnut Tea prepared with premium Starbucks-style coffee or tea, skim milk, caramel syrup and carefully balanced flavors.",Whole,4,None,Whipped Cream,High,146,141,1,19.8,7.5,5.71,485.35,4.2,11022,Medium,No,No,Yes,No,No,Yes,Blueberry Muffin,Afternoon,Fruity,Cold,UK
SB02359,White Mocha Mocha,Mocha,Venti,Cold,"A handcrafted White Mocha Mocha prepared with premium Starbucks-style coffee or tea, oat milk, toffee nut syrup and carefully balanced flavors.",Oat,2,Caramel,Whipped Cream,High,6,341,4,16.1,24.7,3.41,289.85,4.9,38794,High,Yes,No,Yes,Yes,No,Yes,Cheesecake,Afternoon,Sweet,Cold,UK
SB02360,White Mocha Mocha,Mocha,Grande,Cold,"A handcrafted White Mocha Mocha prepared with premium Starbucks-style coffee or tea, soy milk, vanilla syrup and carefully balanced flavors.",Oat,1,None,Chocolate Shavings,Medium,256,501,5,0.3,10.7,6.1,518.5,3.9,35077,High,No,Yes,Yes,Yes,Yes,Yes,Blueberry Muffin,Morning,Fruity,Cold,Global
SB02361,Matcha Tea,Tea,Grande,Cold,"A handcrafted Matcha Tea prepared with premium Starbucks-style coffee or tea, soy milk, toffee nut syrup and carefully balanced flavors.",Coconut,0,Caramel,Whipped Cream,Medium,169,144,22,19.1,22.2,6.73,572.05,4.9,48168,Very High,Yes,Yes,Yes,Yes,No,Yes,Cookie,Evening,Fruity,Cold,UK
SB02362,Mocha Espresso,Espresso,Venti,Cold,"A handcrafted Mocha Espresso prepared with premium Starbucks-style coffee or tea, soy milk, toffee nut syrup and carefully balanced flavors.",Soy,1,Toffee Nut,Whipped Cream,Low,89,126,34,4.8,22.7,5.27,447.95,4.6,42954,Very High,No,Yes,Yes,No,Yes,Yes,Cheesecake,Morning,Fruity,Cold,Japan
SB02363,Java Chip Macchiato,Macchiato,Tall,Hot,"A handcrafted Java Chip Macchiato prepared with premium Starbucks-style coffee or tea, coconut milk, classic syrup and carefully balanced flavors.",Coconut,3,Hazelnut,Caramel Drizzle,High,279,185,50,12.7,21.7,3.76,319.6,4.1,3374,Low,Yes,No,Yes,No,No,No,Cheesecake,Afternoon,Nutty,Hot,Japan
SB02364,Mango Flat White,Flat White,Grande,Cold,"A handcrafted Mango Flat White prepared with premium Starbucks-style coffee or tea, whole milk, vanilla syrup and carefully balanced flavors.",Almond,1,Classic,None,High,171,565,49,11.0,4.3,6.72,571.2,3.7,12575,Medium,Yes,No,Yes,Yes,Yes,Yes,Sandwich,Morning,Fruity,Cold,USA
SB02365,White Mocha Flat White,Flat White,Venti,Cold,"A handcrafted White Mocha Flat White prepared with premium Starbucks-style coffee or tea, coconut milk, vanilla syrup and carefully balanced flavors.",Skim,1,Hazelnut,None,Low,13,290,16,3.0,27.7,3.52,299.2,4.0,41680,Very High,No,Yes,Yes,Yes,No,No,Sandwich,Morning,Creamy,Cold,Japan
SB02366,Vanilla Americano,Americano,Tall,Cold,"A handcrafted Vanilla Americano prepared with premium Starbucks-style coffee or tea, soy milk, vanilla syrup and carefully balanced flavors.",Whole,4,Hazelnut,Whipped Cream,Low,274,200,44,0.7,3.1,8.46,719.1,4.5,33322,High,No,Yes,Yes,Yes,Yes,Yes,Cookie,Afternoon,Chocolatey,Cold,India
SB02367,Matcha Flat White,Flat White,Grande,Cold,"A handcrafted Matcha Flat White prepared with premium Starbucks-style coffee or tea, coconut milk, none syrup and carefully balanced flavors.",Almond,4,None,Caramel Drizzle,Low,83,344,55,15.7,4.7,7.32,622.2,3.8,48742,Very High,Yes,No,Yes,Yes,No,Yes,Sandwich,Evening,Nutty,Cold,UK
SB02368,Strawberry Frappuccino,Frappuccino,Grande,Cold,"A handcrafted Strawberry Frappuccino prepared with premium Starbucks-style coffee or tea, almond milk, hazelnut syrup and carefully balanced flavors.",Oat,2,Hazelnut,Whipped Cream,High,174,60,56,19.5,23.5,7.33,623.05,4.5,45135,Very High,Yes,No,Yes,No,No,Yes,Cookie,Evening,Fruity,Cold,Canada
SB02369,Mocha Refresher,Refresher,Venti,Cold,"A handcrafted Mocha Refresher prepared with premium Starbucks-style coffee or tea, almond milk, hazelnut syrup and carefully balanced flavors.",Whole,0,Hazelnut,Whipped Cream,High,61,245,22,16.6,3.2,5.76,489.6,4.2,8227,Low,No,No,Yes,Yes,No,Yes,Sandwich,Morning,Chocolatey,Cold,Japan
SB02370,Mocha Flat White,Flat White,Tall,Hot,"A handcrafted Mocha Flat White prepared with premium Starbucks-style coffee or tea, oat milk, vanilla syrup and carefully balanced flavors.",Whole,1,Classic,None,Medium,156,188,16,14.0,12.3,7.89,670.65,4.3,11963,Medium,No,Yes,Yes,Yes,No,No,Croissant,Morning,Fruity,Hot,India
SB02371,Chai Frappuccino,Frappuccino,Venti,Cold,"A handcrafted Chai Frappuccino prepared with premium Starbucks-style coffee or tea, coconut milk, none syrup and carefully balanced flavors.",Soy,1,Hazelnut,Chocolate Shavings,Medium,67,87,11,18.7,3.9,5.63,478.55,3.9,35670,High,No,Yes,Yes,No,Yes,Yes,Cheesecake,Evening,Chocolatey,Cold,Global
SB02372,Mocha Macchiato,Macchiato,Venti,Cold,"A handcrafted Mocha Macchiato prepared with premium Starbucks-style coffee or tea, skim milk, none syrup and carefully balanced flavors.",Almond,2,None,None,High,106,595,35,15.8,29.7,3.76,319.6,4.6,11139,Medium,No,Yes,Yes,Yes,Yes,No,Croissant,Afternoon,Chocolatey,Cold,USA
SB02373,Chai Americano,Americano,Tall,Hot,"A handcrafted Chai Americano prepared with premium Starbucks-style coffee or tea, whole milk, toffee nut syrup and carefully balanced flavors.",Oat,1,None,Whipped Cream,Medium,128,47,13,18.9,29.7,4.0,340.0,3.8,37872,High,Yes,No,Yes,No,Yes,Yes,Cheesecake,Afternoon,Creamy,Hot,Global
SB02374,White Mocha Espresso,Espresso,Grande,Cold,"A handcrafted White Mocha Espresso prepared with premium Starbucks-style coffee or tea, coconut milk, none syrup and carefully balanced flavors.",Coconut,4,Hazelnut,Whipped Cream,Medium,290,188,54,11.5,3.5,2.88,244.8,4.6,2131,Low,No,Yes,Yes,Yes,Yes,No,Croissant,Afternoon,Sweet,Cold,India
SB02375,Vanilla Americano,Americano,Venti,Hot,"A handcrafted Vanilla Americano prepared with premium Starbucks-style coffee or tea, whole milk, hazelnut syrup and carefully balanced flavors.",Soy,3,Toffee Nut,Chocolate Shavings,Medium,68,545,24,11.7,17.3,2.6,221.0,3.8,17408,Medium,Yes,No,Yes,No,Yes,Yes,Cookie,Morning,Bold,Hot,USA
SB02376,White Mocha Latte,Latte,Grande,Cold,"A handcrafted White Mocha Latte prepared with premium Starbucks-style coffee or tea, almond milk, caramel syrup and carefully balanced flavors.",Whole,2,Vanilla,Chocolate Shavings,High,98,93,36,15.7,7.5,2.87,243.95,3.9,1157,Low,Yes,No,Yes,No,No,No,Cheesecake,Morning,Fruity,Cold,Global
SB02377,Mango Cold Brew,Cold Brew,Grande,Cold,"A handcrafted Mango Cold Brew prepared with premium Starbucks-style coffee or tea, skim milk, vanilla syrup and carefully balanced flavors.",Coconut,0,Toffee Nut,Caramel Drizzle,Low,103,278,39,10.7,17.8,6.31,536.35,5.0,18709,Medium,Yes,Yes,Yes,Yes,No,No,Blueberry Muffin,Afternoon,Sweet,Cold,India
SB02378,Mocha Mocha,Mocha,Venti,Cold,"A handcrafted Mocha Mocha prepared with premium Starbucks-style coffee or tea, oat milk, toffee nut syrup and carefully balanced flavors.",Oat,3,None,Caramel Drizzle,Medium,62,335,15,4.4,26.6,7.23,614.55,4.6,45753,Very High,No,Yes,Yes,Yes,Yes,Yes,Cheesecake,Afternoon,Fruity,Cold,USA
SB02379,Java Chip Flat White,Flat White,Venti,Hot,"A handcrafted Java Chip Flat White prepared with premium Starbucks-style coffee or tea, skim milk, none syrup and carefully balanced flavors.",Soy,1,Hazelnut,Whipped Cream,Medium,290,64,29,2.5,22.6,7.02,596.7,4.1,5610,Low,No,Yes,Yes,No,No,No,Blueberry Muffin,Morning,Creamy,Hot,Japan
SB02380,Matcha Cappuccino,Cappuccino,Grande,Hot,"A handcrafted Matcha Cappuccino prepared with premium Starbucks-style coffee or tea, coconut milk, classic syrup and carefully balanced flavors.",Skim,3,Caramel,None,Low,13,228,51,0.4,15.0,8.37,711.45,4.3,43528,Very High,Yes,Yes,Yes,Yes,No,Yes,Croissant,Morning,Fruity,Hot,Canada
SB02381,Caramel Tea,Tea,Grande,Hot,"A handcrafted Caramel Tea prepared with premium Starbucks-style coffee or tea, skim milk, none syrup and carefully balanced flavors.",Oat,2,Caramel,Chocolate Shavings,High,80,99,59,17.2,28.3,6.54,555.9,4.9,48496,Very High,No,No,Yes,Yes,No,Yes,Croissant,Morning,Sweet,Hot,Global
SB02382,Mango Cold Brew,Cold Brew,Tall,Cold,"A handcrafted Mango Cold Brew prepared with premium Starbucks-style coffee or tea, almond milk, vanilla syrup and carefully balanced flavors.",Skim,2,Vanilla,Whipped Cream,Medium,114,113,29,3.9,9.4,5.07,430.95,4.6,10001,Medium,No,Yes,Yes,Yes,Yes,Yes,Cookie,Morning,Creamy,Cold,India
SB02383,Hazelnut Tea,Tea,Venti,Cold,"A handcrafted Hazelnut Tea prepared with premium Starbucks-style coffee or tea, whole milk, toffee nut syrup and carefully balanced flavors.",Oat,0,Vanilla,None,Medium,173,319,23,15.6,12.1,3.04,258.4,4.6,6858,Low,Yes,No,Yes,Yes,No,No,Sandwich,Afternoon,Bold,Cold,India
SB02384,Mocha Flat White,Flat White,Tall,Hot,"A handcrafted Mocha Flat White prepared with premium Starbucks-style coffee or tea, soy milk, classic syrup and carefully balanced flavors.",Whole,0,Classic,None,High,45,144,24,13.9,10.5,6.45,548.25,5.0,27315,High,No,Yes,Yes,No,Yes,No,Cookie,Afternoon,Fruity,Hot,UK
SB02385,Caramel Cold Brew,Cold Brew,Grande,Cold,"A handcrafted Caramel Cold Brew prepared with premium Starbucks-style coffee or tea, almond milk, none syrup and carefully balanced flavors.",Almond,1,Classic,Chocolate Shavings,High,299,345,60,0.6,29.9,3.57,303.45,4.1,34369,High,No,No,Yes,Yes,No,Yes,Cheesecake,Evening,Creamy,Cold,UK
SB02386,Mango Flat White,Flat White,Venti,Hot,"A handcrafted Mango Flat White prepared with premium Starbucks-style coffee or tea, oat milk, classic syrup and carefully balanced flavors.",Whole,1,Hazelnut,Caramel Drizzle,Medium,24,346,51,6.7,15.2,5.73,487.05,4.3,7561,Low,Yes,No,Yes,Yes,Yes,No,Blueberry Muffin,Evening,Chocolatey,Hot,Global
SB02387,Classic Americano,Americano,Tall,Hot,"A handcrafted Classic Americano prepared with premium Starbucks-style coffee or tea, oat milk, hazelnut syrup and carefully balanced flavors.",Skim,2,Vanilla,Whipped Cream,Medium,77,499,19,6.8,24.2,8.39,713.15,4.3,22071,Medium,No,Yes,Yes,No,Yes,No,Cookie,Morning,Creamy,Hot,India
SB02388,Mocha Cold Brew,Cold Brew,Tall,Cold,"A handcrafted Mocha Cold Brew prepared with premium Starbucks-style coffee or tea, whole milk, hazelnut syrup and carefully balanced flavors.",Almond,4,Classic,Caramel Drizzle,Low,294,308,65,14.8,22.6,2.57,218.45,4.2,22588,Medium,No,No,Yes,Yes,No,Yes,Blueberry Muffin,Afternoon,Nutty,Cold,Global
SB02389,Mocha Mocha,Mocha,Grande,Hot,"A handcrafted Mocha Mocha prepared with premium Starbucks-style coffee or tea, almond milk, caramel syrup and carefully balanced flavors.",Coconut,0,Toffee Nut,Whipped Cream,Low,281,613,43,14.4,22.8,7.07,600.95,4.2,5875,Low,No,No,Yes,Yes,No,Yes,Blueberry Muffin,Morning,Bold,Hot,Japan
SB02390,Classic Cold Brew,Cold Brew,Venti,Cold,"A handcrafted Classic Cold Brew prepared with premium Starbucks-style coffee or tea, coconut milk, classic syrup and carefully balanced flavors.",Almond,1,None,Caramel Drizzle,Low,27,646,61,3.6,27.2,4.36,370.6,4.8,34413,High,No,No,Yes,No,No,Yes,Blueberry Muffin,Evening,Creamy,Cold,Japan
SB02391,Chai Refresher,Refresher,Tall,Cold,"A handcrafted Chai Refresher prepared with premium Starbucks-style coffee or tea, oat milk, classic syrup and carefully balanced flavors.",Almond,1,Toffee Nut,Caramel Drizzle,High,275,247,32,6.3,1.7,6.59,560.15,4.6,8055,Low,Yes,No,Yes,Yes,Yes,No,Blueberry Muffin,Afternoon,Chocolatey,Cold,UK
SB02392,Classic Mocha,Mocha,Grande,Cold,"A handcrafted Classic Mocha prepared with premium Starbucks-style coffee or tea, skim milk, none syrup and carefully balanced flavors.",Oat,1,Classic,Chocolate Shavings,Medium,220,414,64,3.7,2.3,6.46,549.1,4.7,17663,Medium,No,No,Yes,Yes,No,No,Croissant,Evening,Chocolatey,Cold,Global
SB02393,Chai Frappuccino,Frappuccino,Grande,Cold,"A handcrafted Chai Frappuccino prepared with premium Starbucks-style coffee or tea, soy milk, classic syrup and carefully balanced flavors.",Soy,3,Caramel,None,Low,111,468,30,8.6,9.4,7.79,662.15,4.6,11377,Medium,No,Yes,Yes,No,Yes,Yes,Croissant,Afternoon,Bold,Cold,Global
SB02394,Mango Refresher,Refresher,Tall,Cold,"A handcrafted Mango Refresher prepared with premium Starbucks-style coffee or tea, almond milk, toffee nut syrup and carefully balanced flavors.",Almond,0,Hazelnut,Whipped Cream,Low,286,575,52,5.1,19.3,7.97,677.45,4.1,25607,High,No,Yes,Yes,No,No,No,Sandwich,Afternoon,Nutty,Cold,Global
SB02395,Java Chip Cappuccino,Cappuccino,Venti,Cold,"A handcrafted Java Chip Cappuccino prepared with premium Starbucks-style coffee or tea, whole milk, caramel syrup and carefully balanced flavors.",Coconut,2,Caramel,Whipped Cream,High,197,413,56,13.4,2.5,6.27,532.95,3.7,20949,Medium,Yes,Yes,Yes,No,No,Yes,Croissant,Evening,Sweet,Cold,USA
SB02396,Classic Tea,Tea,Venti,Cold,"A handcrafted Classic Tea prepared with premium Starbucks-style coffee or tea, soy milk, none syrup and carefully balanced flavors.",Whole,2,Toffee Nut,Caramel Drizzle,Medium,125,161,28,13.7,3.8,4.32,367.2,4.9,31570,High,No,No,Yes,No,Yes,No,Cheesecake,Morning,Chocolatey,Cold,Canada
SB02397,Vanilla Cold Brew,Cold Brew,Venti,Cold,"A handcrafted Vanilla Cold Brew prepared with premium Starbucks-style coffee or tea, soy milk, toffee nut syrup and carefully balanced flavors.",Soy,4,Classic,Chocolate Shavings,High,242,203,20,10.8,15.1,4.58,389.3,4.6,44346,Very High,No,Yes,Yes,No,Yes,Yes,Sandwich,Morning,Chocolatey,Cold,Canada
SB02398,Hazelnut Espresso,Espresso,Tall,Cold,"A handcrafted Hazelnut Espresso prepared with premium Starbucks-style coffee or tea, oat milk, classic syrup and carefully balanced flavors.",Oat,1,Classic,Whipped Cream,High,260,21,20,19.6,24.3,6.03,512.55,4.9,33682,High,No,No,Yes,Yes,Yes,Yes,Sandwich,Afternoon,Bold,Cold,Canada
SB02399,Caramel Americano,Americano,Grande,Cold,"A handcrafted Caramel Americano prepared with premium Starbucks-style coffee or tea, soy milk, none syrup and carefully balanced flavors.",Whole,4,Vanilla,Whipped Cream,Medium,136,189,52,19.8,6.1,4.18,355.3,3.8,48868,Very High,Yes,Yes,Yes,No,Yes,No,Sandwich,Evening,Creamy,Cold,India
SB02400,Chai Latte,Latte,Grande,Hot,"A handcrafted Chai Latte prepared with premium Starbucks-style coffee or tea, coconut milk, none syrup and carefully balanced flavors.",Oat,1,Vanilla,None,Low,97,259,49,10.1,27.5,2.7,229.5,3.8,12646,Medium,Yes,Yes,Yes,Yes,Yes,Yes,Sandwich,Evening,Sweet,Hot,Canada
SB02401,White Mocha Frappuccino,Frappuccino,Grande,Cold,"A handcrafted White Mocha Frappuccino prepared with premium Starbucks-style coffee or tea, skim milk, caramel syrup and carefully balanced flavors.",Skim,2,Hazelnut,Chocolate Shavings,Low,92,233,61,19.4,26.0,7.97,677.45,4.4,9439,Low,Yes,No,Yes,No,Yes,No,Croissant,Morning,Fruity,Cold,UK
SB02402,Caramel Macchiato,Macchiato,Venti,Cold,"A handcrafted Caramel Macchiato prepared with premium Starbucks-style coffee or tea, soy milk, toffee nut syrup and carefully balanced flavors.",Soy,1,Classic,Chocolate Shavings,High,201,494,40,3.3,9.0,8.21,697.85,3.8,15339,Medium,No,No,Yes,No,No,No,Cheesecake,Afternoon,Chocolatey,Cold,India
SB02403,Java Chip Refresher,Refresher,Grande,Cold,"A handcrafted Java Chip Refresher prepared with premium Starbucks-style coffee or tea, skim milk, none syrup and carefully balanced flavors.",Oat,1,Toffee Nut,Whipped Cream,Low,77,240,24,0.7,25.0,7.19,611.15,4.8,26398,High,No,Yes,Yes,Yes,Yes,Yes,Cheesecake,Afternoon,Creamy,Cold,Canada
SB02404,Java Chip Latte,Latte,Grande,Hot,"A handcrafted Java Chip Latte prepared with premium Starbucks-style coffee or tea, almond milk, caramel syrup and carefully balanced flavors.",Skim,3,Toffee Nut,Whipped Cream,High,42,409,25,7.1,24.0,7.79,662.15,4.1,36261,High,No,Yes,Yes,No,Yes,Yes,Croissant,Evening,Bold,Hot,Canada
SB02405,Matcha Espresso,Espresso,Grande,Cold,"A handcrafted Matcha Espresso prepared with premium Starbucks-style coffee or tea, coconut milk, caramel syrup and carefully balanced flavors.",Almond,4,Hazelnut,None,Medium,225,402,33,16.1,12.8,5.85,497.25,4.8,16632,Medium,No,Yes,Yes,No,No,Yes,Blueberry Muffin,Afternoon,Creamy,Cold,Global
SB02406,Caramel Americano,Americano,Tall,Hot,"A handcrafted Caramel Americano prepared with premium Starbucks-style coffee or tea, almond milk, none syrup and carefully balanced flavors.",Coconut,1,Toffee Nut,Chocolate Shavings,Low,28,489,7,5.2,22.0,3.52,299.2,4.6,9126,Low,No,No,Yes,Yes,Yes,No,Cookie,Morning,Creamy,Hot,UK
SB02407,White Mocha Mocha,Mocha,Venti,Hot,"A handcrafted White Mocha Mocha prepared with premium Starbucks-style coffee or tea, whole milk, none syrup and carefully balanced flavors.",Almond,4,Vanilla,None,Low,194,163,57,9.6,8.5,4.82,409.7,3.6,19508,Medium,No,Yes,Yes,No,Yes,Yes,Croissant,Afternoon,Fruity,Hot,India
SB02408,Java Chip Flat White,Flat White,Venti,Cold,"A handcrafted Java Chip Flat White prepared with premium Starbucks-style coffee or tea, whole milk, hazelnut syrup and carefully balanced flavors.",Skim,1,None,Caramel Drizzle,High,115,127,20,12.4,16.3,4.05,344.25,4.6,23700,Medium,No,Yes,Yes,Yes,Yes,Yes,Cheesecake,Afternoon,Nutty,Cold,USA
SB02409,Caramel Frappuccino,Frappuccino,Venti,Cold,"A handcrafted Caramel Frappuccino prepared with premium Starbucks-style coffee or tea, oat milk, classic syrup and carefully balanced flavors.",Whole,4,Caramel,Chocolate Shavings,Low,22,74,9,11.7,29.3,8.3,705.5,4.1,12176,Medium,No,No,Yes,Yes,Yes,No,Cookie,Evening,Chocolatey,Cold,Global
SB02410,Mocha Frappuccino,Frappuccino,Venti,Cold,"A handcrafted Mocha Frappuccino prepared with premium Starbucks-style coffee or tea, skim milk, classic syrup and carefully balanced flavors.",Almond,4,Toffee Nut,Chocolate Shavings,Medium,6,472,18,18.3,7.2,6.79,577.15,4.5,31240,High,No,Yes,Yes,Yes,Yes,No,Cheesecake,Evening,Bold,Cold,USA
SB02411,Chai Frappuccino,Frappuccino,Grande,Cold,"A handcrafted Chai Frappuccino prepared with premium Starbucks-style coffee or tea, oat milk, vanilla syrup and carefully balanced flavors.",Soy,0,None,Caramel Drizzle,Medium,199,340,7,1.9,9.9,8.48,720.8,4.8,694,Low,No,Yes,Yes,No,Yes,No,Cheesecake,Morning,Nutty,Cold,USA
SB02412,Java Chip Frappuccino,Frappuccino,Tall,Cold,"A handcrafted Java Chip Frappuccino prepared with premium Starbucks-style coffee or tea, almond milk, caramel syrup and carefully balanced flavors.",Whole,3,Classic,Chocolate Shavings,Low,208,147,39,4.1,19.2,5.83,495.55,4.8,22040,Medium,No,No,Yes,No,Yes,Yes,Blueberry Muffin,Afternoon,Fruity,Cold,India
SB02413,Caramel Tea,Tea,Tall,Cold,"A handcrafted Caramel Tea prepared with premium Starbucks-style coffee or tea, almond milk, classic syrup and carefully balanced flavors.",Almond,4,Caramel,None,High,133,175,38,8.8,28.2,5.78,491.3,4.8,11518,Medium,Yes,No,Yes,No,No,Yes,Sandwich,Evening,Sweet,Cold,Global
SB02414,Vanilla Tea,Tea,Tall,Cold,"A handcrafted Vanilla Tea prepared with premium Starbucks-style coffee or tea, whole milk, vanilla syrup and carefully balanced flavors.",Almond,1,Classic,Caramel Drizzle,Low,111,633,44,4.0,8.5,7.42,630.7,4.4,30365,High,No,No,Yes,Yes,No,Yes,Croissant,Evening,Creamy,Cold,Japan
SB02415,Chai Americano,Americano,Tall,Hot,"A handcrafted Chai Americano prepared with premium Starbucks-style coffee or tea, almond milk, hazelnut syrup and carefully balanced flavors.",Whole,4,Classic,Chocolate Shavings,Low,155,309,65,11.8,27.6,5.68,482.8,4.5,9744,Low,No,No,Yes,No,No,No,Cookie,Morning,Sweet,Hot,Canada
SB02416,Vanilla Refresher,Refresher,Tall,Cold,"A handcrafted Vanilla Refresher prepared with premium Starbucks-style coffee or tea, whole milk, vanilla syrup and carefully balanced flavors.",Skim,3,Toffee Nut,Chocolate Shavings,Medium,2,360,43,9.4,22.1,6.95,590.75,4.9,42574,Very High,No,No,Yes,No,Yes,Yes,Cookie,Morning,Nutty,Cold,Canada
SB02417,Classic Mocha,Mocha,Tall,Hot,"A handcrafted Classic Mocha prepared with premium Starbucks-style coffee or tea, skim milk, toffee nut syrup and carefully balanced flavors.",Whole,0,Classic,Chocolate Shavings,Medium,224,426,5,18.8,4.6,6.01,510.85,4.9,12300,Medium,Yes,Yes,Yes,No,Yes,No,Sandwich,Afternoon,Bold,Hot,USA
SB02418,Vanilla Frappuccino,Frappuccino,Tall,Cold,"A handcrafted Vanilla Frappuccino prepared with premium Starbucks-style coffee or tea, whole milk, hazelnut syrup and carefully balanced flavors.",Soy,3,Vanilla,None,High,229,427,16,19.9,12.4,3.0,255.0,4.7,44398,Very High,Yes,Yes,Yes,Yes,Yes,Yes,Croissant,Evening,Bold,Cold,USA
SB02419,Matcha Refresher,Refresher,Tall,Cold,"A handcrafted Matcha Refresher prepared with premium Starbucks-style coffee or tea, coconut milk, classic syrup and carefully balanced flavors.",Skim,2,Hazelnut,Caramel Drizzle,Low,192,358,61,10.5,5.5,4.54,385.9,4.6,9169,Low,No,No,Yes,Yes,Yes,Yes,Sandwich,Evening,Chocolatey,Cold,UK
SB02420,Strawberry Espresso,Espresso,Venti,Hot,"A handcrafted Strawberry Espresso prepared with premium Starbucks-style coffee or tea, oat milk, none syrup and carefully balanced flavors.",Coconut,0,Caramel,Caramel Drizzle,Medium,291,163,32,6.1,19.7,5.63,478.55,4.5,35002,High,Yes,Yes,Yes,No,Yes,Yes,Sandwich,Afternoon,Bold,Hot,Japan
SB02421,White Mocha Refresher,Refresher,Grande,Cold,"A handcrafted White Mocha Refresher prepared with premium Starbucks-style coffee or tea, whole milk, caramel syrup and carefully balanced flavors.",Almond,4,Vanilla,Chocolate Shavings,Medium,155,505,33,8.6,5.4,8.11,689.35,4.5,39838,High,No,No,Yes,Yes,Yes,Yes,Blueberry Muffin,Afternoon,Creamy,Cold,Japan
SB02422,White Mocha Mocha,Mocha,Venti,Hot,"A handcrafted White Mocha Mocha prepared with premium Starbucks-style coffee or tea, soy milk, vanilla syrup and carefully balanced flavors.",Whole,2,Classic,None,Medium,86,65,51,2.1,11.3,8.01,680.85,4.6,12189,Medium,Yes,Yes,Yes,Yes,Yes,Yes,Cookie,Morning,Nutty,Hot,Canada
SB02423,Java Chip Cold Brew,Cold Brew,Grande,Cold,"A handcrafted Java Chip Cold Brew prepared with premium Starbucks-style coffee or tea, coconut milk, hazelnut syrup and carefully balanced flavors.",Whole,1,Toffee Nut,Caramel Drizzle,High,135,482,47,9.0,28.7,6.02,511.7,3.6,31040,High,No,No,Yes,No,No,Yes,Croissant,Morning,Creamy,Cold,USA
SB02424,Matcha Cappuccino,Cappuccino,Venti,Cold,"A handcrafted Matcha Cappuccino prepared with premium Starbucks-style coffee or tea, soy milk, none syrup and carefully balanced flavors.",Coconut,2,Classic,Chocolate Shavings,Medium,105,646,1,5.2,8.0,2.91,247.35,3.7,49922,Very High,No,No,Yes,Yes,Yes,Yes,Cheesecake,Afternoon,Bold,Cold,Global
SB02425,Mango Mocha,Mocha,Grande,Hot,"A handcrafted Mango Mocha prepared with premium Starbucks-style coffee or tea, skim milk, caramel syrup and carefully balanced flavors.",Soy,2,Toffee Nut,Whipped Cream,High,81,179,27,18.3,16.6,6.44,547.4,3.7,7567,Low,No,Yes,Yes,No,Yes,Yes,Sandwich,Afternoon,Nutty,Hot,India
SB02426,Mango Cappuccino,Cappuccino,Tall,Hot,"A handcrafted Mango Cappuccino prepared with premium Starbucks-style coffee or tea, skim milk, caramel syrup and carefully balanced flavors.",Skim,2,Classic,Whipped Cream,Low,4,552,52,11.0,9.3,4.93,419.05,4.7,26834,High,Yes,No,Yes,No,Yes,Yes,Cookie,Morning,Sweet,Hot,Canada
SB02427,Chai Tea,Tea,Grande,Hot,"A handcrafted Chai Tea prepared with premium Starbucks-style coffee or tea, soy milk, none syrup and carefully balanced flavors.",Soy,3,Classic,Chocolate Shavings,High,15,88,43,4.2,7.0,4.56,387.6,4.6,36258,High,Yes,Yes,Yes,No,No,No,Cookie,Evening,Nutty,Hot,Japan
SB02428,Chai Mocha,Mocha,Tall,Cold,"A handcrafted Chai Mocha prepared with premium Starbucks-style coffee or tea, almond milk, toffee nut syrup and carefully balanced flavors.",Soy,0,Hazelnut,Whipped Cream,Low,24,296,54,15.8,11.8,4.15,352.75,4.0,23401,Medium,Yes,Yes,Yes,No,No,Yes,Sandwich,Morning,Sweet,Cold,Japan
SB02429,Chai Macchiato,Macchiato,Grande,Cold,"A handcrafted Chai Macchiato prepared with premium Starbucks-style coffee or tea, oat milk, classic syrup and carefully balanced flavors.",Coconut,2,None,None,Medium,262,247,21,5.2,21.5,2.94,249.9,5.0,21316,Medium,Yes,Yes,Yes,Yes,No,Yes,Sandwich,Morning,Sweet,Cold,Global
SB02430,Matcha Flat White,Flat White,Venti,Hot,"A handcrafted Matcha Flat White prepared with premium Starbucks-style coffee or tea, skim milk, hazelnut syrup and carefully balanced flavors.",Soy,1,Classic,Chocolate Shavings,Medium,155,93,45,17.7,13.7,4.51,383.35,4.9,49467,Very High,No,No,Yes,Yes,Yes,Yes,Croissant,Morning,Nutty,Hot,USA
SB02431,Matcha Frappuccino,Frappuccino,Grande,Cold,"A handcrafted Matcha Frappuccino prepared with premium Starbucks-style coffee or tea, coconut milk, caramel syrup and carefully balanced flavors.",Skim,2,Caramel,None,Low,190,222,18,16.8,12.9,6.48,550.8,3.8,28974,High,No,Yes,Yes,No,Yes,No,Cookie,Evening,Bold,Cold,USA
SB02432,Mango Cappuccino,Cappuccino,Grande,Hot,"A handcrafted Mango Cappuccino prepared with premium Starbucks-style coffee or tea, oat milk, hazelnut syrup and carefully balanced flavors.",Oat,1,Hazelnut,None,High,2,487,9,9.8,13.8,3.14,266.9,3.8,9232,Low,Yes,Yes,Yes,Yes,No,Yes,Cheesecake,Morning,Chocolatey,Hot,USA
SB02433,Caramel Mocha,Mocha,Venti,Hot,"A handcrafted Caramel Mocha prepared with premium Starbucks-style coffee or tea, soy milk, vanilla syrup and carefully balanced flavors.",Coconut,2,Toffee Nut,None,Medium,81,450,9,8.4,17.9,6.28,533.8,4.5,49484,Very High,Yes,Yes,Yes,Yes,Yes,No,Cheesecake,Afternoon,Fruity,Hot,Global
SB02434,Strawberry Americano,Americano,Venti,Cold,"A handcrafted Strawberry Americano prepared with premium Starbucks-style coffee or tea, whole milk, caramel syrup and carefully balanced flavors.",Coconut,3,Vanilla,Whipped Cream,High,36,49,20,8.8,22.0,4.26,362.1,4.1,16153,Medium,No,Yes,Yes,No,No,No,Cheesecake,Morning,Sweet,Cold,Global
SB02435,Strawberry Espresso,Espresso,Grande,Cold,"A handcrafted Strawberry Espresso prepared with premium Starbucks-style coffee or tea, coconut milk, hazelnut syrup and carefully balanced flavors.",Coconut,1,Vanilla,Whipped Cream,High,118,591,20,15.7,0.8,5.78,491.3,4.3,12830,Medium,Yes,Yes,Yes,Yes,No,No,Blueberry Muffin,Morning,Sweet,Cold,USA
SB02436,Matcha Macchiato,Macchiato,Venti,Cold,"A handcrafted Matcha Macchiato prepared with premium Starbucks-style coffee or tea, soy milk, classic syrup and carefully balanced flavors.",Whole,4,Hazelnut,Chocolate Shavings,High,246,76,49,18.4,22.8,5.25,446.25,4.3,9523,Low,Yes,Yes,Yes,No,Yes,No,Croissant,Morning,Fruity,Cold,UK
SB02437,Matcha Espresso,Espresso,Grande,Cold,"A handcrafted Matcha Espresso prepared with premium Starbucks-style coffee or tea, coconut milk, classic syrup and carefully balanced flavors.",Soy,4,Vanilla,Caramel Drizzle,Medium,34,26,2,16.9,8.1,7.15,607.75,4.8,39760,High,Yes,Yes,Yes,No,Yes,No,Blueberry Muffin,Morning,Nutty,Cold,Canada
SB02438,Vanilla Espresso,Espresso,Tall,Cold,"A handcrafted Vanilla Espresso prepared with premium Starbucks-style coffee or tea, almond milk, toffee nut syrup and carefully balanced flavors.",Oat,0,Toffee Nut,None,High,98,429,32,7.9,14.9,8.37,711.45,4.0,40532,Very High,No,No,Yes,Yes,Yes,No,Cookie,Afternoon,Bold,Cold,UK
SB02439,White Mocha Espresso,Espresso,Venti,Cold,"A handcrafted White Mocha Espresso prepared with premium Starbucks-style coffee or tea, coconut milk, caramel syrup and carefully balanced flavors.",Oat,0,None,Chocolate Shavings,Low,144,539,27,12.1,7.6,2.64,224.4,4.3,1824,Low,Yes,No,Yes,No,Yes,Yes,Blueberry Muffin,Evening,Chocolatey,Cold,Canada
SB02440,Java Chip Espresso,Espresso,Tall,Cold,"A handcrafted Java Chip Espresso prepared with premium Starbucks-style coffee or tea, almond milk, hazelnut syrup and carefully balanced flavors.",Coconut,1,None,None,High,110,128,0,4.8,22.3,8.37,711.45,4.2,46157,Very High,No,Yes,Yes,No,No,No,Cookie,Afternoon,Bold,Cold,Global
SB02441,Mocha Cappuccino,Cappuccino,Grande,Hot,"A handcrafted Mocha Cappuccino prepared with premium Starbucks-style coffee or tea, skim milk, classic syrup and carefully balanced flavors.",Whole,0,Toffee Nut,None,Low,205,138,16,4.8,26.3,3.33,283.05,4.2,14860,Medium,No,Yes,Yes,Yes,Yes,Yes,Cookie,Afternoon,Nutty,Hot,India
SB02442,Matcha Macchiato,Macchiato,Tall,Cold,"A handcrafted Matcha Macchiato prepared with premium Starbucks-style coffee or tea, almond milk, caramel syrup and carefully balanced flavors.",Soy,3,Classic,Whipped Cream,Low,126,92,11,0.4,6.0,5.99,509.15,4.8,38676,High,No,No,Yes,Yes,Yes,Yes,Cookie,Evening,Sweet,Cold,Japan
SB02443,Java Chip Refresher,Refresher,Venti,Cold,"A handcrafted Java Chip Refresher prepared with premium Starbucks-style coffee or tea, coconut milk, caramel syrup and carefully balanced flavors.",Whole,2,Vanilla,Whipped Cream,Low,258,549,15,5.6,8.4,5.37,456.45,4.1,20268,Medium,No,No,Yes,No,No,No,Blueberry Muffin,Morning,Nutty,Cold,Global
SB02444,Java Chip Flat White,Flat White,Tall,Hot,"A handcrafted Java Chip Flat White prepared with premium Starbucks-style coffee or tea, coconut milk, classic syrup and carefully balanced flavors.",Skim,2,Caramel,None,Medium,202,584,39,18.6,26.3,6.17,524.45,4.2,3667,Low,No,Yes,Yes,No,Yes,No,Cheesecake,Afternoon,Nutty,Hot,Canada
SB02445,Caramel Tea,Tea,Venti,Hot,"A handcrafted Caramel Tea prepared with premium Starbucks-style coffee or tea, soy milk, none syrup and carefully balanced flavors.",Skim,3,Caramel,Chocolate Shavings,Medium,274,179,24,13.3,6.8,6.91,587.35,4.0,21700,Medium,Yes,Yes,Yes,Yes,Yes,Yes,Cheesecake,Morning,Chocolatey,Hot,Global
SB02446,Matcha Macchiato,Macchiato,Grande,Cold,"A handcrafted Matcha Macchiato prepared with premium Starbucks-style coffee or tea, whole milk, classic syrup and carefully balanced flavors.",Soy,3,Vanilla,Chocolate Shavings,High,22,131,7,7.8,16.2,5.66,481.1,4.1,21638,Medium,Yes,No,Yes,No,Yes,No,Cheesecake,Afternoon,Creamy,Cold,Japan
SB02447,Java Chip Mocha,Mocha,Grande,Cold,"A handcrafted Java Chip Mocha prepared with premium Starbucks-style coffee or tea, soy milk, hazelnut syrup and carefully balanced flavors.",Oat,3,Toffee Nut,Caramel Drizzle,High,190,352,42,4.1,27.3,6.0,510.0,3.8,12820,Medium,Yes,Yes,Yes,No,No,Yes,Cheesecake,Morning,Nutty,Cold,India
SB02448,Chai Tea,Tea,Grande,Hot,"A handcrafted Chai Tea prepared with premium Starbucks-style coffee or tea, oat milk, toffee nut syrup and carefully balanced flavors.",Coconut,0,Classic,Chocolate Shavings,Low,271,556,64,12.3,3.4,6.99,594.15,5.0,42123,Very High,No,No,Yes,No,Yes,No,Blueberry Muffin,Afternoon,Creamy,Hot,Japan
SB02449,Vanilla Latte,Latte,Venti,Cold,"A handcrafted Vanilla Latte prepared with premium Starbucks-style coffee or tea, soy milk, toffee nut syrup and carefully balanced flavors.",Soy,0,Caramel,Whipped Cream,Low,57,40,11,10.7,17.5,5.73,487.05,3.9,18853,Medium,No,Yes,Yes,Yes,No,Yes,Cheesecake,Afternoon,Sweet,Cold,USA
SB02450,Java Chip Flat White,Flat White,Venti,Hot,"A handcrafted Java Chip Flat White prepared with premium Starbucks-style coffee or tea, almond milk, none syrup and carefully balanced flavors.",Almond,0,Vanilla,Caramel Drizzle,Medium,300,469,62,0.2,12.3,6.52,554.2,4.7,47244,Very High,No,No,Yes,No,Yes,Yes,Blueberry Muffin,Evening,Creamy,Hot,Japan
SB02451,Hazelnut Cappuccino,Cappuccino,Venti,Hot,"A handcrafted Hazelnut Cappuccino prepared with premium Starbucks-style coffee or tea, almond milk, toffee nut syrup and carefully balanced flavors.",Whole,2,Classic,Whipped Cream,Medium,134,265,60,14.9,14.1,7.49,636.65,3.9,21919,Medium,Yes,No,Yes,Yes,No,Yes,Cheesecake,Morning,Bold,Hot,Japan
SB02452,Hazelnut Americano,Americano,Tall,Hot,"A handcrafted Hazelnut Americano prepared with premium Starbucks-style coffee or tea, almond milk, toffee nut syrup and carefully balanced flavors.",Skim,4,Hazelnut,Caramel Drizzle,Low,19,337,59,4.3,21.9,5.91,502.35,4.7,4315,Low,No,Yes,Yes,No,No,No,Cheesecake,Afternoon,Creamy,Hot,India
SB02453,Classic Flat White,Flat White,Tall,Cold,"A handcrafted Classic Flat White prepared with premium Starbucks-style coffee or tea, almond milk, toffee nut syrup and carefully balanced flavors.",Coconut,3,Hazelnut,Caramel Drizzle,Low,297,374,17,17.3,12.8,3.93,334.05,4.3,30842,High,No,Yes,Yes,Yes,No,Yes,Cheesecake,Afternoon,Fruity,Cold,UK
SB02454,Mocha Americano,Americano,Grande,Cold,"A handcrafted Mocha Americano prepared with premium Starbucks-style coffee or tea, oat milk, vanilla syrup and carefully balanced flavors.",Soy,2,Hazelnut,None,Low,44,355,39,9.8,29.0,4.59,390.15,3.6,34685,High,Yes,Yes,Yes,Yes,Yes,Yes,Cookie,Afternoon,Creamy,Cold,USA
SB02455,Mocha Frappuccino,Frappuccino,Tall,Cold,"A handcrafted Mocha Frappuccino prepared with premium Starbucks-style coffee or tea, soy milk, classic syrup and carefully balanced flavors.",Whole,2,Classic,Chocolate Shavings,High,134,645,27,0.4,13.4,4.94,419.9,3.9,38275,High,Yes,No,Yes,No,No,Yes,Cheesecake,Afternoon,Nutty,Cold,Global
SB02456,Mango Tea,Tea,Venti,Cold,"A handcrafted Mango Tea prepared with premium Starbucks-style coffee or tea, coconut milk, toffee nut syrup and carefully balanced flavors.",Almond,2,Vanilla,Chocolate Shavings,Medium,131,153,60,11.0,10.6,2.53,215.05,4.2,7961,Low,Yes,No,Yes,No,No,Yes,Cheesecake,Afternoon,Sweet,Cold,Global
SB02457,Mango Flat White,Flat White,Tall,Hot,"A handcrafted Mango Flat White prepared with premium Starbucks-style coffee or tea, oat milk, caramel syrup and carefully balanced flavors.",Whole,0,Hazelnut,Chocolate Shavings,Medium,11,313,37,17.9,10.9,4.53,385.05,4.5,30439,High,Yes,Yes,Yes,Yes,No,Yes,Cheesecake,Evening,Chocolatey,Hot,UK
SB02458,Caramel Refresher,Refresher,Venti,Cold,"A handcrafted Caramel Refresher prepared with premium Starbucks-style coffee or tea, coconut milk, none syrup and carefully balanced flavors.",Almond,3,Vanilla,Whipped Cream,Medium,228,649,60,14.5,28.5,8.09,687.65,4.9,8638,Low,Yes,No,Yes,Yes,No,Yes,Blueberry Muffin,Morning,Chocolatey,Cold,USA
SB02459,Vanilla Macchiato,Macchiato,Tall,Cold,"A handcrafted Vanilla Macchiato prepared with premium Starbucks-style coffee or tea, coconut milk, caramel syrup and carefully balanced flavors.",Soy,2,Toffee Nut,Whipped Cream,High,178,576,67,5.0,24.1,2.76,234.6,4.8,9786,Low,No,No,Yes,No,Yes,No,Croissant,Afternoon,Sweet,Cold,UK
SB02460,Caramel Espresso,Espresso,Tall,Hot,"A handcrafted Caramel Espresso prepared with premium Starbucks-style coffee or tea, oat milk, toffee nut syrup and carefully balanced flavors.",Skim,1,None,None,Medium,199,619,20,7.0,22.3,8.17,694.45,3.9,6070,Low,Yes,Yes,Yes,Yes,Yes,Yes,Cheesecake,Morning,Bold,Hot,Canada
SB02461,White Mocha Frappuccino,Frappuccino,Grande,Cold,"A handcrafted White Mocha Frappuccino prepared with premium Starbucks-style coffee or tea, coconut milk, none syrup and carefully balanced flavors.",Whole,1,Vanilla,None,High,101,484,56,19.5,28.3,5.44,462.4,4.7,18619,Medium,No,Yes,Yes,Yes,Yes,Yes,Sandwich,Morning,Chocolatey,Cold,UK
SB02462,Mango Latte,Latte,Tall,Hot,"A handcrafted Mango Latte prepared with premium Starbucks-style coffee or tea, almond milk, vanilla syrup and carefully balanced flavors.",Oat,0,Classic,Caramel Drizzle,Medium,152,170,41,7.7,24.5,2.63,223.55,4.3,24730,Medium,No,Yes,Yes,Yes,No,No,Croissant,Evening,Sweet,Hot,India
SB02463,Vanilla Cold Brew,Cold Brew,Tall,Cold,"A handcrafted Vanilla Cold Brew prepared with premium Starbucks-style coffee or tea, skim milk, toffee nut syrup and carefully balanced flavors.",Almond,2,Classic,None,Low,201,501,55,4.9,13.3,8.12,690.2,4.4,21383,Medium,Yes,Yes,Yes,Yes,No,No,Cheesecake,Morning,Nutty,Cold,UK
SB02464,White Mocha Refresher,Refresher,Grande,Cold,"A handcrafted White Mocha Refresher prepared with premium Starbucks-style coffee or tea, oat milk, none syrup and carefully balanced flavors.",Whole,4,Classic,Caramel Drizzle,Medium,268,172,8,6.2,21.9,6.58,559.3,3.5,7027,Low,No,Yes,Yes,Yes,No,No,Croissant,Evening,Fruity,Cold,Japan
SB02465,Mocha Cold Brew,Cold Brew,Tall,Cold,"A handcrafted Mocha Cold Brew prepared with premium Starbucks-style coffee or tea, skim milk, classic syrup and carefully balanced flavors.",Whole,4,Caramel,Caramel Drizzle,Low,250,507,16,10.4,5.1,5.63,478.55,3.8,36441,High,Yes,Yes,Yes,No,No,Yes,Blueberry Muffin,Afternoon,Nutty,Cold,India
SB02466,Chai Cold Brew,Cold Brew,Grande,Cold,"A handcrafted Chai Cold Brew prepared with premium Starbucks-style coffee or tea, coconut milk, classic syrup and carefully balanced flavors.",Skim,2,Caramel,None,Medium,55,573,63,12.1,6.7,2.71,230.35,4.8,19235,Medium,Yes,No,Yes,Yes,Yes,Yes,Sandwich,Afternoon,Chocolatey,Cold,Canada
SB02467,Mocha Macchiato,Macchiato,Tall,Cold,"A handcrafted Mocha Macchiato prepared with premium Starbucks-style coffee or tea, whole milk, toffee nut syrup and carefully balanced flavors.",Whole,1,Hazelnut,Whipped Cream,Medium,278,386,18,11.5,14.4,4.67,396.95,4.3,37268,High,No,Yes,Yes,Yes,No,No,Blueberry Muffin,Morning,Chocolatey,Cold,India
SB02468,Mocha Espresso,Espresso,Tall,Cold,"A handcrafted Mocha Espresso prepared with premium Starbucks-style coffee or tea, skim milk, classic syrup and carefully balanced flavors.",Oat,4,None,Whipped Cream,Medium,127,391,44,12.2,28.5,4.64,394.4,4.3,28878,High,No,Yes,Yes,No,Yes,Yes,Croissant,Afternoon,Chocolatey,Cold,Canada
SB02469,White Mocha Tea,Tea,Venti,Hot,"A handcrafted White Mocha Tea prepared with premium Starbucks-style coffee or tea, almond milk, none syrup and carefully balanced flavors.",Whole,2,None,Caramel Drizzle,Medium,11,152,65,16.9,20.4,3.66,311.1,3.6,25907,High,Yes,Yes,Yes,Yes,No,No,Sandwich,Afternoon,Creamy,Hot,Japan
SB02470,Chai Mocha,Mocha,Grande,Hot,"A handcrafted Chai Mocha prepared with premium Starbucks-style coffee or tea, whole milk, toffee nut syrup and carefully balanced flavors.",Almond,0,Caramel,Caramel Drizzle,High,6,636,27,2.0,3.8,2.87,243.95,3.8,25443,High,No,Yes,Yes,No,No,Yes,Sandwich,Afternoon,Bold,Hot,Japan
SB02471,Vanilla Mocha,Mocha,Grande,Cold,"A handcrafted Vanilla Mocha prepared with premium Starbucks-style coffee or tea, soy milk, classic syrup and carefully balanced flavors.",Almond,1,Caramel,Caramel Drizzle,Low,224,299,5,2.9,27.8,7.06,600.1,4.2,2729,Low,Yes,No,Yes,No,Yes,No,Cookie,Morning,Fruity,Cold,Global
SB02472,Chai Americano,Americano,Venti,Cold,"A handcrafted Chai Americano prepared with premium Starbucks-style coffee or tea, coconut milk, vanilla syrup and carefully balanced flavors.",Soy,2,Classic,Whipped Cream,Low,77,366,48,4.4,11.8,3.21,272.85,4.4,43494,Very High,No,No,Yes,Yes,No,No,Blueberry Muffin,Evening,Chocolatey,Cold,Global
SB02473,Hazelnut Mocha,Mocha,Tall,Hot,"A handcrafted Hazelnut Mocha prepared with premium Starbucks-style coffee or tea, almond milk, none syrup and carefully balanced flavors.",Soy,0,Classic,Caramel Drizzle,High,193,147,2,1.8,29.7,4.39,373.15,4.5,546,Low,No,Yes,Yes,No,No,No,Croissant,Evening,Bold,Hot,Global
SB02474,Strawberry Refresher,Refresher,Tall,Cold,"A handcrafted Strawberry Refresher prepared with premium Starbucks-style coffee or tea, oat milk, none syrup and carefully balanced flavors.",Coconut,0,Caramel,Chocolate Shavings,Medium,291,542,27,8.0,23.1,6.33,538.05,4.8,12875,Medium,No,Yes,Yes,Yes,No,No,Blueberry Muffin,Afternoon,Bold,Cold,India
SB02475,Strawberry Cappuccino,Cappuccino,Venti,Hot,"A handcrafted Strawberry Cappuccino prepared with premium Starbucks-style coffee or tea, soy milk, caramel syrup and carefully balanced flavors.",Soy,2,Hazelnut,Chocolate Shavings,Low,54,330,35,6.0,12.2,8.12,690.2,3.6,49219,Very High,No,No,Yes,Yes,Yes,No,Sandwich,Morning,Creamy,Hot,UK
SB02476,Vanilla Tea,Tea,Tall,Hot,"A handcrafted Vanilla Tea prepared with premium Starbucks-style coffee or tea, skim milk, caramel syrup and carefully balanced flavors.",Soy,0,Vanilla,Chocolate Shavings,High,77,226,20,14.3,10.3,4.64,394.4,4.0,24758,Medium,No,Yes,Yes,No,Yes,No,Cookie,Afternoon,Chocolatey,Hot,Global
SB02477,Mango Mocha,Mocha,Tall,Cold,"A handcrafted Mango Mocha prepared with premium Starbucks-style coffee or tea, skim milk, vanilla syrup and carefully balanced flavors.",Coconut,0,Vanilla,None,Low,89,355,44,2.9,26.7,6.41,544.85,4.2,4084,Low,Yes,No,Yes,Yes,No,No,Cheesecake,Evening,Creamy,Cold,India
SB02478,Strawberry Frappuccino,Frappuccino,Grande,Cold,"A handcrafted Strawberry Frappuccino prepared with premium Starbucks-style coffee or tea, skim milk, caramel syrup and carefully balanced flavors.",Coconut,4,Vanilla,Whipped Cream,Medium,105,323,35,7.2,25.1,2.59,220.15,3.6,41295,Very High,No,No,Yes,Yes,Yes,No,Blueberry Muffin,Morning,Bold,Cold,UK
SB02479,Mango Frappuccino,Frappuccino,Tall,Cold,"A handcrafted Mango Frappuccino prepared with premium Starbucks-style coffee or tea, skim milk, hazelnut syrup and carefully balanced flavors.",Soy,4,Vanilla,Chocolate Shavings,High,93,466,24,12.2,9.5,4.85,412.25,4.1,5371,Low,Yes,Yes,Yes,Yes,No,No,Blueberry Muffin,Afternoon,Bold,Cold,UK
SB02480,Caramel Cold Brew,Cold Brew,Tall,Cold,"A handcrafted Caramel Cold Brew prepared with premium Starbucks-style coffee or tea, almond milk, caramel syrup and carefully balanced flavors.",Whole,1,Toffee Nut,Caramel Drizzle,High,176,76,31,7.6,8.2,5.87,498.95,4.9,14891,Medium,No,No,Yes,No,Yes,Yes,Blueberry Muffin,Afternoon,Fruity,Cold,Japan
SB02481,Chai Mocha,Mocha,Grande,Cold,"A handcrafted Chai Mocha prepared with premium Starbucks-style coffee or tea, oat milk, hazelnut syrup and carefully balanced flavors.",Almond,0,Vanilla,Caramel Drizzle,High,2,105,35,15.4,28.4,4.86,413.1,3.5,19501,Medium,No,Yes,Yes,No,Yes,No,Sandwich,Afternoon,Fruity,Cold,USA
SB02482,Mocha Mocha,Mocha,Tall,Cold,"A handcrafted Mocha Mocha prepared with premium Starbucks-style coffee or tea, whole milk, caramel syrup and carefully balanced flavors.",Almond,3,Toffee Nut,Caramel Drizzle,Medium,246,646,33,8.7,29.2,6.04,513.4,3.9,11866,Medium,Yes,Yes,Yes,Yes,No,No,Cookie,Morning,Bold,Cold,India
SB02483,Mango Cappuccino,Cappuccino,Venti,Hot,"A handcrafted Mango Cappuccino prepared with premium Starbucks-style coffee or tea, skim milk, classic syrup and carefully balanced flavors.",Skim,1,Hazelnut,None,High,33,29,31,1.9,15.7,3.3,280.5,4.4,27741,High,No,No,Yes,No,Yes,No,Cheesecake,Afternoon,Bold,Hot,UK
SB02484,Caramel Frappuccino,Frappuccino,Grande,Cold,"A handcrafted Caramel Frappuccino prepared with premium Starbucks-style coffee or tea, coconut milk, none syrup and carefully balanced flavors.",Almond,4,Classic,Whipped Cream,Low,134,81,50,17.8,8.6,6.12,520.2,4.9,45821,Very High,No,Yes,Yes,Yes,Yes,Yes,Croissant,Afternoon,Nutty,Cold,USA
SB02485,Vanilla Frappuccino,Frappuccino,Grande,Cold,"A handcrafted Vanilla Frappuccino prepared with premium Starbucks-style coffee or tea, almond milk, vanilla syrup and carefully balanced flavors.",Soy,0,Caramel,Whipped Cream,High,88,532,46,13.4,13.8,7.6,646.0,3.8,19134,Medium,No,No,Yes,Yes,Yes,No,Croissant,Afternoon,Sweet,Cold,Canada
SB02486,Classic Mocha,Mocha,Grande,Hot,"A handcrafted Classic Mocha prepared with premium Starbucks-style coffee or tea, oat milk, none syrup and carefully balanced flavors.",Whole,1,Caramel,Caramel Drizzle,Medium,19,305,1,18.6,0.3,3.23,274.55,4.5,44679,Very High,Yes,Yes,Yes,Yes,Yes,No,Croissant,Morning,Chocolatey,Hot,Japan
SB02487,Matcha Latte,Latte,Tall,Hot,"A handcrafted Matcha Latte prepared with premium Starbucks-style coffee or tea, oat milk, caramel syrup and carefully balanced flavors.",Oat,3,Hazelnut,None,Medium,268,352,15,1.2,7.5,5.59,475.15,4.2,38535,High,No,Yes,Yes,No,Yes,No,Blueberry Muffin,Morning,Nutty,Hot,USA
SB02488,Chai Macchiato,Macchiato,Tall,Cold,"A handcrafted Chai Macchiato prepared with premium Starbucks-style coffee or tea, almond milk, caramel syrup and carefully balanced flavors.",Coconut,0,Toffee Nut,Whipped Cream,Medium,85,93,70,13.4,1.6,4.45,378.25,4.9,11735,Medium,No,No,Yes,Yes,No,No,Blueberry Muffin,Afternoon,Nutty,Cold,UK
SB02489,Chai Flat White,Flat White,Venti,Hot,"A handcrafted Chai Flat White prepared with premium Starbucks-style coffee or tea, soy milk, vanilla syrup and carefully balanced flavors.",Whole,0,Toffee Nut,Chocolate Shavings,Low,115,173,62,14.3,6.3,6.97,592.45,4.0,13019,Medium,No,No,Yes,No,Yes,No,Cheesecake,Afternoon,Bold,Hot,India
SB02490,Mocha Espresso,Espresso,Tall,Hot,"A handcrafted Mocha Espresso prepared with premium Starbucks-style coffee or tea, soy milk, classic syrup and carefully balanced flavors.",Skim,2,Hazelnut,Chocolate Shavings,High,37,454,51,9.7,19.4,4.86,413.1,4.2,4452,Low,Yes,Yes,Yes,Yes,Yes,Yes,Cheesecake,Morning,Fruity,Hot,India
SB02491,Strawberry Refresher,Refresher,Grande,Cold,"A handcrafted Strawberry Refresher prepared with premium Starbucks-style coffee or tea, skim milk, caramel syrup and carefully balanced flavors.",Whole,1,Hazelnut,Chocolate Shavings,Medium,63,414,23,10.2,14.2,6.28,533.8,4.5,28224,High,No,Yes,Yes,Yes,No,Yes,Blueberry Muffin,Afternoon,Fruity,Cold,India
SB02492,Vanilla Macchiato,Macchiato,Grande,Hot,"A handcrafted Vanilla Macchiato prepared with premium Starbucks-style coffee or tea, soy milk, toffee nut syrup and carefully balanced flavors.",Skim,3,Toffee Nut,Chocolate Shavings,Low,291,335,66,9.3,18.9,4.01,340.85,3.9,2603,Low,No,No,Yes,No,No,No,Cheesecake,Afternoon,Nutty,Hot,Global
SB02493,Strawberry Cappuccino,Cappuccino,Venti,Cold,"A handcrafted Strawberry Cappuccino prepared with premium Starbucks-style coffee or tea, skim milk, toffee nut syrup and carefully balanced flavors.",Whole,2,Vanilla,None,Medium,47,322,40,16.5,14.9,3.1,263.5,4.2,13559,Medium,Yes,No,Yes,No,Yes,Yes,Cookie,Afternoon,Nutty,Cold,Canada
SB02494,Hazelnut Cappuccino,Cappuccino,Tall,Hot,"A handcrafted Hazelnut Cappuccino prepared with premium Starbucks-style coffee or tea, almond milk, classic syrup and carefully balanced flavors.",Soy,0,Toffee Nut,Whipped Cream,High,153,205,33,18.8,0.4,2.6,221.0,4.1,4874,Low,Yes,Yes,Yes,Yes,No,No,Cheesecake,Morning,Nutty,Hot,UK
SB02495,Classic Espresso,Espresso,Grande,Cold,"A handcrafted Classic Espresso prepared with premium Starbucks-style coffee or tea, soy milk, classic syrup and carefully balanced flavors.",Almond,1,Vanilla,Chocolate Shavings,Low,7,117,18,3.7,18.1,3.49,296.65,3.7,42909,Very High,No,No,Yes,Yes,No,Yes,Croissant,Evening,Creamy,Cold,India
SB02496,Mocha Espresso,Espresso,Tall,Hot,"A handcrafted Mocha Espresso prepared with premium Starbucks-style coffee or tea, coconut milk, classic syrup and carefully balanced flavors.",Almond,4,None,Chocolate Shavings,High,138,95,25,16.5,28.1,3.93,334.05,3.7,35579,High,Yes,Yes,Yes,Yes,No,Yes,Croissant,Evening,Bold,Hot,UK
SB02497,Hazelnut Frappuccino,Frappuccino,Venti,Cold,"A handcrafted Hazelnut Frappuccino prepared with premium Starbucks-style coffee or tea, coconut milk, hazelnut syrup and carefully balanced flavors.",Whole,0,Classic,None,Medium,62,135,36,4.7,3.2,4.6,391.0,4.0,30898,High,No,Yes,Yes,No,Yes,Yes,Blueberry Muffin,Evening,Chocolatey,Cold,Canada
SB02498,White Mocha Mocha,Mocha,Venti,Cold,"A handcrafted White Mocha Mocha prepared with premium Starbucks-style coffee or tea, whole milk, none syrup and carefully balanced flavors.",Soy,1,Toffee Nut,Whipped Cream,High,242,169,15,13.3,24.5,2.74,232.9,3.9,29757,High,No,Yes,Yes,Yes,Yes,No,Croissant,Afternoon,Chocolatey,Cold,UK
SB02499,White Mocha Latte,Latte,Venti,Cold,"A handcrafted White Mocha Latte prepared with premium Starbucks-style coffee or tea, whole milk, toffee nut syrup and carefully balanced flavors.",Oat,2,Vanilla,None,Medium,112,443,54,4.7,28.6,8.09,687.65,4.9,29812,High,No,No,Yes,Yes,Yes,No,Cheesecake,Morning,Chocolatey,Cold,India
SB02500,Strawberry Cappuccino,Cappuccino,Tall,Hot,"A handcrafted Strawberry Cappuccino prepared with premium Starbucks-style coffee or tea, skim milk, classic syrup and carefully balanced flavors.",Soy,4,None,Caramel Drizzle,Medium,203,437,64,13.0,11.8,5.16,438.6,3.8,9586,Low,Yes,No,Yes,No,No,No,Croissant,Afternoon,Nutty,Hot,Global
SB02501,Java Chip Flat White,Flat White,Grande,Cold,"A handcrafted Java Chip Flat White prepared with premium Starbucks-style coffee or tea, skim milk, vanilla syrup and carefully balanced flavors.",Soy,3,Hazelnut,None,Low,191,571,6,8.1,11.3,3.04,258.4,4.6,41193,Very High,No,No,Yes,Yes,Yes,No,Sandwich,Afternoon,Bold,Cold,Japan
SB02502,Classic Espresso,Espresso,Tall,Cold,"A handcrafted Classic Espresso prepared with premium Starbucks-style coffee or tea, oat milk, toffee nut syrup and carefully balanced flavors.",Skim,2,Toffee Nut,Caramel Drizzle,Medium,117,564,67,19.3,13.5,6.38,542.3,4.1,4329,Low,No,Yes,Yes,Yes,No,Yes,Sandwich,Morning,Creamy,Cold,Global
SB02503,Vanilla Tea,Tea,Grande,Cold,"A handcrafted Vanilla Tea prepared with premium Starbucks-style coffee or tea, oat milk, hazelnut syrup and carefully balanced flavors.",Oat,3,None,Caramel Drizzle,Low,197,509,56,17.9,10.6,6.22,528.7,4.4,46539,Very High,No,No,Yes,Yes,Yes,No,Cookie,Evening,Sweet,Cold,India
SB02504,Hazelnut Espresso,Espresso,Grande,Hot,"A handcrafted Hazelnut Espresso prepared with premium Starbucks-style coffee or tea, skim milk, hazelnut syrup and carefully balanced flavors.",Oat,3,Classic,Chocolate Shavings,Medium,110,450,36,7.5,23.7,4.46,379.1,3.6,20118,Medium,No,No,Yes,Yes,No,No,Blueberry Muffin,Afternoon,Nutty,Hot,Japan
SB02505,Vanilla Espresso,Espresso,Grande,Cold,"A handcrafted Vanilla Espresso prepared with premium Starbucks-style coffee or tea, almond milk, caramel syrup and carefully balanced flavors.",Whole,2,Hazelnut,Whipped Cream,High,232,172,2,15.4,11.2,5.42,460.7,3.8,22823,Medium,No,Yes,Yes,No,Yes,Yes,Blueberry Muffin,Evening,Creamy,Cold,Japan
SB02506,Hazelnut Latte,Latte,Tall,Hot,"A handcrafted Hazelnut Latte prepared with premium Starbucks-style coffee or tea, soy milk, vanilla syrup and carefully balanced flavors.",Coconut,4,None,Chocolate Shavings,High,290,468,22,19.9,22.9,5.95,505.75,5.0,7276,Low,No,No,Yes,Yes,Yes,Yes,Blueberry Muffin,Morning,Chocolatey,Hot,Japan
SB02507,Vanilla Flat White,Flat White,Grande,Hot,"A handcrafted Vanilla Flat White prepared with premium Starbucks-style coffee or tea, skim milk, caramel syrup and carefully balanced flavors.",Almond,0,None,None,High,70,647,49,17.7,28.5,3.73,317.05,5.0,17627,Medium,No,No,Yes,No,No,No,Blueberry Muffin,Morning,Chocolatey,Hot,USA
SB02508,Chai Cappuccino,Cappuccino,Grande,Cold,"A handcrafted Chai Cappuccino prepared with premium Starbucks-style coffee or tea, soy milk, toffee nut syrup and carefully balanced flavors.",Coconut,4,Caramel,Chocolate Shavings,Medium,285,465,55,1.4,21.6,7.86,668.1,4.9,1692,Low,Yes,No,Yes,Yes,Yes,No,Cookie,Afternoon,Creamy,Cold,Global
SB02509,Caramel Americano,Americano,Venti,Cold,"A handcrafted Caramel Americano prepared with premium Starbucks-style coffee or tea, skim milk, caramel syrup and carefully balanced flavors.",Whole,3,Caramel,None,Medium,110,76,50,1.0,10.2,8.0,680.0,4.3,41660,Very High,Yes,Yes,Yes,Yes,No,No,Cheesecake,Afternoon,Fruity,Cold,Canada
SB02510,Java Chip Americano,Americano,Tall,Cold,"A handcrafted Java Chip Americano prepared with premium Starbucks-style coffee or tea, skim milk, hazelnut syrup and carefully balanced flavors.",Oat,0,None,Caramel Drizzle,Medium,132,36,42,18.9,18.7,7.67,651.95,4.1,1998,Low,Yes,No,Yes,Yes,Yes,Yes,Cheesecake,Afternoon,Sweet,Cold,Global
SB02511,Classic Cold Brew,Cold Brew,Venti,Cold,"A handcrafted Classic Cold Brew prepared with premium Starbucks-style coffee or tea, oat milk, hazelnut syrup and carefully balanced flavors.",Coconut,1,Vanilla,Chocolate Shavings,High,285,36,0,18.3,9.0,5.85,497.25,4.1,20402,Medium,Yes,Yes,Yes,Yes,Yes,Yes,Blueberry Muffin,Morning,Chocolatey,Cold,UK
SB02512,Java Chip Latte,Latte,Venti,Hot,"A handcrafted Java Chip Latte prepared with premium Starbucks-style coffee or tea, coconut milk, hazelnut syrup and carefully balanced flavors.",Skim,2,Classic,Whipped Cream,Low,236,150,60,5.3,12.7,2.96,251.6,3.8,6137,Low,Yes,No,Yes,Yes,No,No,Sandwich,Morning,Fruity,Hot,UK
SB02513,Hazelnut Refresher,Refresher,Grande,Cold,"A handcrafted Hazelnut Refresher prepared with premium Starbucks-style coffee or tea, skim milk, vanilla syrup and carefully balanced flavors.",Almond,2,None,Chocolate Shavings,Medium,43,469,30,6.9,26.5,2.89,245.65,4.4,36599,High,No,No,Yes,No,Yes,Yes,Cookie,Morning,Bold,Cold,India
SB02514,Mango Espresso,Espresso,Tall,Hot,"A handcrafted Mango Espresso prepared with premium Starbucks-style coffee or tea, coconut milk, toffee nut syrup and carefully balanced flavors.",Whole,2,Hazelnut,Caramel Drizzle,Medium,112,147,48,6.5,1.9,3.66,311.1,3.6,26534,High,Yes,No,Yes,Yes,No,No,Sandwich,Morning,Sweet,Hot,USA
SB02515,White Mocha Americano,Americano,Grande,Hot,"A handcrafted White Mocha Americano prepared with premium Starbucks-style coffee or tea, almond milk, caramel syrup and carefully balanced flavors.",Skim,3,Toffee Nut,None,Low,273,604,50,6.5,19.6,4.24,360.4,4.4,22390,Medium,No,No,Yes,No,Yes,No,Croissant,Evening,Creamy,Hot,Canada
SB02516,Mocha Latte,Latte,Tall,Cold,"A handcrafted Mocha Latte prepared with premium Starbucks-style coffee or tea, whole milk, toffee nut syrup and carefully balanced flavors.",Soy,0,None,Whipped Cream,High,89,134,62,16.2,28.1,5.6,476.0,5.0,35230,High,No,Yes,Yes,No,No,Yes,Sandwich,Afternoon,Sweet,Cold,Japan
SB02517,Caramel Latte,Latte,Tall,Hot,"A handcrafted Caramel Latte prepared with premium Starbucks-style coffee or tea, almond milk, vanilla syrup and carefully balanced flavors.",Soy,4,Caramel,None,Low,59,487,46,15.1,20.4,7.75,658.75,3.6,47168,Very High,Yes,No,Yes,Yes,Yes,Yes,Cheesecake,Morning,Bold,Hot,USA
SB02518,Caramel Latte,Latte,Venti,Hot,"A handcrafted Caramel Latte prepared with premium Starbucks-style coffee or tea, soy milk, toffee nut syrup and carefully balanced flavors.",Whole,3,Classic,Whipped Cream,Low,165,144,21,10.7,15.5,3.7,314.5,4.4,8775,Low,Yes,No,Yes,No,Yes,Yes,Blueberry Muffin,Afternoon,Sweet,Hot,USA
SB02519,Vanilla Cold Brew,Cold Brew,Venti,Cold,"A handcrafted Vanilla Cold Brew prepared with premium Starbucks-style coffee or tea, coconut milk, toffee nut syrup and carefully balanced flavors.",Soy,4,Vanilla,Caramel Drizzle,Low,120,380,8,14.3,10.2,5.13,436.05,3.9,12819,Medium,No,Yes,Yes,No,Yes,Yes,Croissant,Morning,Sweet,Cold,India
SB02520,Java Chip Cold Brew,Cold Brew,Tall,Cold,"A handcrafted Java Chip Cold Brew prepared with premium Starbucks-style coffee or tea, oat milk, vanilla syrup and carefully balanced flavors.",Coconut,3,Caramel,Caramel Drizzle,High,118,385,57,0.6,24.6,2.82,239.7,4.3,7945,Low,Yes,Yes,Yes,Yes,No,No,Cheesecake,Afternoon,Bold,Cold,UK
SB02521,Mango Cappuccino,Cappuccino,Tall,Cold,"A handcrafted Mango Cappuccino prepared with premium Starbucks-style coffee or tea, whole milk, classic syrup and carefully balanced flavors.",Almond,3,Toffee Nut,Chocolate Shavings,Medium,192,123,35,0.3,26.6,3.3,280.5,4.3,30168,High,No,Yes,Yes,Yes,No,No,Cookie,Morning,Sweet,Cold,Global
SB02522,Classic Espresso,Espresso,Venti,Hot,"A handcrafted Classic Espresso prepared with premium Starbucks-style coffee or tea, almond milk, caramel syrup and carefully balanced flavors.",Almond,3,Caramel,Whipped Cream,Low,20,350,1,17.2,21.1,8.14,691.9,4.3,46876,Very High,No,No,Yes,No,No,No,Blueberry Muffin,Morning,Fruity,Hot,Canada
SB02523,Mocha Cappuccino,Cappuccino,Venti,Hot,"A handcrafted Mocha Cappuccino prepared with premium Starbucks-style coffee or tea, whole milk, vanilla syrup and carefully balanced flavors.",Soy,3,None,Chocolate Shavings,Medium,129,132,24,14.4,16.8,5.12,435.2,4.5,41158,Very High,Yes,Yes,Yes,Yes,No,Yes,Croissant,Morning,Chocolatey,Hot,India
SB02524,Hazelnut Refresher,Refresher,Venti,Cold,"A handcrafted Hazelnut Refresher prepared with premium Starbucks-style coffee or tea, almond milk, hazelnut syrup and carefully balanced flavors.",Coconut,0,Caramel,Chocolate Shavings,High,147,443,44,7.8,15.6,3.08,261.8,4.5,2513,Low,Yes,No,Yes,Yes,No,No,Blueberry Muffin,Morning,Chocolatey,Cold,USA
SB02525,Java Chip Cold Brew,Cold Brew,Grande,Cold,"A handcrafted Java Chip Cold Brew prepared with premium Starbucks-style coffee or tea, oat milk, vanilla syrup and carefully balanced flavors.",Skim,4,Toffee Nut,Whipped Cream,Medium,99,425,70,13.3,3.4,2.73,232.05,3.7,42118,Very High,Yes,No,Yes,No,Yes,Yes,Blueberry Muffin,Evening,Creamy,Cold,India
SB02526,Chai Cappuccino,Cappuccino,Venti,Cold,"A handcrafted Chai Cappuccino prepared with premium Starbucks-style coffee or tea, whole milk, toffee nut syrup and carefully balanced flavors.",Almond,2,Caramel,Chocolate Shavings,High,124,540,18,17.4,6.6,2.58,219.3,5.0,11024,Medium,Yes,No,Yes,No,No,Yes,Blueberry Muffin,Morning,Chocolatey,Cold,India
SB02527,Mango Espresso,Espresso,Tall,Cold,"A handcrafted Mango Espresso prepared with premium Starbucks-style coffee or tea, almond milk, toffee nut syrup and carefully balanced flavors.",Oat,3,Toffee Nut,None,High,255,177,54,6.3,1.2,5.14,436.9,4.6,21195,Medium,Yes,No,Yes,No,Yes,Yes,Croissant,Afternoon,Fruity,Cold,India
SB02528,Classic Refresher,Refresher,Venti,Cold,"A handcrafted Classic Refresher prepared with premium Starbucks-style coffee or tea, oat milk, caramel syrup and carefully balanced flavors.",Almond,4,Caramel,None,Low,16,273,48,12.6,24.4,7.06,600.1,3.7,41580,Very High,Yes,No,Yes,No,Yes,Yes,Cookie,Morning,Sweet,Cold,India
SB02529,White Mocha Cold Brew,Cold Brew,Grande,Cold,"A handcrafted White Mocha Cold Brew prepared with premium Starbucks-style coffee or tea, whole milk, toffee nut syrup and carefully balanced flavors.",Soy,4,Hazelnut,Whipped Cream,Low,216,592,17,4.2,16.2,8.24,700.4,4.5,30671,High,No,No,Yes,No,No,No,Croissant,Afternoon,Sweet,Cold,India
SB02530,Strawberry Espresso,Espresso,Venti,Hot,"A handcrafted Strawberry Espresso prepared with premium Starbucks-style coffee or tea, almond milk, caramel syrup and carefully balanced flavors.",Coconut,0,None,Whipped Cream,High,32,96,41,13.3,16.6,7.56,642.6,4.6,17270,Medium,Yes,No,Yes,Yes,No,No,Cookie,Morning,Sweet,Hot,Global
SB02531,Java Chip Frappuccino,Frappuccino,Venti,Cold,"A handcrafted Java Chip Frappuccino prepared with premium Starbucks-style coffee or tea, oat milk, vanilla syrup and carefully balanced flavors.",Coconut,3,Classic,Chocolate Shavings,Low,281,641,19,19.1,3.6,3.6,306.0,3.5,18265,Medium,No,No,Yes,No,No,Yes,Cookie,Morning,Chocolatey,Cold,Canada
SB02532,Classic Latte,Latte,Venti,Cold,"A handcrafted Classic Latte prepared with premium Starbucks-style coffee or tea, almond milk, toffee nut syrup and carefully balanced flavors.",Skim,1,Hazelnut,Whipped Cream,Low,228,283,44,17.6,9.5,7.08,601.8,4.6,34880,High,No,Yes,Yes,Yes,Yes,Yes,Blueberry Muffin,Afternoon,Sweet,Cold,India
SB02533,Java Chip Mocha,Mocha,Grande,Cold,"A handcrafted Java Chip Mocha prepared with premium Starbucks-style coffee or tea, coconut milk, toffee nut syrup and carefully balanced flavors.",Skim,1,None,None,Medium,247,455,38,17.2,15.4,4.79,407.15,3.9,46112,Very High,Yes,No,Yes,Yes,No,No,Sandwich,Evening,Nutty,Cold,USA
SB02534,Vanilla Macchiato,Macchiato,Tall,Cold,"A handcrafted Vanilla Macchiato prepared with premium Starbucks-style coffee or tea, whole milk, hazelnut syrup and carefully balanced flavors.",Coconut,4,Caramel,Caramel Drizzle,High,272,361,7,4.3,6.1,7.88,669.8,4.4,15479,Medium,Yes,No,Yes,Yes,No,Yes,Cheesecake,Evening,Chocolatey,Cold,UK
SB02535,Java Chip Americano,Americano,Venti,Hot,"A handcrafted Java Chip Americano prepared with premium Starbucks-style coffee or tea, whole milk, hazelnut syrup and carefully balanced flavors.",Skim,2,Classic,None,Low,28,265,33,18.5,27.4,7.7,654.5,4.1,39112,High,No,Yes,Yes,Yes,Yes,Yes,Cookie,Evening,Nutty,Hot,Japan
SB02536,Caramel Flat White,Flat White,Venti,Hot,"A handcrafted Caramel Flat White prepared with premium Starbucks-style coffee or tea, whole milk, hazelnut syrup and carefully balanced flavors.",Soy,4,Toffee Nut,Chocolate Shavings,Medium,92,93,2,6.2,21.7,5.72,486.2,4.4,19022,Medium,No,No,Yes,Yes,No,No,Cheesecake,Afternoon,Sweet,Hot,UK
SB02537,Caramel Flat White,Flat White,Grande,Cold,"A handcrafted Caramel Flat White prepared with premium Starbucks-style coffee or tea, coconut milk, caramel syrup and carefully balanced flavors.",Soy,3,Vanilla,Chocolate Shavings,High,188,340,49,6.2,8.2,8.21,697.85,4.6,11103,Medium,No,No,Yes,Yes,No,No,Cookie,Evening,Chocolatey,Cold,Global
SB02538,Matcha Cappuccino,Cappuccino,Grande,Hot,"A handcrafted Matcha Cappuccino prepared with premium Starbucks-style coffee or tea, coconut milk, caramel syrup and carefully balanced flavors.",Coconut,0,None,Whipped Cream,Low,289,234,6,16.6,16.0,7.84,666.4,3.6,41856,Very High,Yes,Yes,Yes,No,No,No,Sandwich,Morning,Fruity,Hot,UK
SB02539,White Mocha Cold Brew,Cold Brew,Tall,Cold,"A handcrafted White Mocha Cold Brew prepared with premium Starbucks-style coffee or tea, coconut milk, toffee nut syrup and carefully balanced flavors.",Almond,0,Hazelnut,Whipped Cream,Medium,8,423,55,10.3,11.6,8.38,712.3,3.9,4057,Low,Yes,No,Yes,No,Yes,No,Cookie,Morning,Fruity,Cold,Global
SB02540,Strawberry Mocha,Mocha,Venti,Cold,"A handcrafted Strawberry Mocha prepared with premium Starbucks-style coffee or tea, almond milk, toffee nut syrup and carefully balanced flavors.",Almond,1,Hazelnut,Caramel Drizzle,Medium,202,542,53,13.9,29.4,3.95,335.75,4.9,11991,Medium,Yes,Yes,Yes,No,No,No,Sandwich,Morning,Chocolatey,Cold,Canada
SB02541,Java Chip Cappuccino,Cappuccino,Tall,Hot,"A handcrafted Java Chip Cappuccino prepared with premium Starbucks-style coffee or tea, skim milk, caramel syrup and carefully balanced flavors.",Almond,1,Vanilla,Caramel Drizzle,Medium,22,144,12,11.2,13.9,5.69,483.65,4.4,1090,Low,No,No,Yes,No,No,No,Cookie,Morning,Bold,Hot,USA
SB02542,Classic Flat White,Flat White,Tall,Hot,"A handcrafted Classic Flat White prepared with premium Starbucks-style coffee or tea, skim milk, vanilla syrup and carefully balanced flavors.",Coconut,0,Classic,Chocolate Shavings,Low,88,449,66,6.1,11.4,8.12,690.2,4.2,40163,Very High,Yes,Yes,Yes,No,Yes,No,Cheesecake,Evening,Sweet,Hot,India
SB02543,Mango Americano,Americano,Venti,Hot,"A handcrafted Mango Americano prepared with premium Starbucks-style coffee or tea, oat milk, vanilla syrup and carefully balanced flavors.",Coconut,0,None,Chocolate Shavings,Medium,196,202,26,14.8,17.2,4.13,351.05,4.6,15841,Medium,Yes,Yes,Yes,Yes,Yes,Yes,Blueberry Muffin,Afternoon,Sweet,Hot,Japan
SB02544,Hazelnut Cappuccino,Cappuccino,Grande,Hot,"A handcrafted Hazelnut Cappuccino prepared with premium Starbucks-style coffee or tea, skim milk, caramel syrup and carefully balanced flavors.",Skim,2,Classic,Whipped Cream,High,21,515,52,19.3,10.7,8.03,682.55,4.8,27283,High,No,Yes,Yes,Yes,Yes,No,Sandwich,Afternoon,Nutty,Hot,UK
SB02545,Mango Cappuccino,Cappuccino,Tall,Hot,"A handcrafted Mango Cappuccino prepared with premium Starbucks-style coffee or tea, whole milk, vanilla syrup and carefully balanced flavors.",Skim,2,Classic,None,Medium,55,432,4,16.7,6.4,4.1,348.5,4.4,32738,High,Yes,No,Yes,Yes,Yes,Yes,Cheesecake,Evening,Nutty,Hot,UK
SB02546,Java Chip Cappuccino,Cappuccino,Tall,Hot,"A handcrafted Java Chip Cappuccino prepared with premium Starbucks-style coffee or tea, soy milk, caramel syrup and carefully balanced flavors.",Skim,1,Toffee Nut,Whipped Cream,Low,111,289,60,8.2,26.0,7.22,613.7,3.9,508,Low,Yes,No,Yes,Yes,Yes,No,Sandwich,Afternoon,Sweet,Hot,Japan
SB02547,Vanilla Macchiato,Macchiato,Grande,Hot,"A handcrafted Vanilla Macchiato prepared with premium Starbucks-style coffee or tea, skim milk, toffee nut syrup and carefully balanced flavors.",Whole,4,None,Chocolate Shavings,Medium,292,488,37,1.9,28.1,7.9,671.5,4.3,11037,Medium,Yes,No,Yes,No,Yes,Yes,Blueberry Muffin,Morning,Creamy,Hot,Canada
SB02548,Strawberry Latte,Latte,Grande,Cold,"A handcrafted Strawberry Latte prepared with premium Starbucks-style coffee or tea, oat milk, classic syrup and carefully balanced flavors.",Whole,3,Toffee Nut,None,Medium,292,274,39,5.9,17.8,4.48,380.8,4.6,10789,Medium,Yes,Yes,Yes,No,No,Yes,Sandwich,Evening,Creamy,Cold,Canada
SB02549,Vanilla Cappuccino,Cappuccino,Venti,Cold,"A handcrafted Vanilla Cappuccino prepared with premium Starbucks-style coffee or tea, oat milk, hazelnut syrup and carefully balanced flavors.",Whole,1,None,Caramel Drizzle,Low,266,554,56,8.6,9.7,5.55,471.75,4.4,39486,High,No,No,Yes,Yes,No,No,Cookie,Afternoon,Bold,Cold,India
SB02550,Java Chip Flat White,Flat White,Venti,Cold,"A handcrafted Java Chip Flat White prepared with premium Starbucks-style coffee or tea, soy milk, hazelnut syrup and carefully balanced flavors.",Coconut,1,Vanilla,None,Medium,229,558,1,16.0,1.7,5.86,498.1,5.0,44444,Very High,No,Yes,Yes,Yes,No,Yes,Cheesecake,Afternoon,Fruity,Cold,Canada
SB02551,Mango Flat White,Flat White,Venti,Cold,"A handcrafted Mango Flat White prepared with premium Starbucks-style coffee or tea, skim milk, caramel syrup and carefully balanced flavors.",Soy,3,Toffee Nut,None,Medium,283,562,41,12.0,15.4,4.57,388.45,3.9,38789,High,Yes,No,Yes,No,No,No,Cookie,Morning,Sweet,Cold,UK
SB02552,Hazelnut Flat White,Flat White,Grande,Cold,"A handcrafted Hazelnut Flat White prepared with premium Starbucks-style coffee or tea, almond milk, classic syrup and carefully balanced flavors.",Skim,3,Caramel,Caramel Drizzle,High,115,377,67,6.9,12.5,6.32,537.2,4.5,18944,Medium,No,No,Yes,No,Yes,No,Croissant,Afternoon,Bold,Cold,India
SB02553,Hazelnut Refresher,Refresher,Grande,Cold,"A handcrafted Hazelnut Refresher prepared with premium Starbucks-style coffee or tea, soy milk, caramel syrup and carefully balanced flavors.",Oat,0,Hazelnut,Caramel Drizzle,High,172,235,4,15.7,22.5,2.8,238.0,4.1,16145,Medium,No,No,Yes,Yes,No,Yes,Cookie,Evening,Creamy,Cold,India
SB02554,Matcha Latte,Latte,Tall,Hot,"A handcrafted Matcha Latte prepared with premium Starbucks-style coffee or tea, skim milk, vanilla syrup and carefully balanced flavors.",Whole,1,Caramel,Whipped Cream,Low,274,109,10,14.8,28.2,6.12,520.2,4.3,47604,Very High,No,Yes,Yes,Yes,No,No,Croissant,Evening,Bold,Hot,USA
SB02555,Hazelnut Espresso,Espresso,Tall,Cold,"A handcrafted Hazelnut Espresso prepared with premium Starbucks-style coffee or tea, almond milk, classic syrup and carefully balanced flavors.",Oat,1,Caramel,None,Medium,231,49,33,7.9,2.4,7.74,657.9,4.6,37859,High,Yes,No,Yes,Yes,No,No,Croissant,Afternoon,Creamy,Cold,Japan
SB02556,Vanilla Flat White,Flat White,Tall,Hot,"A handcrafted Vanilla Flat White prepared with premium Starbucks-style coffee or tea, skim milk, classic syrup and carefully balanced flavors.",Coconut,3,Caramel,None,Medium,271,511,45,11.3,8.9,3.1,263.5,4.2,43960,Very High,Yes,No,Yes,No,No,No,Cookie,Morning,Bold,Hot,USA
SB02557,Vanilla Flat White,Flat White,Grande,Cold,"A handcrafted Vanilla Flat White prepared with premium Starbucks-style coffee or tea, oat milk, toffee nut syrup and carefully balanced flavors.",Soy,4,Hazelnut,Whipped Cream,Low,128,447,69,5.4,28.9,3.59,305.15,4.6,15427,Medium,Yes,No,Yes,No,No,Yes,Croissant,Evening,Nutty,Cold,Canada
SB02558,Strawberry Americano,Americano,Tall,Cold,"A handcrafted Strawberry Americano prepared with premium Starbucks-style coffee or tea, whole milk, toffee nut syrup and carefully balanced flavors.",Almond,0,Hazelnut,None,High,226,134,8,8.0,21.4,8.42,715.7,3.9,32250,High,No,Yes,Yes,Yes,Yes,Yes,Croissant,Afternoon,Bold,Cold,Japan
SB02559,Java Chip Frappuccino,Frappuccino,Grande,Cold,"A handcrafted Java Chip Frappuccino prepared with premium Starbucks-style coffee or tea, soy milk, hazelnut syrup and carefully balanced flavors.",Soy,2,Caramel,Caramel Drizzle,Medium,159,238,35,8.6,6.7,5.7,484.5,4.5,37018,High,No,No,Yes,Yes,No,Yes,Cookie,Morning,Fruity,Cold,India
SB02560,Vanilla Macchiato,Macchiato,Tall,Hot,"A handcrafted Vanilla Macchiato prepared with premium Starbucks-style coffee or tea, coconut milk, hazelnut syrup and carefully balanced flavors.",Oat,2,Toffee Nut,Whipped Cream,Low,169,282,61,18.0,11.5,4.57,388.45,3.6,11071,Medium,No,No,Yes,No,Yes,Yes,Cookie,Evening,Bold,Hot,Canada
SB02561,Java Chip Cold Brew,Cold Brew,Grande,Cold,"A handcrafted Java Chip Cold Brew prepared with premium Starbucks-style coffee or tea, soy milk, none syrup and carefully balanced flavors.",Whole,2,None,Caramel Drizzle,High,147,384,24,1.2,12.0,6.03,512.55,3.9,23890,Medium,Yes,No,Yes,No,Yes,No,Cheesecake,Afternoon,Bold,Cold,Japan
SB02562,Mango Flat White,Flat White,Venti,Cold,"A handcrafted Mango Flat White prepared with premium Starbucks-style coffee or tea, almond milk, classic syrup and carefully balanced flavors.",Almond,0,Hazelnut,Caramel Drizzle,Low,105,98,16,9.7,14.9,4.01,340.85,3.8,32258,High,No,No,Yes,No,No,No,Blueberry Muffin,Afternoon,Sweet,Cold,UK
SB02563,White Mocha Frappuccino,Frappuccino,Venti,Cold,"A handcrafted White Mocha Frappuccino prepared with premium Starbucks-style coffee or tea, almond milk, classic syrup and carefully balanced flavors.",Coconut,1,Caramel,Caramel Drizzle,Medium,246,168,37,17.4,22.9,3.57,303.45,4.2,26044,High,Yes,Yes,Yes,No,Yes,Yes,Cookie,Morning,Sweet,Cold,Canada
SB02564,Mocha Espresso,Espresso,Venti,Cold,"A handcrafted Mocha Espresso prepared with premium Starbucks-style coffee or tea, whole milk, classic syrup and carefully balanced flavors.",Whole,0,Caramel,None,High,15,366,4,6.9,14.8,3.67,311.95,4.8,48212,Very High,No,No,Yes,No,No,No,Cookie,Afternoon,Bold,Cold,Japan
SB02565,Java Chip Flat White,Flat White,Grande,Cold,"A handcrafted Java Chip Flat White prepared with premium Starbucks-style coffee or tea, almond milk, hazelnut syrup and carefully balanced flavors.",Soy,3,None,Caramel Drizzle,Medium,44,217,15,19.5,21.0,4.5,382.5,5.0,3113,Low,Yes,Yes,Yes,Yes,No,Yes,Croissant,Morning,Bold,Cold,USA
SB02566,Vanilla Latte,Latte,Grande,Cold,"A handcrafted Vanilla Latte prepared with premium Starbucks-style coffee or tea, soy milk, caramel syrup and carefully balanced flavors.",Almond,2,Hazelnut,Chocolate Shavings,High,232,68,58,1.6,13.3,7.86,668.1,3.9,976,Low,Yes,Yes,Yes,Yes,Yes,No,Cheesecake,Morning,Nutty,Cold,Japan
SB02567,Mocha Latte,Latte,Venti,Hot,"A handcrafted Mocha Latte prepared with premium Starbucks-style coffee or tea, soy milk, classic syrup and carefully balanced flavors.",Whole,1,None,Chocolate Shavings,Low,152,230,21,5.5,16.9,3.65,310.25,4.8,27078,High,No,Yes,Yes,No,No,Yes,Sandwich,Morning,Fruity,Hot,Global
SB02568,Classic Cappuccino,Cappuccino,Tall,Hot,"A handcrafted Classic Cappuccino prepared with premium Starbucks-style coffee or tea, almond milk, hazelnut syrup and carefully balanced flavors.",Oat,1,Caramel,Caramel Drizzle,Medium,122,371,58,16.2,11.4,5.34,453.9,4.0,1743,Low,No,No,Yes,Yes,Yes,No,Cheesecake,Morning,Creamy,Hot,Japan
SB02569,Mocha Mocha,Mocha,Grande,Cold,"A handcrafted Mocha Mocha prepared with premium Starbucks-style coffee or tea, skim milk, vanilla syrup and carefully balanced flavors.",Coconut,0,Hazelnut,Whipped Cream,Low,157,317,33,11.0,12.2,3.78,321.3,4.3,48849,Very High,Yes,No,Yes,Yes,No,Yes,Sandwich,Afternoon,Chocolatey,Cold,UK
SB02570,Java Chip Cold Brew,Cold Brew,Grande,Cold,"A handcrafted Java Chip Cold Brew prepared with premium Starbucks-style coffee or tea, skim milk, none syrup and carefully balanced flavors.",Almond,2,Hazelnut,Chocolate Shavings,Low,149,601,39,11.9,5.5,6.55,556.75,4.0,20746,Medium,No,Yes,Yes,Yes,No,Yes,Cookie,Morning,Chocolatey,Cold,Global
SB02571,Caramel Americano,Americano,Venti,Cold,"A handcrafted Caramel Americano prepared with premium Starbucks-style coffee or tea, oat milk, vanilla syrup and carefully balanced flavors.",Soy,3,Vanilla,Whipped Cream,Low,291,102,56,5.9,17.6,7.79,662.15,4.8,14038,Medium,Yes,No,Yes,Yes,Yes,No,Blueberry Muffin,Afternoon,Fruity,Cold,Canada
SB02572,Strawberry Espresso,Espresso,Grande,Hot,"A handcrafted Strawberry Espresso prepared with premium Starbucks-style coffee or tea, whole milk, toffee nut syrup and carefully balanced flavors.",Coconut,0,Classic,Chocolate Shavings,Medium,36,528,11,3.8,20.3,6.49,551.65,3.8,31881,High,Yes,Yes,Yes,No,No,Yes,Blueberry Muffin,Evening,Sweet,Hot,UK
SB02573,Matcha Espresso,Espresso,Tall,Hot,"A handcrafted Matcha Espresso prepared with premium Starbucks-style coffee or tea, whole milk, caramel syrup and carefully balanced flavors.",Soy,1,None,Whipped Cream,Low,283,488,46,12.3,14.3,4.37,371.45,4.8,24273,Medium,No,No,Yes,Yes,No,No,Sandwich,Afternoon,Fruity,Hot,Japan
SB02574,Caramel Mocha,Mocha,Grande,Hot,"A handcrafted Caramel Mocha prepared with premium Starbucks-style coffee or tea, oat milk, toffee nut syrup and carefully balanced flavors.",Almond,3,Caramel,Whipped Cream,Medium,167,249,68,11.5,0.3,6.3,535.5,4.9,49761,Very High,No,No,Yes,No,No,No,Cookie,Afternoon,Fruity,Hot,India
SB02575,Caramel Refresher,Refresher,Grande,Cold,"A handcrafted Caramel Refresher prepared with premium Starbucks-style coffee or tea, whole milk, hazelnut syrup and carefully balanced flavors.",Whole,1,Vanilla,None,Medium,141,174,46,8.1,25.2,4.41,374.85,3.9,36717,High,No,No,Yes,No,Yes,No,Blueberry Muffin,Morning,Chocolatey,Cold,Canada
SB02576,Vanilla Americano,Americano,Grande,Cold,"A handcrafted Vanilla Americano prepared with premium Starbucks-style coffee or tea, almond milk, none syrup and carefully balanced flavors.",Coconut,1,Vanilla,Whipped Cream,Low,76,58,36,13.8,23.5,5.08,431.8,4.7,30720,High,No,Yes,Yes,Yes,No,Yes,Cookie,Afternoon,Creamy,Cold,Japan
SB02577,Chai Latte,Latte,Grande,Cold,"A handcrafted Chai Latte prepared with premium Starbucks-style coffee or tea, soy milk, vanilla syrup and carefully balanced flavors.",Almond,3,None,Caramel Drizzle,Low,119,477,56,4.7,5.9,7.23,614.55,4.7,47344,Very High,Yes,Yes,Yes,Yes,No,No,Cookie,Afternoon,Fruity,Cold,UK
SB02578,Classic Cappuccino,Cappuccino,Tall,Hot,"A handcrafted Classic Cappuccino prepared with premium Starbucks-style coffee or tea, oat milk, none syrup and carefully balanced flavors.",Oat,1,Hazelnut,Caramel Drizzle,High,278,346,8,6.4,8.3,2.91,247.35,4.1,40873,Very High,No,No,Yes,Yes,No,No,Croissant,Evening,Nutty,Hot,Canada
SB02579,White Mocha Espresso,Espresso,Tall,Cold,"A handcrafted White Mocha Espresso prepared with premium Starbucks-style coffee or tea, coconut milk, caramel syrup and carefully balanced flavors.",Skim,0,Classic,Caramel Drizzle,Medium,131,372,59,10.1,13.6,4.24,360.4,3.9,7059,Low,Yes,Yes,Yes,Yes,Yes,No,Croissant,Morning,Fruity,Cold,USA
SB02580,Mocha Espresso,Espresso,Grande,Cold,"A handcrafted Mocha Espresso prepared with premium Starbucks-style coffee or tea, almond milk, none syrup and carefully balanced flavors.",Soy,3,Vanilla,Whipped Cream,High,29,105,44,15.2,2.0,3.95,335.75,4.8,24083,Medium,No,No,Yes,Yes,No,No,Cheesecake,Afternoon,Sweet,Cold,Canada
SB02581,Mocha Latte,Latte,Tall,Cold,"A handcrafted Mocha Latte prepared with premium Starbucks-style coffee or tea, almond milk, hazelnut syrup and carefully balanced flavors.",Oat,3,Vanilla,None,Low,89,461,57,12.7,12.0,4.71,400.35,3.6,42051,Very High,No,Yes,Yes,Yes,Yes,Yes,Sandwich,Evening,Fruity,Cold,Global
SB02582,Chai Flat White,Flat White,Venti,Cold,"A handcrafted Chai Flat White prepared with premium Starbucks-style coffee or tea, oat milk, classic syrup and carefully balanced flavors.",Almond,0,Vanilla,Caramel Drizzle,Medium,75,474,51,6.3,7.8,5.39,458.15,4.7,13194,Medium,No,Yes,Yes,Yes,No,No,Blueberry Muffin,Evening,Nutty,Cold,Canada
SB02583,Strawberry Espresso,Espresso,Tall,Cold,"A handcrafted Strawberry Espresso prepared with premium Starbucks-style coffee or tea, almond milk, toffee nut syrup and carefully balanced flavors.",Almond,1,Toffee Nut,None,Medium,127,136,66,15.7,6.5,7.99,679.15,3.6,38952,High,Yes,No,Yes,Yes,No,No,Croissant,Evening,Chocolatey,Cold,UK
SB02584,Classic Macchiato,Macchiato,Grande,Cold,"A handcrafted Classic Macchiato prepared with premium Starbucks-style coffee or tea, almond milk, classic syrup and carefully balanced flavors.",Soy,4,Classic,Caramel Drizzle,Medium,33,384,64,19.3,29.7,4.82,409.7,4.6,48625,Very High,Yes,Yes,Yes,Yes,No,No,Blueberry Muffin,Morning,Nutty,Cold,Japan
SB02585,Matcha Flat White,Flat White,Grande,Cold,"A handcrafted Matcha Flat White prepared with premium Starbucks-style coffee or tea, oat milk, none syrup and carefully balanced flavors.",Soy,1,Vanilla,Caramel Drizzle,Medium,29,29,21,7.3,12.7,4.39,373.15,4.8,8089,Low,No,No,Yes,Yes,No,Yes,Croissant,Afternoon,Fruity,Cold,Global
SB02586,Hazelnut Espresso,Espresso,Venti,Hot,"A handcrafted Hazelnut Espresso prepared with premium Starbucks-style coffee or tea, coconut milk, hazelnut syrup and carefully balanced flavors.",Skim,0,Hazelnut,Chocolate Shavings,High,164,370,26,1.5,10.7,5.72,486.2,3.5,41292,Very High,Yes,No,Yes,No,No,No,Cheesecake,Afternoon,Creamy,Hot,Canada
SB02587,Matcha Macchiato,Macchiato,Grande,Cold,"A handcrafted Matcha Macchiato prepared with premium Starbucks-style coffee or tea, coconut milk, caramel syrup and carefully balanced flavors.",Soy,3,Caramel,Whipped Cream,Low,225,222,21,11.4,19.0,8.31,706.35,3.6,41949,Very High,No,No,Yes,No,Yes,Yes,Blueberry Muffin,Morning,Nutty,Cold,UK
SB02588,Classic Macchiato,Macchiato,Grande,Hot,"A handcrafted Classic Macchiato prepared with premium Starbucks-style coffee or tea, whole milk, none syrup and carefully balanced flavors.",Coconut,0,Caramel,Whipped Cream,High,215,411,26,14.4,5.7,7.65,650.25,4.2,15646,Medium,No,Yes,Yes,No,No,No,Cheesecake,Morning,Fruity,Hot,Global
SB02589,Matcha Cappuccino,Cappuccino,Grande,Cold,"A handcrafted Matcha Cappuccino prepared with premium Starbucks-style coffee or tea, skim milk, none syrup and carefully balanced flavors.",Whole,0,Hazelnut,Whipped Cream,Medium,248,119,44,5.2,9.9,6.24,530.4,3.5,46911,Very High,Yes,No,Yes,No,Yes,Yes,Cheesecake,Afternoon,Fruity,Cold,Global
SB02590,White Mocha Espresso,Espresso,Grande,Cold,"A handcrafted White Mocha Espresso prepared with premium Starbucks-style coffee or tea, oat milk, hazelnut syrup and carefully balanced flavors.",Soy,2,Caramel,Chocolate Shavings,High,222,285,64,14.0,26.5,5.11,434.35,4.5,45730,Very High,No,Yes,Yes,No,No,Yes,Blueberry Muffin,Afternoon,Fruity,Cold,Global
SB02591,Hazelnut Mocha,Mocha,Grande,Hot,"A handcrafted Hazelnut Mocha prepared with premium Starbucks-style coffee or tea, oat milk, vanilla syrup and carefully balanced flavors.",Almond,0,None,Caramel Drizzle,Low,144,529,10,15.8,13.3,8.04,683.4,4.0,9837,Low,No,Yes,Yes,No,Yes,Yes,Cheesecake,Morning,Chocolatey,Hot,India
SB02592,Vanilla Cappuccino,Cappuccino,Venti,Hot,"A handcrafted Vanilla Cappuccino prepared with premium Starbucks-style coffee or tea, oat milk, hazelnut syrup and carefully balanced flavors.",Oat,4,Caramel,None,Low,246,523,51,19.2,25.3,2.92,248.2,4.2,31001,High,No,No,Yes,Yes,No,Yes,Cookie,Evening,Creamy,Hot,Global
SB02593,Classic Cold Brew,Cold Brew,Venti,Cold,"A handcrafted Classic Cold Brew prepared with premium Starbucks-style coffee or tea, whole milk, vanilla syrup and carefully balanced flavors.",Skim,3,Toffee Nut,None,High,81,292,38,6.0,25.5,6.82,579.7,4.4,18604,Medium,Yes,Yes,Yes,Yes,Yes,No,Blueberry Muffin,Evening,Bold,Cold,India
SB02594,Vanilla Tea,Tea,Grande,Cold,"A handcrafted Vanilla Tea prepared with premium Starbucks-style coffee or tea, almond milk, classic syrup and carefully balanced flavors.",Oat,4,Toffee Nut,Chocolate Shavings,High,212,122,8,10.8,23.0,7.89,670.65,4.3,17007,Medium,No,No,Yes,Yes,No,No,Sandwich,Morning,Chocolatey,Cold,USA
SB02595,Caramel Flat White,Flat White,Venti,Cold,"A handcrafted Caramel Flat White prepared with premium Starbucks-style coffee or tea, skim milk, hazelnut syrup and carefully balanced flavors.",Skim,4,Toffee Nut,None,Low,212,650,8,7.6,7.7,8.28,703.8,4.0,23573,Medium,Yes,Yes,Yes,Yes,Yes,No,Croissant,Morning,Bold,Cold,Global
SB02596,Java Chip Flat White,Flat White,Venti,Hot,"A handcrafted Java Chip Flat White prepared with premium Starbucks-style coffee or tea, soy milk, vanilla syrup and carefully balanced flavors.",Whole,2,Vanilla,Whipped Cream,Medium,91,261,36,6.5,9.8,7.7,654.5,3.6,47043,Very High,No,Yes,Yes,Yes,No,Yes,Blueberry Muffin,Evening,Creamy,Hot,UK
SB02597,Vanilla Refresher,Refresher,Venti,Cold,"A handcrafted Vanilla Refresher prepared with premium Starbucks-style coffee or tea, coconut milk, classic syrup and carefully balanced flavors.",Oat,2,Vanilla,Chocolate Shavings,Low,211,573,35,4.4,10.9,3.45,293.25,4.6,49564,Very High,No,No,Yes,Yes,No,Yes,Blueberry Muffin,Afternoon,Bold,Cold,UK
SB02598,White Mocha Mocha,Mocha,Grande,Cold,"A handcrafted White Mocha Mocha prepared with premium Starbucks-style coffee or tea, whole milk, hazelnut syrup and carefully balanced flavors.",Coconut,3,Hazelnut,Caramel Drizzle,Medium,259,315,19,3.3,28.5,6.3,535.5,4.2,37241,High,No,Yes,Yes,No,Yes,No,Sandwich,Evening,Fruity,Cold,Japan
SB02599,Hazelnut Cold Brew,Cold Brew,Grande,Cold,"A handcrafted Hazelnut Cold Brew prepared with premium Starbucks-style coffee or tea, coconut milk, toffee nut syrup and carefully balanced flavors.",Almond,4,Classic,None,Low,241,308,63,0.5,15.2,7.78,661.3,5.0,31703,High,No,Yes,Yes,No,Yes,Yes,Blueberry Muffin,Morning,Bold,Cold,Global
SB02600,Mocha Cappuccino,Cappuccino,Grande,Hot,"A handcrafted Mocha Cappuccino prepared with premium Starbucks-style coffee or tea, oat milk, vanilla syrup and carefully balanced flavors.",Whole,0,None,None,Low,112,346,49,5.5,14.9,4.33,368.05,4.8,30510,High,Yes,Yes,Yes,No,No,No,Croissant,Afternoon,Nutty,Hot,Japan
SB02601,Matcha Frappuccino,Frappuccino,Venti,Cold,"A handcrafted Matcha Frappuccino prepared with premium Starbucks-style coffee or tea, soy milk, vanilla syrup and carefully balanced flavors.",Almond,0,Vanilla,Chocolate Shavings,High,119,363,66,1.7,12.5,6.79,577.15,4.4,18541,Medium,Yes,No,Yes,Yes,Yes,No,Blueberry Muffin,Evening,Fruity,Cold,Global
SB02602,Chai Refresher,Refresher,Grande,Cold,"A handcrafted Chai Refresher prepared with premium Starbucks-style coffee or tea, coconut milk, caramel syrup and carefully balanced flavors.",Whole,1,Vanilla,Caramel Drizzle,Low,230,259,51,12.5,2.6,3.17,269.45,3.6,5327,Low,Yes,Yes,Yes,Yes,No,No,Sandwich,Evening,Chocolatey,Cold,Global
SB02603,Chai Latte,Latte,Grande,Hot,"A handcrafted Chai Latte prepared with premium Starbucks-style coffee or tea, oat milk, none syrup and carefully balanced flavors.",Whole,1,Vanilla,Caramel Drizzle,Medium,48,419,39,4.3,16.5,5.66,481.1,4.2,42602,Very High,Yes,Yes,Yes,No,Yes,No,Cheesecake,Morning,Bold,Hot,Japan
SB02604,Chai Americano,Americano,Tall,Hot,"A handcrafted Chai Americano prepared with premium Starbucks-style coffee or tea, whole milk, toffee nut syrup and carefully balanced flavors.",Skim,1,Classic,Chocolate Shavings,Medium,243,241,42,7.1,3.4,3.62,307.7,4.3,46849,Very High,Yes,No,Yes,No,No,Yes,Sandwich,Morning,Nutty,Hot,Japan
SB02605,Mango Cold Brew,Cold Brew,Grande,Cold,"A handcrafted Mango Cold Brew prepared with premium Starbucks-style coffee or tea, soy milk, none syrup and carefully balanced flavors.",Soy,3,Toffee Nut,Caramel Drizzle,Medium,145,562,32,17.3,12.0,6.26,532.1,4.3,5951,Low,No,Yes,Yes,No,Yes,No,Sandwich,Morning,Nutty,Cold,UK
SB02606,Hazelnut Americano,Americano,Tall,Hot,"A handcrafted Hazelnut Americano prepared with premium Starbucks-style coffee or tea, coconut milk, classic syrup and carefully balanced flavors.",Soy,3,Hazelnut,Chocolate Shavings,High,172,451,58,16.3,20.1,8.08,686.8,4.7,47055,Very High,Yes,No,Yes,Yes,No,No,Blueberry Muffin,Afternoon,Nutty,Hot,India
SB02607,Java Chip Refresher,Refresher,Venti,Cold,"A handcrafted Java Chip Refresher prepared with premium Starbucks-style coffee or tea, coconut milk, caramel syrup and carefully balanced flavors.",Oat,1,Classic,None,Low,176,150,56,8.0,29.0,7.41,629.85,4.0,31903,High,Yes,Yes,Yes,Yes,No,No,Blueberry Muffin,Evening,Creamy,Cold,UK
SB02608,Caramel Tea,Tea,Tall,Cold,"A handcrafted Caramel Tea prepared with premium Starbucks-style coffee or tea, almond milk, caramel syrup and carefully balanced flavors.",Almond,2,Hazelnut,None,Medium,266,229,57,10.9,3.1,4.9,416.5,3.7,16831,Medium,No,No,Yes,No,No,Yes,Cheesecake,Morning,Bold,Cold,USA
SB02609,Java Chip Macchiato,Macchiato,Venti,Hot,"A handcrafted Java Chip Macchiato prepared with premium Starbucks-style coffee or tea, almond milk, hazelnut syrup and carefully balanced flavors.",Coconut,0,Vanilla,Caramel Drizzle,Low,138,164,3,10.2,21.3,3.51,298.35,4.1,36589,High,No,Yes,Yes,Yes,Yes,No,Croissant,Morning,Sweet,Hot,Canada
SB02610,Vanilla Flat White,Flat White,Tall,Cold,"A handcrafted Vanilla Flat White prepared with premium Starbucks-style coffee or tea, whole milk, classic syrup and carefully balanced flavors.",Whole,3,None,Chocolate Shavings,High,147,58,33,14.2,15.1,3.01,255.85,3.8,37189,High,Yes,Yes,Yes,Yes,Yes,Yes,Blueberry Muffin,Morning,Creamy,Cold,Canada
SB02611,Matcha Cappuccino,Cappuccino,Venti,Hot,"A handcrafted Matcha Cappuccino prepared with premium Starbucks-style coffee or tea, whole milk, none syrup and carefully balanced flavors.",Coconut,2,Vanilla,Whipped Cream,High,53,337,41,17.5,21.8,4.99,424.15,4.5,32413,High,Yes,Yes,Yes,No,Yes,Yes,Cheesecake,Afternoon,Creamy,Hot,Canada
SB02612,White Mocha Latte,Latte,Venti,Hot,"A handcrafted White Mocha Latte prepared with premium Starbucks-style coffee or tea, coconut milk, hazelnut syrup and carefully balanced flavors.",Soy,3,Caramel,Whipped Cream,Medium,79,527,48,3.1,20.4,6.55,556.75,4.0,43890,Very High,Yes,Yes,Yes,No,Yes,Yes,Cheesecake,Morning,Bold,Hot,USA
SB02613,Caramel Cappuccino,Cappuccino,Venti,Cold,"A handcrafted Caramel Cappuccino prepared with premium Starbucks-style coffee or tea, coconut milk, caramel syrup and carefully balanced flavors.",Skim,0,None,Whipped Cream,High,242,546,17,4.7,23.0,3.3,280.5,4.2,47016,Very High,No,No,Yes,Yes,Yes,No,Croissant,Afternoon,Fruity,Cold,UK
SB02614,White Mocha Americano,Americano,Grande,Hot,"A handcrafted White Mocha Americano prepared with premium Starbucks-style coffee or tea, oat milk, none syrup and carefully balanced flavors.",Skim,3,None,Chocolate Shavings,Low,53,437,43,9.6,29.8,2.94,249.9,3.6,9425,Low,No,No,Yes,No,No,No,Sandwich,Afternoon,Chocolatey,Hot,UK
SB02615,Chai Americano,Americano,Tall,Cold,"A handcrafted Chai Americano prepared with premium Starbucks-style coffee or tea, soy milk, toffee nut syrup and carefully balanced flavors.",Skim,3,Vanilla,Whipped Cream,Low,276,43,23,16.2,1.5,8.01,680.85,4.1,22363,Medium,No,Yes,Yes,No,No,Yes,Cookie,Evening,Bold,Cold,Japan
SB02616,Strawberry Tea,Tea,Venti,Cold,"A handcrafted Strawberry Tea prepared with premium Starbucks-style coffee or tea, soy milk, hazelnut syrup and carefully balanced flavors.",Coconut,1,Classic,None,Medium,162,630,62,18.7,12.2,7.09,602.65,3.6,15168,Medium,Yes,No,Yes,No,No,Yes,Sandwich,Afternoon,Nutty,Cold,Japan
SB02617,Chai Latte,Latte,Venti,Cold,"A handcrafted Chai Latte prepared with premium Starbucks-style coffee or tea, oat milk, classic syrup and carefully balanced flavors.",Whole,1,Vanilla,None,Medium,115,428,65,9.2,4.2,5.57,473.45,4.5,32940,High,No,No,Yes,Yes,Yes,No,Cookie,Morning,Sweet,Cold,UK
SB02618,Java Chip Espresso,Espresso,Venti,Cold,"A handcrafted Java Chip Espresso prepared with premium Starbucks-style coffee or tea, coconut milk, caramel syrup and carefully balanced flavors.",Skim,0,Caramel,Whipped Cream,High,110,556,2,2.7,25.6,6.74,572.9,4.8,14512,Medium,No,Yes,Yes,No,Yes,No,Croissant,Morning,Nutty,Cold,UK
SB02619,Mocha Tea,Tea,Tall,Hot,"A handcrafted Mocha Tea prepared with premium Starbucks-style coffee or tea, soy milk, vanilla syrup and carefully balanced flavors.",Soy,3,Hazelnut,Caramel Drizzle,Medium,219,104,43,5.2,15.6,7.47,634.95,4.9,32558,High,Yes,No,Yes,No,No,No,Cheesecake,Evening,Fruity,Hot,UK
SB02620,Matcha Mocha,Mocha,Venti,Hot,"A handcrafted Matcha Mocha prepared with premium Starbucks-style coffee or tea, coconut milk, hazelnut syrup and carefully balanced flavors.",Whole,0,Classic,Chocolate Shavings,High,255,278,23,14.5,23.1,5.2,442.0,4.0,19095,Medium,Yes,Yes,Yes,Yes,No,Yes,Blueberry Muffin,Afternoon,Chocolatey,Hot,UK
SB02621,Mango Espresso,Espresso,Grande,Cold,"A handcrafted Mango Espresso prepared with premium Starbucks-style coffee or tea, coconut milk, vanilla syrup and carefully balanced flavors.",Skim,2,Hazelnut,Chocolate Shavings,Medium,264,148,43,3.0,7.3,6.06,515.1,3.7,8879,Low,No,No,Yes,No,No,No,Cheesecake,Morning,Fruity,Cold,UK
SB02622,Vanilla Mocha,Mocha,Grande,Hot,"A handcrafted Vanilla Mocha prepared with premium Starbucks-style coffee or tea, oat milk, none syrup and carefully balanced flavors.",Whole,4,Caramel,Whipped Cream,High,122,163,8,4.9,20.5,4.94,419.9,4.5,41838,Very High,No,No,Yes,No,Yes,No,Cheesecake,Morning,Fruity,Hot,Canada
SB02623,Classic Americano,Americano,Grande,Hot,"A handcrafted Classic Americano prepared with premium Starbucks-style coffee or tea, oat milk, caramel syrup and carefully balanced flavors.",Almond,1,Classic,Caramel Drizzle,Medium,60,148,36,11.6,13.4,7.63,648.55,4.3,15912,Medium,Yes,Yes,Yes,Yes,No,Yes,Croissant,Evening,Nutty,Hot,USA
SB02624,Vanilla Refresher,Refresher,Venti,Cold,"A handcrafted Vanilla Refresher prepared with premium Starbucks-style coffee or tea, oat milk, hazelnut syrup and carefully balanced flavors.",Oat,0,Vanilla,Whipped Cream,High,10,516,20,17.7,15.4,2.75,233.75,4.7,18966,Medium,Yes,No,Yes,No,No,Yes,Croissant,Morning,Creamy,Cold,UK
SB02625,Classic Macchiato,Macchiato,Venti,Cold,"A handcrafted Classic Macchiato prepared with premium Starbucks-style coffee or tea, oat milk, toffee nut syrup and carefully balanced flavors.",Soy,3,Hazelnut,Chocolate Shavings,Low,10,565,67,16.7,0.2,5.45,463.25,4.1,10720,Medium,Yes,No,Yes,Yes,Yes,No,Sandwich,Afternoon,Creamy,Cold,Canada
SB02626,Mango Flat White,Flat White,Venti,Hot,"A handcrafted Mango Flat White prepared with premium Starbucks-style coffee or tea, almond milk, toffee nut syrup and carefully balanced flavors.",Skim,0,Vanilla,Chocolate Shavings,High,35,119,4,7.6,23.8,6.84,581.4,3.8,13587,Medium,No,No,Yes,Yes,Yes,No,Cheesecake,Evening,Fruity,Hot,USA
SB02627,Caramel Americano,Americano,Venti,Cold,"A handcrafted Caramel Americano prepared with premium Starbucks-style coffee or tea, whole milk, vanilla syrup and carefully balanced flavors.",Coconut,3,Vanilla,Caramel Drizzle,Medium,113,275,60,13.3,25.8,4.88,414.8,4.5,13427,Medium,No,Yes,Yes,Yes,No,Yes,Cookie,Evening,Creamy,Cold,India
SB02628,Hazelnut Macchiato,Macchiato,Tall,Hot,"A handcrafted Hazelnut Macchiato prepared with premium Starbucks-style coffee or tea, coconut milk, vanilla syrup and carefully balanced flavors.",Whole,1,Hazelnut,Chocolate Shavings,High,161,583,66,4.2,23.3,5.84,496.4,4.2,22064,Medium,No,Yes,Yes,Yes,Yes,Yes,Cheesecake,Afternoon,Bold,Hot,Japan
SB02629,Strawberry Cappuccino,Cappuccino,Venti,Cold,"A handcrafted Strawberry Cappuccino prepared with premium Starbucks-style coffee or tea, whole milk, none syrup and carefully balanced flavors.",Coconut,4,Classic,Chocolate Shavings,High,116,352,27,5.2,17.2,4.96,421.6,4.6,4797,Low,No,No,Yes,No,Yes,No,Sandwich,Morning,Nutty,Cold,Global
SB02630,Classic Frappuccino,Frappuccino,Venti,Cold,"A handcrafted Classic Frappuccino prepared with premium Starbucks-style coffee or tea, whole milk, caramel syrup and carefully balanced flavors.",Skim,1,Hazelnut,Whipped Cream,Medium,87,45,62,5.6,12.1,5.68,482.8,3.9,6141,Low,Yes,No,Yes,No,Yes,Yes,Blueberry Muffin,Afternoon,Chocolatey,Cold,UK
SB02631,Strawberry Frappuccino,Frappuccino,Venti,Cold,"A handcrafted Strawberry Frappuccino prepared with premium Starbucks-style coffee or tea, whole milk, hazelnut syrup and carefully balanced flavors.",Oat,2,Caramel,None,Low,125,197,63,3.8,8.5,8.33,708.05,4.0,35119,High,No,No,Yes,Yes,No,Yes,Cookie,Evening,Chocolatey,Cold,Global
SB02632,Caramel Latte,Latte,Grande,Hot,"A handcrafted Caramel Latte prepared with premium Starbucks-style coffee or tea, skim milk, toffee nut syrup and carefully balanced flavors.",Skim,4,Vanilla,Caramel Drizzle,Low,62,273,17,12.3,18.6,2.73,232.05,4.3,25962,High,Yes,Yes,Yes,No,No,No,Croissant,Afternoon,Chocolatey,Hot,Japan
SB02633,Java Chip Americano,Americano,Tall,Hot,"A handcrafted Java Chip Americano prepared with premium Starbucks-style coffee or tea, skim milk, hazelnut syrup and carefully balanced flavors.",Soy,3,Toffee Nut,Chocolate Shavings,Low,17,171,51,17.5,6.4,5.1,433.5,3.6,35607,High,No,No,Yes,Yes,Yes,Yes,Croissant,Evening,Sweet,Hot,Canada
SB02634,White Mocha Latte,Latte,Venti,Hot,"A handcrafted White Mocha Latte prepared with premium Starbucks-style coffee or tea, soy milk, hazelnut syrup and carefully balanced flavors.",Soy,4,Caramel,None,Low,215,362,40,19.6,8.2,4.82,409.7,3.9,36077,High,No,Yes,Yes,No,Yes,Yes,Cookie,Morning,Nutty,Hot,India
SB02635,Caramel Espresso,Espresso,Venti,Cold,"A handcrafted Caramel Espresso prepared with premium Starbucks-style coffee or tea, whole milk, caramel syrup and carefully balanced flavors.",Skim,2,Vanilla,Caramel Drizzle,Medium,42,479,26,11.3,17.1,4.2,357.0,4.8,20210,Medium,No,No,Yes,Yes,No,No,Cookie,Morning,Fruity,Cold,UK
SB02636,Caramel Espresso,Espresso,Grande,Hot,"A handcrafted Caramel Espresso prepared with premium Starbucks-style coffee or tea, soy milk, classic syrup and carefully balanced flavors.",Coconut,3,Caramel,Chocolate Shavings,High,42,618,19,18.0,28.2,5.86,498.1,4.9,38749,High,Yes,Yes,Yes,No,Yes,No,Cookie,Evening,Sweet,Hot,India
SB02637,Java Chip Espresso,Espresso,Grande,Hot,"A handcrafted Java Chip Espresso prepared with premium Starbucks-style coffee or tea, whole milk, hazelnut syrup and carefully balanced flavors.",Almond,0,Caramel,None,Medium,199,319,41,1.8,23.4,3.65,310.25,4.5,26657,High,Yes,No,Yes,Yes,No,No,Blueberry Muffin,Afternoon,Creamy,Hot,UK
SB02638,White Mocha Macchiato,Macchiato,Tall,Cold,"A handcrafted White Mocha Macchiato prepared with premium Starbucks-style coffee or tea, oat milk, caramel syrup and carefully balanced flavors.",Skim,1,None,Whipped Cream,Low,74,289,3,16.1,22.8,2.73,232.05,4.8,25162,High,No,No,Yes,Yes,No,Yes,Cheesecake,Evening,Sweet,Cold,India
SB02639,Mocha Frappuccino,Frappuccino,Tall,Cold,"A handcrafted Mocha Frappuccino prepared with premium Starbucks-style coffee or tea, oat milk, none syrup and carefully balanced flavors.",Whole,3,Classic,Caramel Drizzle,Medium,166,300,36,12.7,3.9,7.42,630.7,4.4,9886,Low,No,Yes,Yes,Yes,No,Yes,Cookie,Evening,Sweet,Cold,Canada
SB02640,Mocha Espresso,Espresso,Grande,Cold,"A handcrafted Mocha Espresso prepared with premium Starbucks-style coffee or tea, skim milk, none syrup and carefully balanced flavors.",Soy,4,Toffee Nut,Whipped Cream,High,16,102,40,3.2,11.0,8.47,719.95,4.6,21403,Medium,Yes,No,Yes,Yes,Yes,Yes,Cookie,Evening,Fruity,Cold,Japan
SB02641,Mango Flat White,Flat White,Tall,Hot,"A handcrafted Mango Flat White prepared with premium Starbucks-style coffee or tea, coconut milk, vanilla syrup and carefully balanced flavors.",Soy,4,Vanilla,Whipped Cream,High,64,84,9,16.8,7.1,3.27,277.95,4.9,2759,Low,Yes,Yes,Yes,No,No,Yes,Blueberry Muffin,Afternoon,Sweet,Hot,Canada
SB02642,Mango Latte,Latte,Tall,Cold,"A handcrafted Mango Latte prepared with premium Starbucks-style coffee or tea, soy milk, classic syrup and carefully balanced flavors.",Oat,0,Toffee Nut,Whipped Cream,High,103,451,39,15.5,11.7,4.16,353.6,3.9,37337,High,Yes,Yes,Yes,No,Yes,Yes,Cookie,Afternoon,Fruity,Cold,USA
SB02643,Mango Macchiato,Macchiato,Venti,Hot,"A handcrafted Mango Macchiato prepared with premium Starbucks-style coffee or tea, whole milk, hazelnut syrup and carefully balanced flavors.",Soy,4,None,Chocolate Shavings,High,201,649,11,0.0,11.0,8.16,693.6,3.7,18351,Medium,Yes,Yes,Yes,No,No,Yes,Croissant,Morning,Chocolatey,Hot,USA
SB02644,Caramel Refresher,Refresher,Venti,Cold,"A handcrafted Caramel Refresher prepared with premium Starbucks-style coffee or tea, coconut milk, hazelnut syrup and carefully balanced flavors.",Skim,2,Hazelnut,None,Low,109,644,48,17.9,19.9,7.63,648.55,4.8,7180,Low,Yes,No,Yes,No,No,Yes,Cheesecake,Evening,Bold,Cold,India
SB02645,Classic Mocha,Mocha,Grande,Cold,"A handcrafted Classic Mocha prepared with premium Starbucks-style coffee or tea, whole milk, toffee nut syrup and carefully balanced flavors.",Almond,3,Classic,Chocolate Shavings,Medium,255,579,16,17.0,22.0,2.82,239.7,4.9,31513,High,No,Yes,Yes,No,Yes,No,Sandwich,Afternoon,Bold,Cold,USA
SB02646,Mocha Tea,Tea,Tall,Hot,"A handcrafted Mocha Tea prepared with premium Starbucks-style coffee or tea, coconut milk, toffee nut syrup and carefully balanced flavors.",Oat,0,Toffee Nut,Chocolate Shavings,Medium,246,277,37,0.4,25.1,5.04,428.4,4.9,29375,High,Yes,Yes,Yes,No,No,Yes,Cookie,Morning,Creamy,Hot,Japan
SB02647,Mocha Americano,Americano,Grande,Cold,"A handcrafted Mocha Americano prepared with premium Starbucks-style coffee or tea, coconut milk, none syrup and carefully balanced flavors.",Soy,1,Vanilla,Caramel Drizzle,High,231,530,43,10.4,27.3,7.08,601.8,4.7,3761,Low,No,No,Yes,No,No,No,Croissant,Afternoon,Creamy,Cold,UK
SB02648,Mocha Flat White,Flat White,Tall,Hot,"A handcrafted Mocha Flat White prepared with premium Starbucks-style coffee or tea, skim milk, classic syrup and carefully balanced flavors.",Oat,4,None,Caramel Drizzle,Medium,281,521,6,7.3,0.8,7.32,622.2,4.6,4652,Low,No,Yes,Yes,Yes,No,No,Cheesecake,Evening,Fruity,Hot,Canada
SB02649,Vanilla Tea,Tea,Grande,Hot,"A handcrafted Vanilla Tea prepared with premium Starbucks-style coffee or tea, oat milk, vanilla syrup and carefully balanced flavors.",Soy,0,None,Chocolate Shavings,High,137,412,58,3.9,21.4,7.98,678.3,4.6,10905,Medium,No,No,Yes,No,No,Yes,Cheesecake,Afternoon,Fruity,Hot,Japan
SB02650,Hazelnut Flat White,Flat White,Tall,Cold,"A handcrafted Hazelnut Flat White prepared with premium Starbucks-style coffee or tea, almond milk, vanilla syrup and carefully balanced flavors.",Skim,0,Classic,Caramel Drizzle,Medium,248,519,21,11.7,27.3,7.47,634.95,3.8,33034,High,No,No,Yes,No,No,No,Sandwich,Afternoon,Sweet,Cold,Canada
SB02651,Strawberry Macchiato,Macchiato,Venti,Cold,"A handcrafted Strawberry Macchiato prepared with premium Starbucks-style coffee or tea, soy milk, classic syrup and carefully balanced flavors.",Almond,0,Classic,Chocolate Shavings,Low,70,404,44,9.0,16.0,5.06,430.1,3.9,39570,High,No,Yes,Yes,Yes,Yes,Yes,Croissant,Evening,Nutty,Cold,Canada
SB02652,Mocha Cold Brew,Cold Brew,Grande,Cold,"A handcrafted Mocha Cold Brew prepared with premium Starbucks-style coffee or tea, oat milk, classic syrup and carefully balanced flavors.",Soy,1,Vanilla,Whipped Cream,Medium,283,53,50,19.4,18.6,3.64,309.4,4.1,22007,Medium,Yes,Yes,Yes,Yes,No,No,Cheesecake,Evening,Creamy,Cold,Global
SB02653,Hazelnut Americano,Americano,Tall,Cold,"A handcrafted Hazelnut Americano prepared with premium Starbucks-style coffee or tea, skim milk, hazelnut syrup and carefully balanced flavors.",Skim,2,Hazelnut,Whipped Cream,High,192,27,38,12.6,29.8,6.62,562.7,4.8,12444,Medium,Yes,Yes,Yes,No,No,No,Blueberry Muffin,Afternoon,Sweet,Cold,USA
SB02654,Strawberry Mocha,Mocha,Venti,Hot,"A handcrafted Strawberry Mocha prepared with premium Starbucks-style coffee or tea, almond milk, toffee nut syrup and carefully balanced flavors.",Oat,0,Toffee Nut,Whipped Cream,High,179,608,41,7.1,22.0,6.27,532.95,3.7,2069,Low,No,No,Yes,No,No,No,Cookie,Morning,Bold,Hot,UK
SB02655,White Mocha Latte,Latte,Tall,Cold,"A handcrafted White Mocha Latte prepared with premium Starbucks-style coffee or tea, almond milk, classic syrup and carefully balanced flavors.",Oat,0,Toffee Nut,None,High,63,421,18,7.1,23.6,7.88,669.8,3.6,21168,Medium,Yes,Yes,Yes,Yes,No,Yes,Cheesecake,Evening,Fruity,Cold,UK
SB02656,Matcha Latte,Latte,Venti,Hot,"A handcrafted Matcha Latte prepared with premium Starbucks-style coffee or tea, oat milk, hazelnut syrup and carefully balanced flavors.",Oat,4,Caramel,Whipped Cream,Low,297,636,64,8.8,18.2,6.94,589.9,4.9,41424,Very High,Yes,Yes,Yes,No,Yes,Yes,Sandwich,Afternoon,Nutty,Hot,Global
SB02657,Caramel Cold Brew,Cold Brew,Tall,Cold,"A handcrafted Caramel Cold Brew prepared with premium Starbucks-style coffee or tea, soy milk, none syrup and carefully balanced flavors.",Soy,3,None,Chocolate Shavings,Medium,50,263,60,7.4,12.3,2.71,230.35,4.9,4965,Low,No,Yes,Yes,Yes,No,Yes,Sandwich,Evening,Creamy,Cold,Global
SB02658,Mango Americano,Americano,Venti,Hot,"A handcrafted Mango Americano prepared with premium Starbucks-style coffee or tea, soy milk, classic syrup and carefully balanced flavors.",Whole,1,Toffee Nut,Whipped Cream,Medium,85,300,32,17.8,1.8,5.26,447.1,3.8,35766,High,No,Yes,Yes,No,Yes,Yes,Cookie,Morning,Fruity,Hot,Japan
SB02659,Java Chip Frappuccino,Frappuccino,Tall,Cold,"A handcrafted Java Chip Frappuccino prepared with premium Starbucks-style coffee or tea, oat milk, toffee nut syrup and carefully balanced flavors.",Almond,4,Hazelnut,Chocolate Shavings,High,187,480,25,15.7,27.0,6.75,573.75,3.9,45808,Very High,No,Yes,Yes,No,No,No,Cheesecake,Morning,Fruity,Cold,Global
SB02660,Java Chip Americano,Americano,Grande,Cold,"A handcrafted Java Chip Americano prepared with premium Starbucks-style coffee or tea, oat milk, caramel syrup and carefully balanced flavors.",Oat,4,Hazelnut,Caramel Drizzle,Low,278,567,57,13.9,24.2,4.61,391.85,4.0,49924,Very High,No,No,Yes,No,No,No,Croissant,Afternoon,Bold,Cold,USA
SB02661,White Mocha Frappuccino,Frappuccino,Venti,Cold,"A handcrafted White Mocha Frappuccino prepared with premium Starbucks-style coffee or tea, skim milk, hazelnut syrup and carefully balanced flavors.",Oat,3,Caramel,Chocolate Shavings,Low,235,195,47,19.5,21.8,8.33,708.05,4.0,22373,Medium,Yes,Yes,Yes,No,No,Yes,Cookie,Afternoon,Chocolatey,Cold,Global
SB02662,Java Chip Cold Brew,Cold Brew,Venti,Cold,"A handcrafted Java Chip Cold Brew prepared with premium Starbucks-style coffee or tea, soy milk, caramel syrup and carefully balanced flavors.",Whole,3,Vanilla,Chocolate Shavings,Medium,94,267,11,7.0,24.3,5.97,507.45,3.8,49915,Very High,Yes,No,Yes,No,No,Yes,Sandwich,Afternoon,Creamy,Cold,USA
SB02663,Mocha Cold Brew,Cold Brew,Grande,Cold,"A handcrafted Mocha Cold Brew prepared with premium Starbucks-style coffee or tea, skim milk, none syrup and carefully balanced flavors.",Whole,2,Hazelnut,Chocolate Shavings,Medium,249,491,17,3.1,10.7,6.57,558.45,3.9,44364,Very High,No,No,Yes,No,Yes,Yes,Sandwich,Afternoon,Fruity,Cold,USA
SB02664,Chai Frappuccino,Frappuccino,Tall,Cold,"A handcrafted Chai Frappuccino prepared with premium Starbucks-style coffee or tea, coconut milk, toffee nut syrup and carefully balanced flavors.",Oat,0,Vanilla,Chocolate Shavings,Low,291,244,21,18.0,27.3,7.27,617.95,4.5,41455,Very High,Yes,No,Yes,No,No,Yes,Croissant,Afternoon,Chocolatey,Cold,USA
SB02665,Strawberry Espresso,Espresso,Venti,Cold,"A handcrafted Strawberry Espresso prepared with premium Starbucks-style coffee or tea, coconut milk, none syrup and carefully balanced flavors.",Almond,1,Toffee Nut,Whipped Cream,Medium,92,107,20,7.8,19.6,5.17,439.45,3.7,28162,High,No,No,Yes,Yes,No,Yes,Croissant,Morning,Sweet,Cold,India
SB02666,Mocha Flat White,Flat White,Tall,Cold,"A handcrafted Mocha Flat White prepared with premium Starbucks-style coffee or tea, whole milk, vanilla syrup and carefully balanced flavors.",Soy,0,Caramel,Caramel Drizzle,Medium,104,90,25,6.1,8.2,4.99,424.15,4.2,42945,Very High,Yes,Yes,Yes,Yes,No,No,Blueberry Muffin,Morning,Creamy,Cold,India
SB02667,Mocha Cappuccino,Cappuccino,Grande,Hot,"A handcrafted Mocha Cappuccino prepared with premium Starbucks-style coffee or tea, skim milk, caramel syrup and carefully balanced flavors.",Coconut,0,Hazelnut,Caramel Drizzle,Medium,239,442,7,3.3,7.0,7.28,618.8,4.9,44662,Very High,Yes,Yes,Yes,Yes,No,No,Croissant,Morning,Creamy,Hot,Canada
SB02668,Matcha Macchiato,Macchiato,Venti,Cold,"A handcrafted Matcha Macchiato prepared with premium Starbucks-style coffee or tea, almond milk, hazelnut syrup and carefully balanced flavors.",Oat,4,None,Chocolate Shavings,Low,273,325,3,6.2,1.7,8.1,688.5,4.7,4317,Low,Yes,No,Yes,No,Yes,Yes,Cheesecake,Morning,Bold,Cold,Japan
SB02669,Classic Americano,Americano,Tall,Hot,"A handcrafted Classic Americano prepared with premium Starbucks-style coffee or tea, whole milk, toffee nut syrup and carefully balanced flavors.",Whole,1,Vanilla,Whipped Cream,Medium,43,486,9,11.1,18.9,5.67,481.95,3.8,28519,High,No,Yes,Yes,No,No,No,Croissant,Afternoon,Fruity,Hot,Japan
SB02670,Chai Tea,Tea,Grande,Hot,"A handcrafted Chai Tea prepared with premium Starbucks-style coffee or tea, whole milk, caramel syrup and carefully balanced flavors.",Skim,1,Toffee Nut,Whipped Cream,Medium,255,508,16,8.6,0.5,6.74,572.9,4.0,29164,High,Yes,Yes,Yes,Yes,No,Yes,Blueberry Muffin,Afternoon,Bold,Hot,USA
SB02671,Mocha Espresso,Espresso,Tall,Cold,"A handcrafted Mocha Espresso prepared with premium Starbucks-style coffee or tea, almond milk, classic syrup and carefully balanced flavors.",Skim,1,Classic,Caramel Drizzle,High,141,209,18,3.6,21.7,7.69,653.65,4.6,3956,Low,No,Yes,Yes,Yes,No,Yes,Cookie,Morning,Bold,Cold,Japan
SB02672,Classic Latte,Latte,Grande,Hot,"A handcrafted Classic Latte prepared with premium Starbucks-style coffee or tea, whole milk, toffee nut syrup and carefully balanced flavors.",Oat,0,None,Caramel Drizzle,Medium,277,58,42,16.0,10.6,7.67,651.95,4.4,19271,Medium,Yes,Yes,Yes,Yes,Yes,No,Blueberry Muffin,Afternoon,Sweet,Hot,UK
SB02673,Java Chip Macchiato,Macchiato,Grande,Cold,"A handcrafted Java Chip Macchiato prepared with premium Starbucks-style coffee or tea, oat milk, hazelnut syrup and carefully balanced flavors.",Almond,3,Vanilla,Caramel Drizzle,Low,67,391,15,4.6,25.8,5.03,427.55,3.9,10314,Medium,No,Yes,Yes,Yes,Yes,Yes,Cheesecake,Morning,Creamy,Cold,Japan
SB02674,Strawberry Cappuccino,Cappuccino,Grande,Hot,"A handcrafted Strawberry Cappuccino prepared with premium Starbucks-style coffee or tea, whole milk, none syrup and carefully balanced flavors.",Almond,3,Toffee Nut,Whipped Cream,Medium,233,276,30,8.7,21.9,3.53,300.05,3.7,43665,Very High,Yes,No,Yes,Yes,No,No,Blueberry Muffin,Afternoon,Creamy,Hot,Japan
SB02675,Hazelnut Frappuccino,Frappuccino,Grande,Cold,"A handcrafted Hazelnut Frappuccino prepared with premium Starbucks-style coffee or tea, skim milk, toffee nut syrup and carefully balanced flavors.",Coconut,2,Hazelnut,Whipped Cream,High,0,61,60,17.6,29.0,3.12,265.2,4.6,42564,Very High,No,No,Yes,Yes,No,Yes,Cheesecake,Evening,Chocolatey,Cold,Global
SB02676,Chai Americano,Americano,Tall,Hot,"A handcrafted Chai Americano prepared with premium Starbucks-style coffee or tea, whole milk, toffee nut syrup and carefully balanced flavors.",Oat,2,Toffee Nut,Caramel Drizzle,Medium,188,166,41,4.5,19.1,6.43,546.55,3.9,30092,High,No,Yes,Yes,No,Yes,No,Sandwich,Evening,Bold,Hot,Global
SB02677,Mango Frappuccino,Frappuccino,Grande,Cold,"A handcrafted Mango Frappuccino prepared with premium Starbucks-style coffee or tea, oat milk, classic syrup and carefully balanced flavors.",Skim,0,Hazelnut,None,Low,293,351,45,9.7,22.6,3.52,299.2,3.7,24541,Medium,Yes,No,Yes,No,No,Yes,Cheesecake,Afternoon,Bold,Cold,Japan
SB02678,White Mocha Mocha,Mocha,Venti,Hot,"A handcrafted White Mocha Mocha prepared with premium Starbucks-style coffee or tea, oat milk, none syrup and carefully balanced flavors.",Oat,2,Toffee Nut,Whipped Cream,High,66,391,45,13.7,1.7,2.59,220.15,4.7,40550,Very High,No,No,Yes,No,Yes,Yes,Sandwich,Afternoon,Chocolatey,Hot,India
SB02679,White Mocha Flat White,Flat White,Venti,Cold,"A handcrafted White Mocha Flat White prepared with premium Starbucks-style coffee or tea, coconut milk, vanilla syrup and carefully balanced flavors.",Skim,3,Classic,Chocolate Shavings,Medium,258,627,29,13.1,8.1,7.68,652.8,4.9,29448,High,Yes,Yes,Yes,Yes,No,No,Cheesecake,Evening,Nutty,Cold,USA
SB02680,White Mocha Mocha,Mocha,Tall,Hot,"A handcrafted White Mocha Mocha prepared with premium Starbucks-style coffee or tea, soy milk, hazelnut syrup and carefully balanced flavors.",Coconut,2,None,Chocolate Shavings,Low,243,104,42,19.0,21.8,2.88,244.8,4.7,5591,Low,No,Yes,Yes,No,Yes,No,Croissant,Afternoon,Fruity,Hot,Japan
SB02681,Vanilla Espresso,Espresso,Grande,Cold,"A handcrafted Vanilla Espresso prepared with premium Starbucks-style coffee or tea, coconut milk, caramel syrup and carefully balanced flavors.",Coconut,1,Classic,Whipped Cream,Medium,248,479,0,8.1,19.5,5.16,438.6,4.1,46303,Very High,Yes,Yes,Yes,No,Yes,Yes,Cookie,Morning,Creamy,Cold,USA
SB02682,Vanilla Tea,Tea,Venti,Cold,"A handcrafted Vanilla Tea prepared with premium Starbucks-style coffee or tea, skim milk, caramel syrup and carefully balanced flavors.",Coconut,3,Caramel,Chocolate Shavings,High,133,343,60,9.7,18.3,7.81,663.85,4.4,39593,High,No,No,Yes,Yes,Yes,Yes,Blueberry Muffin,Morning,Nutty,Cold,Global
SB02683,White Mocha Frappuccino,Frappuccino,Venti,Cold,"A handcrafted White Mocha Frappuccino prepared with premium Starbucks-style coffee or tea, oat milk, toffee nut syrup and carefully balanced flavors.",Soy,3,Toffee Nut,Chocolate Shavings,High,163,382,7,5.0,25.9,6.62,562.7,4.8,8501,Low,No,No,Yes,No,Yes,Yes,Sandwich,Morning,Sweet,Cold,Canada
SB02684,White Mocha Americano,Americano,Venti,Hot,"A handcrafted White Mocha Americano prepared with premium Starbucks-style coffee or tea, oat milk, none syrup and carefully balanced flavors.",Almond,1,Classic,None,High,207,580,28,6.9,1.1,5.4,459.0,4.9,37538,High,No,Yes,Yes,Yes,No,Yes,Croissant,Afternoon,Sweet,Hot,UK
SB02685,Mango Refresher,Refresher,Venti,Cold,"A handcrafted Mango Refresher prepared with premium Starbucks-style coffee or tea, soy milk, classic syrup and carefully balanced flavors.",Almond,3,Hazelnut,None,High,84,20,38,7.9,29.2,6.69,568.65,3.8,3104,Low,No,No,Yes,No,No,No,Sandwich,Evening,Fruity,Cold,India
SB02686,Hazelnut Macchiato,Macchiato,Grande,Hot,"A handcrafted Hazelnut Macchiato prepared with premium Starbucks-style coffee or tea, whole milk, vanilla syrup and carefully balanced flavors.",Oat,2,Hazelnut,Caramel Drizzle,Medium,146,559,5,8.6,26.2,2.91,247.35,4.7,3297,Low,Yes,Yes,Yes,No,Yes,No,Blueberry Muffin,Morning,Sweet,Hot,Global
SB02687,Java Chip Mocha,Mocha,Venti,Cold,"A handcrafted Java Chip Mocha prepared with premium Starbucks-style coffee or tea, whole milk, toffee nut syrup and carefully balanced flavors.",Soy,3,Caramel,Whipped Cream,Medium,17,598,17,9.2,7.6,5.97,507.45,4.9,3586,Low,No,Yes,Yes,Yes,No,Yes,Sandwich,Afternoon,Creamy,Cold,India
SB02688,Strawberry Americano,Americano,Tall,Hot,"A handcrafted Strawberry Americano prepared with premium Starbucks-style coffee or tea, coconut milk, none syrup and carefully balanced flavors.",Skim,0,Caramel,Chocolate Shavings,High,71,445,31,16.9,23.7,3.49,296.65,3.8,17149,Medium,Yes,No,Yes,Yes,No,No,Blueberry Muffin,Evening,Chocolatey,Hot,UK
SB02689,Hazelnut Flat White,Flat White,Venti,Hot,"A handcrafted Hazelnut Flat White prepared with premium Starbucks-style coffee or tea, whole milk, hazelnut syrup and carefully balanced flavors.",Almond,1,Classic,Whipped Cream,Low,217,495,49,14.0,4.4,4.02,341.7,3.7,28899,High,Yes,No,Yes,No,Yes,No,Sandwich,Evening,Fruity,Hot,Canada
SB02690,Matcha Cold Brew,Cold Brew,Venti,Cold,"A handcrafted Matcha Cold Brew prepared with premium Starbucks-style coffee or tea, almond milk, hazelnut syrup and carefully balanced flavors.",Whole,3,Caramel,Chocolate Shavings,High,231,557,33,12.1,8.6,6.59,560.15,4.5,24172,Medium,No,No,Yes,Yes,Yes,No,Croissant,Morning,Bold,Cold,Global
SB02691,Classic Macchiato,Macchiato,Tall,Hot,"A handcrafted Classic Macchiato prepared with premium Starbucks-style coffee or tea, oat milk, none syrup and carefully balanced flavors.",Skim,0,Toffee Nut,Chocolate Shavings,High,43,559,43,8.5,12.5,7.79,662.15,4.8,38907,High,Yes,No,Yes,Yes,Yes,Yes,Cheesecake,Morning,Creamy,Hot,UK
SB02692,Hazelnut Cappuccino,Cappuccino,Tall,Hot,"A handcrafted Hazelnut Cappuccino prepared with premium Starbucks-style coffee or tea, oat milk, vanilla syrup and carefully balanced flavors.",Soy,2,Toffee Nut,Whipped Cream,High,261,202,50,11.5,26.0,3.48,295.8,4.7,47830,Very High,Yes,No,Yes,Yes,No,Yes,Croissant,Evening,Sweet,Hot,Japan
SB02693,Vanilla Latte,Latte,Grande,Cold,"A handcrafted Vanilla Latte prepared with premium Starbucks-style coffee or tea, skim milk, hazelnut syrup and carefully balanced flavors.",Skim,3,Vanilla,Chocolate Shavings,Low,171,77,45,11.2,7.6,6.16,523.6,3.8,46892,Very High,Yes,Yes,Yes,No,Yes,Yes,Croissant,Evening,Fruity,Cold,India
SB02694,Chai Cold Brew,Cold Brew,Tall,Cold,"A handcrafted Chai Cold Brew prepared with premium Starbucks-style coffee or tea, almond milk, none syrup and carefully balanced flavors.",Almond,4,None,Chocolate Shavings,Low,21,41,7,13.1,26.9,6.22,528.7,3.9,15858,Medium,Yes,No,Yes,No,Yes,Yes,Sandwich,Evening,Bold,Cold,India
SB02695,Mango Flat White,Flat White,Tall,Cold,"A handcrafted Mango Flat White prepared with premium Starbucks-style coffee or tea, oat milk, none syrup and carefully balanced flavors.",Soy,4,None,None,Medium,148,574,66,14.5,29.3,2.85,242.25,4.3,47413,Very High,No,Yes,Yes,Yes,Yes,Yes,Sandwich,Morning,Bold,Cold,Canada
SB02696,Java Chip Mocha,Mocha,Grande,Cold,"A handcrafted Java Chip Mocha prepared with premium Starbucks-style coffee or tea, whole milk, toffee nut syrup and carefully balanced flavors.",Whole,2,None,Chocolate Shavings,High,116,449,45,16.1,7.7,5.93,504.05,4.0,47321,Very High,Yes,Yes,Yes,No,No,No,Cheesecake,Evening,Chocolatey,Cold,Global
SB02697,Classic Americano,Americano,Venti,Cold,"A handcrafted Classic Americano prepared with premium Starbucks-style coffee or tea, soy milk, classic syrup and carefully balanced flavors.",Almond,0,Caramel,Caramel Drizzle,High,222,589,66,3.9,20.7,5.07,430.95,3.7,43460,Very High,Yes,No,Yes,No,No,Yes,Cookie,Morning,Bold,Cold,UK
SB02698,Matcha Macchiato,Macchiato,Grande,Hot,"A handcrafted Matcha Macchiato prepared with premium Starbucks-style coffee or tea, almond milk, classic syrup and carefully balanced flavors.",Oat,4,Hazelnut,Whipped Cream,Medium,199,208,27,1.9,13.3,4.83,410.55,4.5,25620,High,Yes,Yes,Yes,No,Yes,No,Cookie,Evening,Creamy,Hot,UK
SB02699,Java Chip Flat White,Flat White,Grande,Cold,"A handcrafted Java Chip Flat White prepared with premium Starbucks-style coffee or tea, almond milk, caramel syrup and carefully balanced flavors.",Whole,0,Toffee Nut,None,Medium,69,569,42,9.9,26.8,7.05,599.25,4.9,40822,Very High,No,No,Yes,No,Yes,No,Blueberry Muffin,Evening,Creamy,Cold,USA
SB02700,Matcha Frappuccino,Frappuccino,Tall,Cold,"A handcrafted Matcha Frappuccino prepared with premium Starbucks-style coffee or tea, whole milk, toffee nut syrup and carefully balanced flavors.",Soy,0,Classic,None,Low,81,31,7,8.4,10.8,5.36,455.6,4.3,6814,Low,No,No,Yes,No,No,No,Blueberry Muffin,Afternoon,Sweet,Cold,Canada
SB02701,Mango Americano,Americano,Venti,Cold,"A handcrafted Mango Americano prepared with premium Starbucks-style coffee or tea, skim milk, classic syrup and carefully balanced flavors.",Almond,1,None,Chocolate Shavings,High,166,520,2,1.3,4.7,4.84,411.4,3.8,31020,High,No,No,Yes,No,Yes,Yes,Cheesecake,Morning,Fruity,Cold,Global
SB02702,Mango Flat White,Flat White,Venti,Cold,"A handcrafted Mango Flat White prepared with premium Starbucks-style coffee or tea, coconut milk, classic syrup and carefully balanced flavors.",Soy,1,Hazelnut,Caramel Drizzle,Medium,37,233,61,7.6,24.3,6.89,585.65,4.5,25093,High,No,No,Yes,Yes,Yes,No,Sandwich,Afternoon,Sweet,Cold,Global
SB02703,Strawberry Latte,Latte,Tall,Hot,"A handcrafted Strawberry Latte prepared with premium Starbucks-style coffee or tea, soy milk, vanilla syrup and carefully balanced flavors.",Almond,2,Vanilla,None,Low,150,150,59,17.2,13.6,8.4,714.0,3.9,46178,Very High,Yes,No,Yes,Yes,Yes,No,Sandwich,Morning,Sweet,Hot,UK
SB02704,Strawberry Cold Brew,Cold Brew,Tall,Cold,"A handcrafted Strawberry Cold Brew prepared with premium Starbucks-style coffee or tea, soy milk, none syrup and carefully balanced flavors.",Coconut,4,Classic,Caramel Drizzle,Medium,90,548,50,1.2,16.7,7.78,661.3,4.4,11056,Medium,Yes,Yes,Yes,No,Yes,Yes,Sandwich,Morning,Bold,Cold,USA
SB02705,Mocha Cappuccino,Cappuccino,Venti,Hot,"A handcrafted Mocha Cappuccino prepared with premium Starbucks-style coffee or tea, oat milk, toffee nut syrup and carefully balanced flavors.",Oat,2,Classic,Whipped Cream,Low,48,591,64,6.3,13.4,7.73,657.05,4.8,23301,Medium,No,No,Yes,No,Yes,Yes,Blueberry Muffin,Afternoon,Bold,Hot,Japan
SB02706,Hazelnut Mocha,Mocha,Tall,Hot,"A handcrafted Hazelnut Mocha prepared with premium Starbucks-style coffee or tea, coconut milk, none syrup and carefully balanced flavors.",Coconut,2,Caramel,Caramel Drizzle,Medium,167,213,37,19.4,15.7,7.32,622.2,4.3,35925,High,Yes,Yes,Yes,No,Yes,No,Croissant,Morning,Nutty,Hot,USA
SB02707,Chai Frappuccino,Frappuccino,Tall,Cold,"A handcrafted Chai Frappuccino prepared with premium Starbucks-style coffee or tea, oat milk, none syrup and carefully balanced flavors.",Almond,0,Hazelnut,Chocolate Shavings,High,127,65,39,10.3,25.2,5.55,471.75,3.6,7917,Low,Yes,No,Yes,No,No,No,Cookie,Afternoon,Nutty,Cold,Global
SB02708,Classic Cold Brew,Cold Brew,Tall,Cold,"A handcrafted Classic Cold Brew prepared with premium Starbucks-style coffee or tea, coconut milk, hazelnut syrup and carefully balanced flavors.",Coconut,0,Classic,None,Low,63,395,70,15.1,26.7,2.98,253.3,4.1,7122,Low,No,No,Yes,No,Yes,Yes,Croissant,Afternoon,Bold,Cold,Global
SB02709,Chai Tea,Tea,Tall,Cold,"A handcrafted Chai Tea prepared with premium Starbucks-style coffee or tea, oat milk, classic syrup and carefully balanced flavors.",Coconut,3,Vanilla,Whipped Cream,Low,122,338,25,10.3,19.3,6.89,585.65,3.8,9495,Low,No,Yes,Yes,No,Yes,No,Croissant,Morning,Creamy,Cold,UK
SB02710,Chai Latte,Latte,Tall,Cold,"A handcrafted Chai Latte prepared with premium Starbucks-style coffee or tea, oat milk, vanilla syrup and carefully balanced flavors.",Almond,2,Hazelnut,Caramel Drizzle,Medium,56,552,50,5.1,26.6,4.93,419.05,3.9,5885,Low,No,Yes,Yes,No,Yes,No,Blueberry Muffin,Evening,Nutty,Cold,India
SB02711,Caramel Flat White,Flat White,Tall,Cold,"A handcrafted Caramel Flat White prepared with premium Starbucks-style coffee or tea, coconut milk, vanilla syrup and carefully balanced flavors.",Skim,2,None,Caramel Drizzle,Low,152,412,34,1.1,7.4,8.35,709.75,4.4,9305,Low,No,Yes,Yes,No,Yes,No,Cheesecake,Evening,Chocolatey,Cold,Global
SB02712,Mango Cold Brew,Cold Brew,Grande,Cold,"A handcrafted Mango Cold Brew prepared with premium Starbucks-style coffee or tea, soy milk, toffee nut syrup and carefully balanced flavors.",Whole,3,Vanilla,Chocolate Shavings,Low,100,194,63,17.7,24.1,2.81,238.85,4.5,47678,Very High,No,Yes,Yes,Yes,Yes,No,Cookie,Afternoon,Nutty,Cold,Japan
SB02713,White Mocha Americano,Americano,Tall,Hot,"A handcrafted White Mocha Americano prepared with premium Starbucks-style coffee or tea, oat milk, toffee nut syrup and carefully balanced flavors.",Soy,0,Caramel,None,Medium,262,405,38,0.4,5.7,5.03,427.55,4.8,3722,Low,No,Yes,Yes,No,Yes,Yes,Sandwich,Morning,Fruity,Hot,Japan
SB02714,Chai Espresso,Espresso,Grande,Hot,"A handcrafted Chai Espresso prepared with premium Starbucks-style coffee or tea, coconut milk, hazelnut syrup and carefully balanced flavors.",Whole,1,Classic,Caramel Drizzle,High,27,102,35,6.3,1.8,5.88,499.8,4.6,6367,Low,Yes,Yes,Yes,Yes,Yes,No,Cheesecake,Morning,Chocolatey,Hot,UK
SB02715,Strawberry Mocha,Mocha,Tall,Hot,"A handcrafted Strawberry Mocha prepared with premium Starbucks-style coffee or tea, soy milk, classic syrup and carefully balanced flavors.",Skim,2,None,Caramel Drizzle,Low,215,299,45,7.4,8.6,7.27,617.95,3.9,13422,Medium,No,Yes,Yes,No,Yes,Yes,Croissant,Evening,Creamy,Hot,UK
SB02716,Matcha Refresher,Refresher,Tall,Cold,"A handcrafted Matcha Refresher prepared with premium Starbucks-style coffee or tea, almond milk, none syrup and carefully balanced flavors.",Almond,0,Vanilla,Chocolate Shavings,Medium,74,619,3,11.9,26.4,8.12,690.2,3.7,20986,Medium,Yes,No,Yes,Yes,No,Yes,Blueberry Muffin,Afternoon,Chocolatey,Cold,Canada
SB02717,Mango Flat White,Flat White,Tall,Hot,"A handcrafted Mango Flat White prepared with premium Starbucks-style coffee or tea, whole milk, toffee nut syrup and carefully balanced flavors.",Skim,4,Caramel,Chocolate Shavings,High,285,197,8,5.2,14.6,2.51,213.35,3.9,10572,Medium,No,No,Yes,Yes,Yes,No,Sandwich,Afternoon,Nutty,Hot,UK
SB02718,Chai Macchiato,Macchiato,Venti,Hot,"A handcrafted Chai Macchiato prepared with premium Starbucks-style coffee or tea, soy milk, toffee nut syrup and carefully balanced flavors.",Oat,4,None,Whipped Cream,Medium,34,407,63,10.9,17.7,5.39,458.15,3.6,10775,Medium,Yes,Yes,Yes,Yes,Yes,No,Sandwich,Evening,Chocolatey,Hot,Japan
SB02719,Classic Macchiato,Macchiato,Grande,Cold,"A handcrafted Classic Macchiato prepared with premium Starbucks-style coffee or tea, coconut milk, none syrup and carefully balanced flavors.",Soy,0,None,Chocolate Shavings,Medium,127,597,62,17.1,17.1,4.22,358.7,4.9,4888,Low,No,No,Yes,Yes,Yes,Yes,Cookie,Afternoon,Fruity,Cold,Canada
SB02720,Chai Latte,Latte,Tall,Cold,"A handcrafted Chai Latte prepared with premium Starbucks-style coffee or tea, whole milk, classic syrup and carefully balanced flavors.",Oat,4,Toffee Nut,Whipped Cream,Medium,110,214,65,1.0,22.9,7.79,662.15,3.8,39797,High,Yes,No,Yes,No,No,No,Blueberry Muffin,Morning,Chocolatey,Cold,Canada
SB02721,Matcha Cold Brew,Cold Brew,Grande,Cold,"A handcrafted Matcha Cold Brew prepared with premium Starbucks-style coffee or tea, skim milk, classic syrup and carefully balanced flavors.",Whole,0,Caramel,Whipped Cream,High,290,449,11,14.0,9.8,3.16,268.6,3.6,45493,Very High,No,No,Yes,No,No,Yes,Croissant,Evening,Bold,Cold,Canada
SB02722,Chai Mocha,Mocha,Tall,Cold,"A handcrafted Chai Mocha prepared with premium Starbucks-style coffee or tea, soy milk, vanilla syrup and carefully balanced flavors.",Skim,4,Caramel,Caramel Drizzle,High,48,341,44,10.6,25.7,5.14,436.9,4.6,24270,Medium,Yes,No,Yes,Yes,Yes,Yes,Cookie,Evening,Bold,Cold,USA
SB02723,Hazelnut Tea,Tea,Venti,Cold,"A handcrafted Hazelnut Tea prepared with premium Starbucks-style coffee or tea, coconut milk, vanilla syrup and carefully balanced flavors.",Almond,2,Classic,None,Low,188,570,51,14.8,11.6,6.18,525.3,5.0,46638,Very High,No,Yes,Yes,Yes,Yes,No,Croissant,Morning,Chocolatey,Cold,USA
SB02724,Mocha Macchiato,Macchiato,Tall,Hot,"A handcrafted Mocha Macchiato prepared with premium Starbucks-style coffee or tea, soy milk, caramel syrup and carefully balanced flavors.",Almond,0,Vanilla,Whipped Cream,Low,250,237,44,13.8,8.9,7.98,678.3,4.4,8643,Low,Yes,No,Yes,Yes,No,No,Cheesecake,Afternoon,Creamy,Hot,UK
SB02725,Classic Cold Brew,Cold Brew,Grande,Cold,"A handcrafted Classic Cold Brew prepared with premium Starbucks-style coffee or tea, almond milk, caramel syrup and carefully balanced flavors.",Oat,4,Hazelnut,Caramel Drizzle,Medium,262,315,2,7.8,8.4,5.43,461.55,4.9,6113,Low,Yes,No,Yes,Yes,No,No,Sandwich,Morning,Chocolatey,Cold,Japan
SB02726,Matcha Americano,Americano,Tall,Hot,"A handcrafted Matcha Americano prepared with premium Starbucks-style coffee or tea, oat milk, none syrup and carefully balanced flavors.",Oat,4,Hazelnut,Caramel Drizzle,High,290,312,18,7.7,29.9,7.37,626.45,3.9,48602,Very High,No,No,Yes,No,Yes,Yes,Blueberry Muffin,Morning,Nutty,Hot,Canada
SB02727,Chai Cold Brew,Cold Brew,Grande,Cold,"A handcrafted Chai Cold Brew prepared with premium Starbucks-style coffee or tea, oat milk, vanilla syrup and carefully balanced flavors.",Coconut,1,Hazelnut,Caramel Drizzle,Medium,104,475,21,11.8,27.7,3.35,284.75,4.3,39759,High,No,No,Yes,No,No,No,Cheesecake,Afternoon,Chocolatey,Cold,Japan
SB02728,Strawberry Frappuccino,Frappuccino,Grande,Cold,"A handcrafted Strawberry Frappuccino prepared with premium Starbucks-style coffee or tea, skim milk, toffee nut syrup and carefully balanced flavors.",Whole,4,Caramel,Chocolate Shavings,Low,23,127,39,14.1,29.7,4.62,392.7,3.7,10146,Medium,Yes,Yes,Yes,Yes,No,Yes,Cheesecake,Morning,Bold,Cold,USA
SB02729,Chai Espresso,Espresso,Tall,Cold,"A handcrafted Chai Espresso prepared with premium Starbucks-style coffee or tea, coconut milk, classic syrup and carefully balanced flavors.",Almond,3,Toffee Nut,None,High,259,114,14,3.6,0.7,2.98,253.3,4.7,13031,Medium,No,Yes,Yes,No,Yes,No,Cheesecake,Morning,Creamy,Cold,Canada
SB02730,Mocha Flat White,Flat White,Tall,Cold,"A handcrafted Mocha Flat White prepared with premium Starbucks-style coffee or tea, almond milk, none syrup and carefully balanced flavors.",Coconut,1,Caramel,Chocolate Shavings,Medium,100,346,29,10.2,19.2,4.52,384.2,4.7,29161,High,Yes,Yes,Yes,No,No,Yes,Blueberry Muffin,Afternoon,Chocolatey,Cold,UK
SB02731,White Mocha Frappuccino,Frappuccino,Venti,Cold,"A handcrafted White Mocha Frappuccino prepared with premium Starbucks-style coffee or tea, coconut milk, caramel syrup and carefully balanced flavors.",Whole,3,Caramel,Chocolate Shavings,High,92,624,10,0.6,28.7,7.47,634.95,3.9,28312,High,No,No,Yes,No,Yes,Yes,Cookie,Evening,Sweet,Cold,India
SB02732,Chai Macchiato,Macchiato,Tall,Hot,"A handcrafted Chai Macchiato prepared with premium Starbucks-style coffee or tea, whole milk, toffee nut syrup and carefully balanced flavors.",Skim,2,Toffee Nut,None,High,232,232,0,12.5,24.7,6.57,558.45,3.9,33099,High,Yes,No,Yes,Yes,No,Yes,Cookie,Afternoon,Nutty,Hot,Japan
SB02733,Strawberry Latte,Latte,Grande,Hot,"A handcrafted Strawberry Latte prepared with premium Starbucks-style coffee or tea, coconut milk, toffee nut syrup and carefully balanced flavors.",Whole,0,Classic,Chocolate Shavings,High,250,118,38,2.9,9.6,5.74,487.9,4.9,8675,Low,No,Yes,Yes,Yes,Yes,No,Sandwich,Afternoon,Fruity,Hot,India
SB02734,Java Chip Cold Brew,Cold Brew,Tall,Cold,"A handcrafted Java Chip Cold Brew prepared with premium Starbucks-style coffee or tea, soy milk, vanilla syrup and carefully balanced flavors.",Almond,0,Hazelnut,None,Low,4,34,62,9.4,16.8,6.64,564.4,3.6,19212,Medium,No,Yes,Yes,Yes,Yes,No,Sandwich,Afternoon,Bold,Cold,India
SB02735,Java Chip Tea,Tea,Grande,Cold,"A handcrafted Java Chip Tea prepared with premium Starbucks-style coffee or tea, soy milk, none syrup and carefully balanced flavors.",Skim,3,Toffee Nut,None,Low,279,357,22,5.5,27.0,6.51,553.35,3.9,34391,High,Yes,No,Yes,Yes,Yes,No,Blueberry Muffin,Morning,Sweet,Cold,Global
SB02736,Caramel Flat White,Flat White,Venti,Hot,"A handcrafted Caramel Flat White prepared with premium Starbucks-style coffee or tea, soy milk, hazelnut syrup and carefully balanced flavors.",Soy,1,Toffee Nut,None,High,175,110,37,5.8,9.9,8.01,680.85,4.7,37455,High,Yes,Yes,Yes,Yes,Yes,No,Cheesecake,Morning,Chocolatey,Hot,UK
SB02737,Hazelnut Refresher,Refresher,Grande,Cold,"A handcrafted Hazelnut Refresher prepared with premium Starbucks-style coffee or tea, skim milk, vanilla syrup and carefully balanced flavors.",Oat,1,Hazelnut,Chocolate Shavings,Low,284,631,68,7.5,17.9,5.42,460.7,3.6,7510,Low,Yes,Yes,Yes,No,Yes,Yes,Cookie,Afternoon,Nutty,Cold,Canada
SB02738,White Mocha Latte,Latte,Venti,Cold,"A handcrafted White Mocha Latte prepared with premium Starbucks-style coffee or tea, soy milk, vanilla syrup and carefully balanced flavors.",Skim,3,Caramel,Caramel Drizzle,High,60,137,60,11.1,16.7,6.58,559.3,3.8,41212,Very High,Yes,No,Yes,Yes,No,Yes,Blueberry Muffin,Afternoon,Chocolatey,Cold,Global
SB02739,Java Chip Cappuccino,Cappuccino,Venti,Hot,"A handcrafted Java Chip Cappuccino prepared with premium Starbucks-style coffee or tea, soy milk, caramel syrup and carefully balanced flavors.",Coconut,0,Vanilla,Whipped Cream,Low,81,511,41,17.4,19.6,6.24,530.4,4.4,4131,Low,Yes,Yes,Yes,Yes,Yes,No,Sandwich,Afternoon,Sweet,Hot,Canada
SB02740,Chai Americano,Americano,Tall,Hot,"A handcrafted Chai Americano prepared with premium Starbucks-style coffee or tea, whole milk, classic syrup and carefully balanced flavors.",Almond,4,Caramel,None,High,228,468,64,9.1,27.3,7.0,595.0,4.1,36742,High,No,No,Yes,Yes,No,No,Croissant,Morning,Sweet,Hot,Global
SB02741,Chai Cappuccino,Cappuccino,Grande,Hot,"A handcrafted Chai Cappuccino prepared with premium Starbucks-style coffee or tea, oat milk, vanilla syrup and carefully balanced flavors.",Coconut,0,Caramel,Whipped Cream,High,232,106,23,7.3,10.1,6.43,546.55,4.7,1738,Low,Yes,No,Yes,No,No,No,Sandwich,Afternoon,Creamy,Hot,USA
SB02742,Classic Latte,Latte,Tall,Hot,"A handcrafted Classic Latte prepared with premium Starbucks-style coffee or tea, skim milk, hazelnut syrup and carefully balanced flavors.",Soy,0,Caramel,Chocolate Shavings,Low,174,508,38,11.1,14.8,6.01,510.85,4.7,34871,High,No,No,Yes,Yes,No,Yes,Blueberry Muffin,Evening,Creamy,Hot,Japan
SB02743,Classic Frappuccino,Frappuccino,Grande,Cold,"A handcrafted Classic Frappuccino prepared with premium Starbucks-style coffee or tea, oat milk, hazelnut syrup and carefully balanced flavors.",Oat,1,Caramel,Caramel Drizzle,High,196,73,26,0.6,5.6,6.55,556.75,4.1,24731,Medium,Yes,Yes,Yes,No,Yes,No,Blueberry Muffin,Morning,Fruity,Cold,India
SB02744,White Mocha Frappuccino,Frappuccino,Grande,Cold,"A handcrafted White Mocha Frappuccino prepared with premium Starbucks-style coffee or tea, skim milk, caramel syrup and carefully balanced flavors.",Soy,4,None,Chocolate Shavings,High,194,315,45,17.2,5.3,8.06,685.1,4.5,47188,Very High,Yes,Yes,Yes,Yes,Yes,No,Sandwich,Afternoon,Chocolatey,Cold,USA
SB02745,Chai Frappuccino,Frappuccino,Grande,Cold,"A handcrafted Chai Frappuccino prepared with premium Starbucks-style coffee or tea, coconut milk, caramel syrup and carefully balanced flavors.",Coconut,0,Hazelnut,None,Low,288,446,34,19.4,24.0,5.08,431.8,4.4,40136,Very High,Yes,No,Yes,Yes,Yes,No,Croissant,Morning,Creamy,Cold,USA
SB02746,Caramel Latte,Latte,Grande,Hot,"A handcrafted Caramel Latte prepared with premium Starbucks-style coffee or tea, skim milk, caramel syrup and carefully balanced flavors.",Oat,2,Toffee Nut,Chocolate Shavings,Low,144,196,38,14.7,4.0,5.02,426.7,4.1,7519,Low,Yes,Yes,Yes,No,Yes,Yes,Cookie,Morning,Creamy,Hot,Canada
SB02747,Matcha Mocha,Mocha,Grande,Hot,"A handcrafted Matcha Mocha prepared with premium Starbucks-style coffee or tea, coconut milk, classic syrup and carefully balanced flavors.",Skim,2,Classic,Caramel Drizzle,Low,118,207,69,19.6,13.4,7.03,597.55,4.2,12410,Medium,Yes,No,Yes,Yes,No,Yes,Croissant,Evening,Bold,Hot,Global
SB02748,White Mocha Frappuccino,Frappuccino,Venti,Cold,"A handcrafted White Mocha Frappuccino prepared with premium Starbucks-style coffee or tea, whole milk, toffee nut syrup and carefully balanced flavors.",Skim,0,Toffee Nut,Caramel Drizzle,Low,162,639,44,13.3,29.3,8.12,690.2,4.0,21277,Medium,No,Yes,Yes,Yes,Yes,No,Sandwich,Afternoon,Sweet,Cold,India
SB02749,Classic Americano,Americano,Grande,Cold,"A handcrafted Classic Americano prepared with premium Starbucks-style coffee or tea, soy milk, classic syrup and carefully balanced flavors.",Oat,3,Classic,Caramel Drizzle,Medium,295,403,4,7.2,12.7,3.25,276.25,3.8,33658,High,No,Yes,Yes,Yes,No,No,Cheesecake,Morning,Chocolatey,Cold,Japan
SB02750,White Mocha Americano,Americano,Tall,Cold,"A handcrafted White Mocha Americano prepared with premium Starbucks-style coffee or tea, almond milk, none syrup and carefully balanced flavors.",Whole,3,Toffee Nut,Chocolate Shavings,High,118,243,8,8.8,1.7,6.66,566.1,4.8,21571,Medium,No,Yes,Yes,Yes,No,No,Blueberry Muffin,Evening,Chocolatey,Cold,USA
SB02751,Caramel Latte,Latte,Tall,Hot,"A handcrafted Caramel Latte prepared with premium Starbucks-style coffee or tea, oat milk, caramel syrup and carefully balanced flavors.",Oat,1,Toffee Nut,Whipped Cream,High,280,116,1,3.4,11.5,4.47,379.95,4.5,30698,High,No,Yes,Yes,No,Yes,Yes,Cheesecake,Evening,Nutty,Hot,USA
SB02752,White Mocha Cappuccino,Cappuccino,Tall,Hot,"A handcrafted White Mocha Cappuccino prepared with premium Starbucks-style coffee or tea, skim milk, none syrup and carefully balanced flavors.",Almond,3,Vanilla,Whipped Cream,Medium,12,649,18,17.2,9.9,5.27,447.95,4.2,47847,Very High,Yes,No,Yes,Yes,Yes,No,Cookie,Evening,Creamy,Hot,UK
SB02753,Caramel Refresher,Refresher,Tall,Cold,"A handcrafted Caramel Refresher prepared with premium Starbucks-style coffee or tea, soy milk, none syrup and carefully balanced flavors.",Almond,2,Hazelnut,None,Low,250,647,9,5.4,26.4,6.46,549.1,4.8,40478,Very High,Yes,No,Yes,Yes,Yes,No,Croissant,Morning,Fruity,Cold,Japan
SB02754,Chai Americano,Americano,Tall,Hot,"A handcrafted Chai Americano prepared with premium Starbucks-style coffee or tea, oat milk, classic syrup and carefully balanced flavors.",Whole,0,Classic,Whipped Cream,High,280,437,12,2.7,8.0,5.33,453.05,4.1,25016,High,No,Yes,Yes,No,No,No,Sandwich,Morning,Sweet,Hot,India
SB02755,Matcha Macchiato,Macchiato,Grande,Hot,"A handcrafted Matcha Macchiato prepared with premium Starbucks-style coffee or tea, whole milk, vanilla syrup and carefully balanced flavors.",Almond,4,Classic,Caramel Drizzle,Medium,136,252,18,6.1,19.9,7.04,598.4,3.6,18141,Medium,Yes,Yes,Yes,No,No,No,Croissant,Evening,Nutty,Hot,Japan
SB02756,Classic Americano,Americano,Tall,Cold,"A handcrafted Classic Americano prepared with premium Starbucks-style coffee or tea, almond milk, none syrup and carefully balanced flavors.",Oat,2,Caramel,Caramel Drizzle,Low,253,607,67,4.8,2.3,5.72,486.2,4.2,16553,Medium,Yes,No,Yes,Yes,Yes,No,Cheesecake,Evening,Fruity,Cold,Japan
SB02757,Caramel Cold Brew,Cold Brew,Grande,Cold,"A handcrafted Caramel Cold Brew prepared with premium Starbucks-style coffee or tea, soy milk, caramel syrup and carefully balanced flavors.",Soy,4,Caramel,Whipped Cream,High,250,222,69,14.1,28.8,7.66,651.1,3.6,11987,Medium,No,Yes,Yes,Yes,Yes,Yes,Cheesecake,Morning,Chocolatey,Cold,UK
SB02758,White Mocha Refresher,Refresher,Venti,Cold,"A handcrafted White Mocha Refresher prepared with premium Starbucks-style coffee or tea, oat milk, caramel syrup and carefully balanced flavors.",Soy,3,Classic,Caramel Drizzle,High,295,422,24,10.1,28.9,7.01,595.85,5.0,25878,High,Yes,Yes,Yes,No,Yes,No,Cheesecake,Afternoon,Chocolatey,Cold,USA
SB02759,Chai Frappuccino,Frappuccino,Venti,Cold,"A handcrafted Chai Frappuccino prepared with premium Starbucks-style coffee or tea, whole milk, none syrup and carefully balanced flavors.",Soy,1,Caramel,Caramel Drizzle,Medium,12,268,21,16.6,0.7,3.56,302.6,4.1,15977,Medium,No,Yes,Yes,No,Yes,No,Cookie,Afternoon,Sweet,Cold,Canada
SB02760,Caramel Mocha,Mocha,Tall,Hot,"A handcrafted Caramel Mocha prepared with premium Starbucks-style coffee or tea, soy milk, hazelnut syrup and carefully balanced flavors.",Whole,2,Toffee Nut,Caramel Drizzle,Low,119,292,14,9.1,12.2,6.65,565.25,4.2,49944,Very High,Yes,Yes,Yes,No,No,Yes,Cheesecake,Afternoon,Sweet,Hot,Canada
SB02761,White Mocha Cappuccino,Cappuccino,Venti,Cold,"A handcrafted White Mocha Cappuccino prepared with premium Starbucks-style coffee or tea, soy milk, classic syrup and carefully balanced flavors.",Whole,1,Classic,None,Low,249,413,43,15.7,1.9,3.78,321.3,4.1,48037,Very High,Yes,No,Yes,Yes,Yes,No,Blueberry Muffin,Morning,Sweet,Cold,UK
SB02762,Mocha Refresher,Refresher,Tall,Cold,"A handcrafted Mocha Refresher prepared with premium Starbucks-style coffee or tea, whole milk, toffee nut syrup and carefully balanced flavors.",Whole,3,Toffee Nut,None,High,274,354,22,4.8,12.9,5.74,487.9,3.5,26965,High,Yes,No,Yes,Yes,Yes,No,Sandwich,Morning,Sweet,Cold,Canada
SB02763,Strawberry Frappuccino,Frappuccino,Venti,Cold,"A handcrafted Strawberry Frappuccino prepared with premium Starbucks-style coffee or tea, oat milk, none syrup and carefully balanced flavors.",Coconut,2,Classic,None,Medium,51,638,16,14.9,27.0,3.09,262.65,4.4,24947,Medium,No,No,Yes,No,Yes,No,Blueberry Muffin,Afternoon,Creamy,Cold,UK
SB02764,Mango Espresso,Espresso,Grande,Hot,"A handcrafted Mango Espresso prepared with premium Starbucks-style coffee or tea, almond milk, caramel syrup and carefully balanced flavors.",Coconut,3,Caramel,None,High,238,162,44,18.9,3.6,3.34,283.9,4.5,10563,Medium,Yes,No,Yes,Yes,Yes,Yes,Sandwich,Morning,Nutty,Hot,Canada
SB02765,White Mocha Latte,Latte,Grande,Hot,"A handcrafted White Mocha Latte prepared with premium Starbucks-style coffee or tea, coconut milk, classic syrup and carefully balanced flavors.",Almond,3,None,Chocolate Shavings,High,131,198,66,7.8,17.8,5.5,467.5,4.0,44573,Very High,Yes,Yes,Yes,No,Yes,No,Cookie,Morning,Chocolatey,Hot,Canada
SB02766,White Mocha Refresher,Refresher,Grande,Cold,"A handcrafted White Mocha Refresher prepared with premium Starbucks-style coffee or tea, almond milk, none syrup and carefully balanced flavors.",Skim,3,Caramel,Whipped Cream,Medium,35,235,37,18.9,24.3,8.09,687.65,4.6,23182,Medium,Yes,Yes,Yes,Yes,No,No,Blueberry Muffin,Morning,Fruity,Cold,UK
SB02767,Java Chip Flat White,Flat White,Venti,Cold,"A handcrafted Java Chip Flat White prepared with premium Starbucks-style coffee or tea, whole milk, hazelnut syrup and carefully balanced flavors.",Skim,0,Vanilla,None,Low,251,329,24,3.9,29.8,8.43,716.55,3.7,47611,Very High,Yes,Yes,Yes,No,No,No,Croissant,Evening,Nutty,Cold,UK
SB02768,Strawberry Macchiato,Macchiato,Venti,Hot,"A handcrafted Strawberry Macchiato prepared with premium Starbucks-style coffee or tea, whole milk, classic syrup and carefully balanced flavors.",Oat,1,Hazelnut,None,Low,294,391,56,3.6,16.6,6.88,584.8,3.9,42622,Very High,Yes,Yes,Yes,Yes,Yes,Yes,Cookie,Morning,Bold,Hot,India
SB02769,Java Chip Espresso,Espresso,Tall,Cold,"A handcrafted Java Chip Espresso prepared with premium Starbucks-style coffee or tea, almond milk, caramel syrup and carefully balanced flavors.",Soy,1,None,Whipped Cream,High,106,431,39,19.5,7.3,7.27,617.95,4.5,16858,Medium,Yes,No,Yes,Yes,No,Yes,Cheesecake,Morning,Nutty,Cold,India
SB02770,Vanilla Espresso,Espresso,Tall,Cold,"A handcrafted Vanilla Espresso prepared with premium Starbucks-style coffee or tea, skim milk, classic syrup and carefully balanced flavors.",Whole,4,Vanilla,Chocolate Shavings,Low,293,374,3,5.7,16.4,5.24,445.4,3.7,44925,Very High,Yes,Yes,Yes,Yes,Yes,No,Cookie,Morning,Nutty,Cold,Global
SB02771,White Mocha Flat White,Flat White,Tall,Hot,"A handcrafted White Mocha Flat White prepared with premium Starbucks-style coffee or tea, skim milk, none syrup and carefully balanced flavors.",Oat,2,Hazelnut,Chocolate Shavings,Medium,137,154,31,12.6,20.9,4.28,363.8,3.6,33672,High,No,No,Yes,Yes,No,No,Sandwich,Morning,Chocolatey,Hot,Japan
SB02772,Mango Espresso,Espresso,Tall,Cold,"A handcrafted Mango Espresso prepared with premium Starbucks-style coffee or tea, oat milk, none syrup and carefully balanced flavors.",Oat,1,None,Whipped Cream,Medium,262,82,58,7.5,9.7,3.45,293.25,4.7,6956,Low,Yes,No,Yes,Yes,No,Yes,Cookie,Evening,Creamy,Cold,Global
SB02773,Mango Latte,Latte,Tall,Hot,"A handcrafted Mango Latte prepared with premium Starbucks-style coffee or tea, soy milk, classic syrup and carefully balanced flavors.",Whole,4,Caramel,Caramel Drizzle,Low,115,492,51,18.6,0.6,7.71,655.35,4.5,31521,High,No,Yes,Yes,No,No,No,Sandwich,Evening,Creamy,Hot,Global
SB02774,Strawberry Americano,Americano,Grande,Cold,"A handcrafted Strawberry Americano prepared with premium Starbucks-style coffee or tea, oat milk, toffee nut syrup and carefully balanced flavors.",Skim,0,Toffee Nut,Caramel Drizzle,Low,85,346,20,8.0,0.3,5.05,429.25,4.7,21512,Medium,Yes,Yes,Yes,Yes,Yes,No,Croissant,Afternoon,Bold,Cold,Global
SB02775,Matcha Cold Brew,Cold Brew,Tall,Cold,"A handcrafted Matcha Cold Brew prepared with premium Starbucks-style coffee or tea, coconut milk, vanilla syrup and carefully balanced flavors.",Almond,1,None,None,Medium,217,286,57,16.3,24.0,3.83,325.55,4.0,42725,Very High,Yes,No,Yes,No,No,No,Blueberry Muffin,Morning,Creamy,Cold,Global
SB02776,Chai Refresher,Refresher,Grande,Cold,"A handcrafted Chai Refresher prepared with premium Starbucks-style coffee or tea, whole milk, none syrup and carefully balanced flavors.",Soy,1,Vanilla,Caramel Drizzle,High,46,358,46,14.5,25.5,6.79,577.15,4.7,18234,Medium,Yes,Yes,Yes,Yes,No,Yes,Croissant,Morning,Bold,Cold,Japan
SB02777,Classic Americano,Americano,Venti,Hot,"A handcrafted Classic Americano prepared with premium Starbucks-style coffee or tea, oat milk, hazelnut syrup and carefully balanced flavors.",Soy,2,None,None,High,9,84,45,8.6,20.4,3.94,334.9,4.5,26237,High,No,Yes,Yes,No,No,No,Blueberry Muffin,Evening,Nutty,Hot,Global
SB02778,Hazelnut Mocha,Mocha,Tall,Cold,"A handcrafted Hazelnut Mocha prepared with premium Starbucks-style coffee or tea, skim milk, classic syrup and carefully balanced flavors.",Oat,4,Classic,Whipped Cream,High,114,569,51,19.1,26.7,6.28,533.8,3.9,15952,Medium,Yes,Yes,Yes,No,Yes,No,Cookie,Evening,Nutty,Cold,India
SB02779,Caramel Mocha,Mocha,Venti,Hot,"A handcrafted Caramel Mocha prepared with premium Starbucks-style coffee or tea, soy milk, hazelnut syrup and carefully balanced flavors.",Almond,3,Vanilla,Whipped Cream,Low,283,259,57,6.0,9.9,7.72,656.2,4.3,23276,Medium,No,Yes,Yes,Yes,No,Yes,Cookie,Evening,Sweet,Hot,UK
SB02780,Classic Macchiato,Macchiato,Venti,Cold,"A handcrafted Classic Macchiato prepared with premium Starbucks-style coffee or tea, whole milk, vanilla syrup and carefully balanced flavors.",Whole,0,Vanilla,Whipped Cream,Low,140,94,23,7.8,1.5,5.41,459.85,4.9,6186,Low,No,Yes,Yes,No,No,Yes,Croissant,Afternoon,Fruity,Cold,Global
SB02781,Matcha Macchiato,Macchiato,Venti,Cold,"A handcrafted Matcha Macchiato prepared with premium Starbucks-style coffee or tea, coconut milk, toffee nut syrup and carefully balanced flavors.",Skim,3,Caramel,Chocolate Shavings,High,7,86,11,15.3,6.9,6.93,589.05,4.2,34739,High,Yes,Yes,Yes,Yes,No,No,Cheesecake,Evening,Chocolatey,Cold,Canada
SB02782,Caramel Latte,Latte,Grande,Cold,"A handcrafted Caramel Latte prepared with premium Starbucks-style coffee or tea, soy milk, vanilla syrup and carefully balanced flavors.",Skim,4,Classic,Caramel Drizzle,Low,13,413,34,7.6,15.1,6.13,521.05,3.7,3903,Low,No,Yes,Yes,No,Yes,Yes,Croissant,Evening,Chocolatey,Cold,USA
SB02783,Strawberry Latte,Latte,Tall,Hot,"A handcrafted Strawberry Latte prepared with premium Starbucks-style coffee or tea, whole milk, caramel syrup and carefully balanced flavors.",Coconut,1,Hazelnut,Caramel Drizzle,Low,19,326,63,4.1,14.0,4.64,394.4,3.9,30253,High,Yes,No,Yes,Yes,Yes,No,Cheesecake,Afternoon,Sweet,Hot,Canada
SB02784,Matcha Tea,Tea,Grande,Cold,"A handcrafted Matcha Tea prepared with premium Starbucks-style coffee or tea, almond milk, vanilla syrup and carefully balanced flavors.",Whole,2,Caramel,None,Low,229,423,34,12.1,4.1,3.0,255.0,4.7,42119,Very High,No,Yes,Yes,Yes,No,No,Cookie,Afternoon,Chocolatey,Cold,India
SB02785,Hazelnut Macchiato,Macchiato,Venti,Hot,"A handcrafted Hazelnut Macchiato prepared with premium Starbucks-style coffee or tea, almond milk, none syrup and carefully balanced flavors.",Coconut,0,Classic,Caramel Drizzle,Medium,140,241,64,8.4,24.6,3.79,322.15,4.0,23273,Medium,Yes,Yes,Yes,No,No,No,Croissant,Morning,Sweet,Hot,India
SB02786,Classic Espresso,Espresso,Grande,Hot,"A handcrafted Classic Espresso prepared with premium Starbucks-style coffee or tea, soy milk, hazelnut syrup and carefully balanced flavors.",Skim,1,Toffee Nut,Whipped Cream,High,233,577,56,10.2,29.4,7.37,626.45,4.2,34365,High,No,Yes,Yes,No,Yes,Yes,Cheesecake,Morning,Creamy,Hot,Global
SB02787,Matcha Espresso,Espresso,Venti,Hot,"A handcrafted Matcha Espresso prepared with premium Starbucks-style coffee or tea, skim milk, vanilla syrup and carefully balanced flavors.",Whole,4,Toffee Nut,Chocolate Shavings,Medium,294,439,54,5.9,28.8,7.39,628.15,3.8,13752,Medium,No,No,Yes,No,Yes,Yes,Croissant,Evening,Bold,Hot,UK
SB02788,Java Chip Refresher,Refresher,Tall,Cold,"A handcrafted Java Chip Refresher prepared with premium Starbucks-style coffee or tea, soy milk, classic syrup and carefully balanced flavors.",Oat,3,Classic,Caramel Drizzle,Medium,0,285,59,12.2,1.3,7.96,676.6,3.8,44873,Very High,No,Yes,Yes,Yes,Yes,Yes,Blueberry Muffin,Afternoon,Fruity,Cold,Global
SB02789,White Mocha Cappuccino,Cappuccino,Venti,Cold,"A handcrafted White Mocha Cappuccino prepared with premium Starbucks-style coffee or tea, soy milk, vanilla syrup and carefully balanced flavors.",Skim,0,Toffee Nut,Whipped Cream,High,93,310,33,2.4,18.0,5.37,456.45,4.2,48638,Very High,No,No,Yes,Yes,No,Yes,Blueberry Muffin,Evening,Creamy,Cold,USA
SB02790,Strawberry Cappuccino,Cappuccino,Tall,Hot,"A handcrafted Strawberry Cappuccino prepared with premium Starbucks-style coffee or tea, whole milk, caramel syrup and carefully balanced flavors.",Whole,4,None,Caramel Drizzle,Low,108,434,24,14.6,16.0,4.67,396.95,3.6,30840,High,No,No,Yes,Yes,No,No,Cheesecake,Afternoon,Creamy,Hot,India
SB02791,White Mocha Flat White,Flat White,Venti,Cold,"A handcrafted White Mocha Flat White prepared with premium Starbucks-style coffee or tea, almond milk, none syrup and carefully balanced flavors.",Whole,0,None,Whipped Cream,Medium,13,189,40,4.5,13.2,4.66,396.1,3.6,36903,High,No,No,Yes,No,No,Yes,Cookie,Afternoon,Bold,Cold,Global
SB02792,Java Chip Tea,Tea,Grande,Hot,"A handcrafted Java Chip Tea prepared with premium Starbucks-style coffee or tea, soy milk, none syrup and carefully balanced flavors.",Skim,0,Toffee Nut,None,Low,152,433,0,4.2,14.0,6.74,572.9,5.0,32713,High,Yes,No,Yes,No,Yes,Yes,Cookie,Morning,Sweet,Hot,Global
SB02793,Classic Mocha,Mocha,Venti,Cold,"A handcrafted Classic Mocha prepared with premium Starbucks-style coffee or tea, coconut milk, caramel syrup and carefully balanced flavors.",Skim,4,Vanilla,None,High,24,586,62,0.3,24.5,4.72,401.2,3.7,47124,Very High,Yes,Yes,Yes,Yes,No,Yes,Sandwich,Afternoon,Bold,Cold,Japan
SB02794,Mocha Flat White,Flat White,Grande,Cold,"A handcrafted Mocha Flat White prepared with premium Starbucks-style coffee or tea, almond milk, classic syrup and carefully balanced flavors.",Whole,4,None,Caramel Drizzle,Medium,46,333,6,7.9,1.4,3.65,310.25,4.3,27289,High,No,Yes,Yes,Yes,No,Yes,Sandwich,Afternoon,Sweet,Cold,UK
SB02795,White Mocha Cappuccino,Cappuccino,Venti,Cold,"A handcrafted White Mocha Cappuccino prepared with premium Starbucks-style coffee or tea, oat milk, hazelnut syrup and carefully balanced flavors.",Almond,0,Toffee Nut,None,High,237,131,33,13.4,25.6,7.7,654.5,4.0,25767,High,No,Yes,Yes,No,No,Yes,Blueberry Muffin,Evening,Chocolatey,Cold,Canada
SB02796,Java Chip Tea,Tea,Tall,Hot,"A handcrafted Java Chip Tea prepared with premium Starbucks-style coffee or tea, coconut milk, caramel syrup and carefully balanced flavors.",Coconut,0,Toffee Nut,Whipped Cream,Low,175,212,56,4.0,10.1,8.42,715.7,4.5,6898,Low,No,No,Yes,Yes,No,Yes,Cheesecake,Afternoon,Chocolatey,Hot,USA
SB02797,Hazelnut Frappuccino,Frappuccino,Grande,Cold,"A handcrafted Hazelnut Frappuccino prepared with premium Starbucks-style coffee or tea, soy milk, toffee nut syrup and carefully balanced flavors.",Soy,4,Hazelnut,Caramel Drizzle,Low,108,26,61,7.6,19.3,6.47,549.95,3.8,3350,Low,No,No,Yes,No,No,Yes,Blueberry Muffin,Evening,Creamy,Cold,USA
SB02798,Mocha Flat White,Flat White,Grande,Hot,"A handcrafted Mocha Flat White prepared with premium Starbucks-style coffee or tea, whole milk, classic syrup and carefully balanced flavors.",Whole,0,Toffee Nut,Caramel Drizzle,Medium,297,119,60,11.4,11.1,3.38,287.3,3.8,39019,High,Yes,Yes,Yes,No,Yes,Yes,Cookie,Morning,Nutty,Hot,UK
SB02799,Classic Cold Brew,Cold Brew,Tall,Cold,"A handcrafted Classic Cold Brew prepared with premium Starbucks-style coffee or tea, soy milk, vanilla syrup and carefully balanced flavors.",Almond,1,Classic,Whipped Cream,Medium,118,215,5,10.9,28.6,4.79,407.15,4.8,11643,Medium,No,Yes,Yes,No,No,Yes,Sandwich,Morning,Chocolatey,Cold,Canada
SB02800,Classic Latte,Latte,Tall,Hot,"A handcrafted Classic Latte prepared with premium Starbucks-style coffee or tea, whole milk, hazelnut syrup and carefully balanced flavors.",Soy,1,Caramel,Caramel Drizzle,Low,26,203,23,17.4,18.9,7.76,659.6,4.7,41374,Very High,Yes,Yes,Yes,Yes,No,No,Sandwich,Evening,Nutty,Hot,Japan
SB02801,Hazelnut Cold Brew,Cold Brew,Grande,Cold,"A handcrafted Hazelnut Cold Brew prepared with premium Starbucks-style coffee or tea, oat milk, classic syrup and carefully balanced flavors.",Whole,1,Hazelnut,None,Medium,102,136,50,1.8,15.2,7.7,654.5,4.2,5972,Low,No,No,Yes,No,No,Yes,Croissant,Morning,Sweet,Cold,India
SB02802,Matcha Cappuccino,Cappuccino,Venti,Hot,"A handcrafted Matcha Cappuccino prepared with premium Starbucks-style coffee or tea, oat milk, vanilla syrup and carefully balanced flavors.",Almond,3,None,None,High,279,247,57,5.7,29.1,5.37,456.45,3.5,14808,Medium,Yes,Yes,Yes,Yes,Yes,Yes,Blueberry Muffin,Morning,Sweet,Hot,USA
SB02803,Classic Americano,Americano,Venti,Hot,"A handcrafted Classic Americano prepared with premium Starbucks-style coffee or tea, whole milk, caramel syrup and carefully balanced flavors.",Whole,0,Vanilla,Caramel Drizzle,Medium,132,375,20,10.1,28.3,7.81,663.85,3.5,41340,Very High,Yes,Yes,Yes,Yes,Yes,No,Blueberry Muffin,Evening,Fruity,Hot,India
SB02804,Matcha Americano,Americano,Grande,Hot,"A handcrafted Matcha Americano prepared with premium Starbucks-style coffee or tea, coconut milk, none syrup and carefully balanced flavors.",Oat,2,Caramel,Whipped Cream,Medium,102,647,18,18.8,26.7,6.39,543.15,4.4,12662,Medium,No,Yes,Yes,No,No,Yes,Blueberry Muffin,Morning,Bold,Hot,Japan
SB02805,Vanilla Mocha,Mocha,Venti,Cold,"A handcrafted Vanilla Mocha prepared with premium Starbucks-style coffee or tea, skim milk, classic syrup and carefully balanced flavors.",Whole,2,Classic,None,High,179,324,51,18.7,1.7,8.49,721.65,4.2,23701,Medium,No,No,Yes,Yes,Yes,No,Blueberry Muffin,Afternoon,Sweet,Cold,Japan
SB02806,Mango Cappuccino,Cappuccino,Venti,Hot,"A handcrafted Mango Cappuccino prepared with premium Starbucks-style coffee or tea, almond milk, hazelnut syrup and carefully balanced flavors.",Oat,0,Toffee Nut,None,Medium,176,458,69,11.8,18.3,4.1,348.5,4.6,25805,High,No,Yes,Yes,No,No,Yes,Cookie,Morning,Nutty,Hot,Japan
SB02807,Classic Espresso,Espresso,Tall,Hot,"A handcrafted Classic Espresso prepared with premium Starbucks-style coffee or tea, oat milk, toffee nut syrup and carefully balanced flavors.",Coconut,2,Hazelnut,None,High,13,155,11,9.3,14.0,3.82,324.7,3.9,22789,Medium,No,No,Yes,No,Yes,No,Sandwich,Evening,Sweet,Hot,Canada
SB02808,Caramel Macchiato,Macchiato,Grande,Hot,"A handcrafted Caramel Macchiato prepared with premium Starbucks-style coffee or tea, soy milk, hazelnut syrup and carefully balanced flavors.",Coconut,2,None,None,Medium,106,47,61,3.4,23.8,8.25,701.25,4.6,40323,Very High,Yes,Yes,Yes,No,No,No,Blueberry Muffin,Morning,Bold,Hot,Japan
SB02809,Caramel Espresso,Espresso,Tall,Hot,"A handcrafted Caramel Espresso prepared with premium Starbucks-style coffee or tea, soy milk, classic syrup and carefully balanced flavors.",Soy,3,Caramel,Whipped Cream,Low,30,342,28,1.2,8.3,5.42,460.7,3.8,48097,Very High,No,Yes,Yes,Yes,Yes,Yes,Cheesecake,Evening,Sweet,Hot,Japan
SB02810,Caramel Macchiato,Macchiato,Grande,Hot,"A handcrafted Caramel Macchiato prepared with premium Starbucks-style coffee or tea, oat milk, classic syrup and carefully balanced flavors.",Skim,1,Vanilla,Chocolate Shavings,High,38,176,56,7.2,7.5,8.17,694.45,4.2,25436,High,Yes,No,Yes,No,Yes,No,Blueberry Muffin,Morning,Sweet,Hot,Japan
SB02811,Mango Refresher,Refresher,Tall,Cold,"A handcrafted Mango Refresher prepared with premium Starbucks-style coffee or tea, coconut milk, caramel syrup and carefully balanced flavors.",Coconut,1,Toffee Nut,None,Low,220,615,16,1.9,24.0,3.89,330.65,3.6,37065,High,No,No,Yes,Yes,Yes,No,Cheesecake,Evening,Sweet,Cold,Japan
SB02812,Classic Espresso,Espresso,Tall,Hot,"A handcrafted Classic Espresso prepared with premium Starbucks-style coffee or tea, almond milk, caramel syrup and carefully balanced flavors.",Coconut,3,None,Caramel Drizzle,Medium,193,411,39,5.3,10.8,8.19,696.15,4.0,21685,Medium,No,No,Yes,Yes,Yes,Yes,Sandwich,Morning,Sweet,Hot,Japan
SB02813,Strawberry Mocha,Mocha,Venti,Hot,"A handcrafted Strawberry Mocha prepared with premium Starbucks-style coffee or tea, oat milk, hazelnut syrup and carefully balanced flavors.",Coconut,2,Classic,Chocolate Shavings,Medium,150,449,26,8.3,15.0,8.25,701.25,5.0,26568,High,Yes,No,Yes,No,Yes,No,Blueberry Muffin,Evening,Bold,Hot,Japan
SB02814,Matcha Latte,Latte,Venti,Cold,"A handcrafted Matcha Latte prepared with premium Starbucks-style coffee or tea, whole milk, none syrup and carefully balanced flavors.",Almond,4,None,None,Low,65,43,51,19.6,2.4,3.67,311.95,3.5,22318,Medium,No,No,Yes,Yes,No,Yes,Cookie,Afternoon,Chocolatey,Cold,UK
SB02815,Chai Cold Brew,Cold Brew,Venti,Cold,"A handcrafted Chai Cold Brew prepared with premium Starbucks-style coffee or tea, oat milk, toffee nut syrup and carefully balanced flavors.",Whole,2,None,Chocolate Shavings,Low,129,431,35,7.0,9.7,5.71,485.35,4.9,28150,High,No,Yes,Yes,No,Yes,No,Sandwich,Evening,Creamy,Cold,India
SB02816,White Mocha Frappuccino,Frappuccino,Tall,Cold,"A handcrafted White Mocha Frappuccino prepared with premium Starbucks-style coffee or tea, skim milk, none syrup and carefully balanced flavors.",Oat,3,Toffee Nut,Caramel Drizzle,Low,117,148,60,17.1,28.4,5.91,502.35,4.8,48510,Very High,No,No,Yes,No,No,No,Croissant,Afternoon,Chocolatey,Cold,Japan
SB02817,White Mocha Cappuccino,Cappuccino,Venti,Hot,"A handcrafted White Mocha Cappuccino prepared with premium Starbucks-style coffee or tea, skim milk, vanilla syrup and carefully balanced flavors.",Almond,2,Hazelnut,None,High,212,376,6,18.3,13.1,6.99,594.15,3.9,23783,Medium,No,No,Yes,No,Yes,No,Blueberry Muffin,Morning,Chocolatey,Hot,Global
SB02818,Vanilla Frappuccino,Frappuccino,Grande,Cold,"A handcrafted Vanilla Frappuccino prepared with premium Starbucks-style coffee or tea, skim milk, caramel syrup and carefully balanced flavors.",Almond,0,Vanilla,Whipped Cream,Medium,239,439,11,3.4,1.3,3.84,326.4,4.6,769,Low,No,No,Yes,Yes,No,No,Croissant,Morning,Nutty,Cold,India
SB02819,Caramel Americano,Americano,Tall,Hot,"A handcrafted Caramel Americano prepared with premium Starbucks-style coffee or tea, skim milk, toffee nut syrup and carefully balanced flavors.",Oat,3,Caramel,Caramel Drizzle,Medium,266,273,70,2.2,22.6,4.33,368.05,4.1,9158,Low,No,No,Yes,Yes,Yes,No,Cookie,Afternoon,Nutty,Hot,USA
SB02820,Strawberry Flat White,Flat White,Tall,Cold,"A handcrafted Strawberry Flat White prepared with premium Starbucks-style coffee or tea, whole milk, caramel syrup and carefully balanced flavors.",Oat,2,Toffee Nut,None,Medium,93,81,65,9.1,28.5,7.33,623.05,3.9,41710,Very High,No,Yes,Yes,Yes,Yes,No,Sandwich,Afternoon,Sweet,Cold,Canada
SB02821,Caramel Cappuccino,Cappuccino,Venti,Hot,"A handcrafted Caramel Cappuccino prepared with premium Starbucks-style coffee or tea, whole milk, classic syrup and carefully balanced flavors.",Soy,1,Classic,Whipped Cream,Medium,246,288,62,4.5,15.0,7.84,666.4,3.8,32371,High,Yes,No,Yes,No,Yes,No,Cookie,Evening,Sweet,Hot,USA
SB02822,Java Chip Flat White,Flat White,Grande,Hot,"A handcrafted Java Chip Flat White prepared with premium Starbucks-style coffee or tea, oat milk, toffee nut syrup and carefully balanced flavors.",Almond,3,None,Chocolate Shavings,Low,230,440,52,6.2,9.7,4.51,383.35,4.8,6455,Low,Yes,Yes,Yes,Yes,No,Yes,Blueberry Muffin,Evening,Nutty,Hot,USA
SB02823,Classic Refresher,Refresher,Venti,Cold,"A handcrafted Classic Refresher prepared with premium Starbucks-style coffee or tea, almond milk, vanilla syrup and carefully balanced flavors.",Almond,2,None,None,Low,94,646,27,4.2,4.6,5.69,483.65,3.6,26747,High,Yes,Yes,Yes,No,Yes,Yes,Sandwich,Evening,Creamy,Cold,Canada
SB02824,Strawberry Cappuccino,Cappuccino,Grande,Hot,"A handcrafted Strawberry Cappuccino prepared with premium Starbucks-style coffee or tea, oat milk, caramel syrup and carefully balanced flavors.",Soy,2,None,Caramel Drizzle,Low,123,442,24,6.0,1.2,8.3,705.5,4.4,2107,Low,Yes,No,Yes,Yes,No,Yes,Cheesecake,Morning,Sweet,Hot,Canada
SB02825,Classic Refresher,Refresher,Venti,Cold,"A handcrafted Classic Refresher prepared with premium Starbucks-style coffee or tea, oat milk, hazelnut syrup and carefully balanced flavors.",Almond,4,None,None,Medium,64,166,26,4.8,25.8,4.72,401.2,4.6,1239,Low,Yes,Yes,Yes,Yes,Yes,No,Cheesecake,Evening,Chocolatey,Cold,Japan
SB02826,Hazelnut Mocha,Mocha,Grande,Hot,"A handcrafted Hazelnut Mocha prepared with premium Starbucks-style coffee or tea, almond milk, toffee nut syrup and carefully balanced flavors.",Oat,3,Classic,None,High,66,317,67,10.7,11.2,4.75,403.75,3.7,3266,Low,No,Yes,Yes,No,No,No,Croissant,Afternoon,Sweet,Hot,USA
SB02827,Matcha Espresso,Espresso,Venti,Cold,"A handcrafted Matcha Espresso prepared with premium Starbucks-style coffee or tea, soy milk, hazelnut syrup and carefully balanced flavors.",Almond,0,Classic,Chocolate Shavings,Low,276,388,15,19.2,28.6,7.46,634.1,4.2,17155,Medium,Yes,No,Yes,No,Yes,Yes,Cheesecake,Morning,Creamy,Cold,Canada
SB02828,Vanilla Flat White,Flat White,Tall,Cold,"A handcrafted Vanilla Flat White prepared with premium Starbucks-style coffee or tea, almond milk, toffee nut syrup and carefully balanced flavors.",Soy,2,Caramel,Caramel Drizzle,Low,293,197,20,18.5,28.7,8.05,684.25,4.2,22333,Medium,No,Yes,Yes,Yes,No,Yes,Sandwich,Afternoon,Chocolatey,Cold,USA
SB02829,Strawberry Flat White,Flat White,Tall,Hot,"A handcrafted Strawberry Flat White prepared with premium Starbucks-style coffee or tea, oat milk, classic syrup and carefully balanced flavors.",Whole,0,Vanilla,None,High,129,38,2,1.9,14.8,4.5,382.5,4.2,48247,Very High,Yes,No,Yes,Yes,No,Yes,Blueberry Muffin,Morning,Creamy,Hot,USA
SB02830,Mocha Americano,Americano,Tall,Cold,"A handcrafted Mocha Americano prepared with premium Starbucks-style coffee or tea, coconut milk, hazelnut syrup and carefully balanced flavors.",Almond,3,Classic,Caramel Drizzle,Medium,201,182,62,0.3,26.0,3.34,283.9,4.4,17860,Medium,No,Yes,Yes,No,Yes,Yes,Sandwich,Morning,Nutty,Cold,UK
SB02831,Strawberry Tea,Tea,Tall,Hot,"A handcrafted Strawberry Tea prepared with premium Starbucks-style coffee or tea, almond milk, vanilla syrup and carefully balanced flavors.",Soy,2,Hazelnut,Chocolate Shavings,Low,101,575,17,8.1,16.1,6.98,593.3,4.1,22463,Medium,No,Yes,Yes,No,No,No,Croissant,Afternoon,Fruity,Hot,UK
SB02832,Strawberry Tea,Tea,Tall,Cold,"A handcrafted Strawberry Tea prepared with premium Starbucks-style coffee or tea, almond milk, classic syrup and carefully balanced flavors.",Oat,2,Hazelnut,Chocolate Shavings,Medium,220,415,3,15.2,25.1,8.39,713.15,4.4,42718,Very High,No,Yes,Yes,No,No,Yes,Cookie,Evening,Sweet,Cold,USA
SB02833,Mocha Macchiato,Macchiato,Venti,Cold,"A handcrafted Mocha Macchiato prepared with premium Starbucks-style coffee or tea, oat milk, caramel syrup and carefully balanced flavors.",Soy,1,Classic,Chocolate Shavings,Medium,234,537,59,0.2,19.2,6.64,564.4,4.9,34048,High,No,Yes,Yes,No,No,Yes,Cookie,Afternoon,Sweet,Cold,India
SB02834,Classic Mocha,Mocha,Grande,Cold,"A handcrafted Classic Mocha prepared with premium Starbucks-style coffee or tea, whole milk, caramel syrup and carefully balanced flavors.",Skim,1,Vanilla,None,Medium,120,511,70,2.8,17.4,5.44,462.4,4.1,21535,Medium,Yes,Yes,Yes,No,No,No,Cookie,Evening,Chocolatey,Cold,UK
SB02835,Caramel Latte,Latte,Venti,Hot,"A handcrafted Caramel Latte prepared with premium Starbucks-style coffee or tea, coconut milk, hazelnut syrup and carefully balanced flavors.",Oat,1,Vanilla,Whipped Cream,Low,192,280,7,7.8,15.0,8.13,691.05,4.1,31759,High,Yes,Yes,Yes,No,No,No,Sandwich,Afternoon,Fruity,Hot,India
SB02836,Strawberry Espresso,Espresso,Grande,Hot,"A handcrafted Strawberry Espresso prepared with premium Starbucks-style coffee or tea, oat milk, toffee nut syrup and carefully balanced flavors.",Oat,0,Vanilla,Whipped Cream,Low,112,355,46,14.0,19.1,6.73,572.05,4.4,9924,Low,Yes,Yes,Yes,Yes,No,No,Cheesecake,Afternoon,Bold,Hot,Canada
SB02837,Hazelnut Latte,Latte,Venti,Hot,"A handcrafted Hazelnut Latte prepared with premium Starbucks-style coffee or tea, coconut milk, caramel syrup and carefully balanced flavors.",Almond,4,Classic,Chocolate Shavings,Medium,105,369,42,5.0,15.7,3.03,257.55,3.9,10985,Medium,Yes,Yes,Yes,Yes,No,Yes,Croissant,Afternoon,Fruity,Hot,UK
SB02838,Java Chip Latte,Latte,Tall,Hot,"A handcrafted Java Chip Latte prepared with premium Starbucks-style coffee or tea, coconut milk, toffee nut syrup and carefully balanced flavors.",Skim,1,Vanilla,Whipped Cream,High,140,156,54,3.4,24.6,3.24,275.4,4.9,17115,Medium,Yes,Yes,Yes,Yes,Yes,No,Blueberry Muffin,Morning,Chocolatey,Hot,UK
SB02839,Mango Macchiato,Macchiato,Grande,Hot,"A handcrafted Mango Macchiato prepared with premium Starbucks-style coffee or tea, soy milk, classic syrup and carefully balanced flavors.",Almond,1,None,Chocolate Shavings,Medium,179,328,45,13.8,29.9,6.29,534.65,4.8,17387,Medium,No,No,Yes,No,Yes,No,Cheesecake,Afternoon,Chocolatey,Hot,UK
SB02840,Caramel Tea,Tea,Grande,Hot,"A handcrafted Caramel Tea prepared with premium Starbucks-style coffee or tea, coconut milk, classic syrup and carefully balanced flavors.",Whole,3,Hazelnut,Chocolate Shavings,Low,220,265,20,18.6,26.9,6.11,519.35,3.6,12341,Medium,No,No,Yes,No,Yes,No,Blueberry Muffin,Evening,Fruity,Hot,Canada
SB02841,Hazelnut Latte,Latte,Venti,Cold,"A handcrafted Hazelnut Latte prepared with premium Starbucks-style coffee or tea, whole milk, none syrup and carefully balanced flavors.",Almond,2,Hazelnut,Chocolate Shavings,High,20,216,47,17.6,16.4,8.04,683.4,4.7,2964,Low,Yes,Yes,Yes,Yes,No,No,Croissant,Morning,Chocolatey,Cold,India
SB02842,Caramel Frappuccino,Frappuccino,Grande,Cold,"A handcrafted Caramel Frappuccino prepared with premium Starbucks-style coffee or tea, oat milk, vanilla syrup and carefully balanced flavors.",Soy,3,None,Whipped Cream,Low,162,284,24,9.9,10.9,5.84,496.4,4.3,21463,Medium,Yes,No,Yes,Yes,Yes,Yes,Cookie,Morning,Chocolatey,Cold,UK
SB02843,Vanilla Flat White,Flat White,Grande,Hot,"A handcrafted Vanilla Flat White prepared with premium Starbucks-style coffee or tea, almond milk, none syrup and carefully balanced flavors.",Whole,2,None,Caramel Drizzle,Low,201,232,63,5.6,27.4,7.08,601.8,4.1,20906,Medium,No,No,Yes,No,Yes,Yes,Cookie,Morning,Bold,Hot,Japan
SB02844,Mocha Refresher,Refresher,Tall,Cold,"A handcrafted Mocha Refresher prepared with premium Starbucks-style coffee or tea, whole milk, toffee nut syrup and carefully balanced flavors.",Soy,1,Vanilla,None,Medium,177,61,52,2.6,22.0,7.42,630.7,4.8,42547,Very High,Yes,No,Yes,Yes,Yes,Yes,Cheesecake,Afternoon,Bold,Cold,Japan
SB02845,Chai Latte,Latte,Venti,Hot,"A handcrafted Chai Latte prepared with premium Starbucks-style coffee or tea, oat milk, none syrup and carefully balanced flavors.",Soy,2,None,None,Medium,204,435,49,7.5,6.6,2.62,222.7,3.6,39136,High,No,No,Yes,No,No,No,Cheesecake,Morning,Fruity,Hot,India
SB02846,White Mocha Refresher,Refresher,Tall,Cold,"A handcrafted White Mocha Refresher prepared with premium Starbucks-style coffee or tea, almond milk, none syrup and carefully balanced flavors.",Skim,3,Toffee Nut,Caramel Drizzle,Medium,202,124,60,2.1,5.3,6.59,560.15,3.8,21492,Medium,No,No,Yes,Yes,Yes,No,Sandwich,Afternoon,Creamy,Cold,Global
SB02847,White Mocha Americano,Americano,Venti,Hot,"A handcrafted White Mocha Americano prepared with premium Starbucks-style coffee or tea, soy milk, caramel syrup and carefully balanced flavors.",Soy,4,Classic,Caramel Drizzle,Low,165,228,37,19.5,17.2,7.65,650.25,3.9,14696,Medium,Yes,No,Yes,No,Yes,No,Cookie,Morning,Creamy,Hot,Global
SB02848,Caramel Frappuccino,Frappuccino,Venti,Cold,"A handcrafted Caramel Frappuccino prepared with premium Starbucks-style coffee or tea, soy milk, caramel syrup and carefully balanced flavors.",Whole,4,Classic,None,Low,229,260,3,12.5,8.1,3.36,285.6,4.2,14063,Medium,Yes,No,Yes,Yes,No,Yes,Sandwich,Morning,Bold,Cold,Japan
SB02849,Chai Refresher,Refresher,Venti,Cold,"A handcrafted Chai Refresher prepared with premium Starbucks-style coffee or tea, soy milk, none syrup and carefully balanced flavors.",Soy,2,None,Caramel Drizzle,Medium,110,535,2,18.6,6.5,6.59,560.15,4.6,30113,High,No,No,Yes,Yes,Yes,No,Cookie,Evening,Creamy,Cold,UK
SB02850,Java Chip Mocha,Mocha,Grande,Cold,"A handcrafted Java Chip Mocha prepared with premium Starbucks-style coffee or tea, soy milk, none syrup and carefully balanced flavors.",Soy,1,None,None,Medium,290,442,62,2.8,5.3,7.38,627.3,3.8,32204,High,No,Yes,Yes,Yes,No,No,Cookie,Morning,Bold,Cold,India
SB02851,Matcha Flat White,Flat White,Venti,Hot,"A handcrafted Matcha Flat White prepared with premium Starbucks-style coffee or tea, oat milk, classic syrup and carefully balanced flavors.",Almond,3,Toffee Nut,Chocolate Shavings,Medium,217,331,24,11.7,12.6,3.76,319.6,3.5,27972,High,Yes,No,Yes,Yes,Yes,No,Croissant,Evening,Chocolatey,Hot,Global
SB02852,White Mocha Refresher,Refresher,Venti,Cold,"A handcrafted White Mocha Refresher prepared with premium Starbucks-style coffee or tea, soy milk, none syrup and carefully balanced flavors.",Skim,3,Hazelnut,Whipped Cream,High,130,591,21,18.8,29.6,5.09,432.65,4.1,40740,Very High,Yes,No,Yes,No,Yes,Yes,Cookie,Evening,Nutty,Cold,Japan
SB02853,Matcha Mocha,Mocha,Grande,Hot,"A handcrafted Matcha Mocha prepared with premium Starbucks-style coffee or tea, skim milk, classic syrup and carefully balanced flavors.",Almond,1,Classic,None,Low,116,429,68,14.5,21.8,3.52,299.2,4.1,29788,High,No,No,Yes,No,Yes,No,Blueberry Muffin,Afternoon,Sweet,Hot,Canada
SB02854,Strawberry Cold Brew,Cold Brew,Venti,Cold,"A handcrafted Strawberry Cold Brew prepared with premium Starbucks-style coffee or tea, soy milk, classic syrup and carefully balanced flavors.",Oat,4,Hazelnut,None,Low,147,369,36,9.7,22.7,5.61,476.85,4.4,41904,Very High,No,Yes,Yes,No,Yes,Yes,Cheesecake,Evening,Nutty,Cold,India
SB02855,Matcha Americano,Americano,Venti,Hot,"A handcrafted Matcha Americano prepared with premium Starbucks-style coffee or tea, skim milk, none syrup and carefully balanced flavors.",Skim,1,Vanilla,Caramel Drizzle,Medium,246,257,44,14.1,28.0,4.64,394.4,3.7,13650,Medium,Yes,Yes,Yes,No,No,No,Croissant,Morning,Chocolatey,Hot,India
SB02856,Java Chip Refresher,Refresher,Tall,Cold,"A handcrafted Java Chip Refresher prepared with premium Starbucks-style coffee or tea, skim milk, caramel syrup and carefully balanced flavors.",Almond,1,Toffee Nut,Whipped Cream,Medium,142,294,25,15.8,0.1,6.01,510.85,4.6,33509,High,Yes,No,Yes,Yes,Yes,Yes,Croissant,Afternoon,Nutty,Cold,UK
SB02857,White Mocha Refresher,Refresher,Venti,Cold,"A handcrafted White Mocha Refresher prepared with premium Starbucks-style coffee or tea, almond milk, hazelnut syrup and carefully balanced flavors.",Almond,0,Hazelnut,Caramel Drizzle,High,155,477,13,10.7,10.8,6.65,565.25,3.6,5845,Low,No,Yes,Yes,No,No,Yes,Cookie,Afternoon,Fruity,Cold,USA
SB02858,Java Chip Flat White,Flat White,Grande,Cold,"A handcrafted Java Chip Flat White prepared with premium Starbucks-style coffee or tea, skim milk, vanilla syrup and carefully balanced flavors.",Soy,3,Vanilla,Chocolate Shavings,Medium,47,287,26,13.1,20.6,4.17,354.45,4.7,22740,Medium,Yes,Yes,Yes,No,Yes,Yes,Sandwich,Morning,Fruity,Cold,Canada
SB02859,Chai Espresso,Espresso,Tall,Cold,"A handcrafted Chai Espresso prepared with premium Starbucks-style coffee or tea, skim milk, hazelnut syrup and carefully balanced flavors.",Coconut,0,None,Whipped Cream,Medium,170,220,20,15.0,3.0,3.2,272.0,4.3,40715,Very High,No,Yes,Yes,Yes,No,No,Cheesecake,Morning,Sweet,Cold,USA
SB02860,Strawberry Espresso,Espresso,Venti,Cold,"A handcrafted Strawberry Espresso prepared with premium Starbucks-style coffee or tea, coconut milk, vanilla syrup and carefully balanced flavors.",Coconut,1,Vanilla,None,Medium,288,632,70,1.4,21.3,3.76,319.6,4.5,36424,High,No,Yes,Yes,Yes,Yes,No,Blueberry Muffin,Evening,Bold,Cold,Canada
SB02861,Vanilla Refresher,Refresher,Venti,Cold,"A handcrafted Vanilla Refresher prepared with premium Starbucks-style coffee or tea, coconut milk, toffee nut syrup and carefully balanced flavors.",Whole,1,Hazelnut,Caramel Drizzle,Low,233,438,7,5.3,15.0,6.83,580.55,4.1,21986,Medium,Yes,Yes,Yes,No,No,Yes,Croissant,Evening,Creamy,Cold,Global
SB02862,Classic Espresso,Espresso,Tall,Hot,"A handcrafted Classic Espresso prepared with premium Starbucks-style coffee or tea, soy milk, hazelnut syrup and carefully balanced flavors.",Almond,1,Toffee Nut,None,Medium,224,625,54,11.0,0.1,6.95,590.75,4.6,32311,High,No,Yes,Yes,No,Yes,Yes,Cookie,Afternoon,Nutty,Hot,Japan
SB02863,Caramel Flat White,Flat White,Grande,Cold,"A handcrafted Caramel Flat White prepared with premium Starbucks-style coffee or tea, soy milk, toffee nut syrup and carefully balanced flavors.",Coconut,4,Toffee Nut,None,Low,206,580,16,6.7,9.2,7.15,607.75,4.8,43424,Very High,Yes,No,Yes,No,Yes,Yes,Cheesecake,Morning,Chocolatey,Cold,USA
SB02864,Classic Tea,Tea,Venti,Cold,"A handcrafted Classic Tea prepared with premium Starbucks-style coffee or tea, oat milk, classic syrup and carefully balanced flavors.",Whole,0,None,None,High,0,61,60,17.5,1.8,6.74,572.9,4.3,17517,Medium,No,Yes,Yes,Yes,Yes,Yes,Sandwich,Morning,Bold,Cold,USA
SB02865,Java Chip Mocha,Mocha,Grande,Cold,"A handcrafted Java Chip Mocha prepared with premium Starbucks-style coffee or tea, oat milk, none syrup and carefully balanced flavors.",Almond,1,Vanilla,None,High,219,329,21,19.9,28.9,7.19,611.15,4.2,19108,Medium,Yes,Yes,Yes,No,No,Yes,Croissant,Morning,Bold,Cold,Global
SB02866,Mocha Tea,Tea,Grande,Hot,"A handcrafted Mocha Tea prepared with premium Starbucks-style coffee or tea, coconut milk, hazelnut syrup and carefully balanced flavors.",Almond,1,Toffee Nut,None,Low,92,124,28,11.1,0.7,8.44,717.4,4.9,7183,Low,No,Yes,Yes,Yes,No,No,Sandwich,Evening,Nutty,Hot,UK
SB02867,Matcha Macchiato,Macchiato,Grande,Hot,"A handcrafted Matcha Macchiato prepared with premium Starbucks-style coffee or tea, oat milk, vanilla syrup and carefully balanced flavors.",Soy,2,None,None,High,251,361,56,8.9,17.0,4.47,379.95,4.8,4280,Low,No,No,Yes,No,No,Yes,Croissant,Morning,Bold,Hot,India
SB02868,White Mocha Macchiato,Macchiato,Venti,Hot,"A handcrafted White Mocha Macchiato prepared with premium Starbucks-style coffee or tea, soy milk, classic syrup and carefully balanced flavors.",Coconut,3,Vanilla,Whipped Cream,Low,258,424,31,9.2,7.6,4.0,340.0,4.2,14806,Medium,Yes,Yes,Yes,Yes,No,Yes,Sandwich,Morning,Creamy,Hot,Global
SB02869,Strawberry Cappuccino,Cappuccino,Venti,Hot,"A handcrafted Strawberry Cappuccino prepared with premium Starbucks-style coffee or tea, whole milk, classic syrup and carefully balanced flavors.",Coconut,2,Hazelnut,Chocolate Shavings,Low,284,466,19,18.3,5.4,5.17,439.45,3.7,38415,High,No,Yes,Yes,No,No,Yes,Cheesecake,Afternoon,Chocolatey,Hot,Japan
SB02870,Mocha Cappuccino,Cappuccino,Grande,Hot,"A handcrafted Mocha Cappuccino prepared with premium Starbucks-style coffee or tea, soy milk, classic syrup and carefully balanced flavors.",Oat,1,Classic,Chocolate Shavings,Low,70,609,27,16.0,11.9,7.76,659.6,4.3,27790,High,No,No,Yes,No,No,No,Cheesecake,Evening,Chocolatey,Hot,Global
SB02871,Hazelnut Espresso,Espresso,Venti,Hot,"A handcrafted Hazelnut Espresso prepared with premium Starbucks-style coffee or tea, almond milk, hazelnut syrup and carefully balanced flavors.",Skim,2,None,Chocolate Shavings,Medium,100,515,45,11.1,1.6,6.18,525.3,4.0,49430,Very High,Yes,Yes,Yes,No,Yes,No,Sandwich,Morning,Sweet,Hot,Japan
SB02872,Vanilla Frappuccino,Frappuccino,Tall,Cold,"A handcrafted Vanilla Frappuccino prepared with premium Starbucks-style coffee or tea, oat milk, toffee nut syrup and carefully balanced flavors.",Almond,2,None,Chocolate Shavings,Medium,223,47,8,8.2,29.9,5.55,471.75,4.2,28299,High,No,No,Yes,Yes,No,No,Croissant,Evening,Creamy,Cold,Japan
SB02873,Caramel Cold Brew,Cold Brew,Grande,Cold,"A handcrafted Caramel Cold Brew prepared with premium Starbucks-style coffee or tea, oat milk, none syrup and carefully balanced flavors.",Skim,1,Vanilla,Whipped Cream,Medium,48,496,29,13.4,10.6,4.83,410.55,3.6,17132,Medium,No,Yes,Yes,No,No,Yes,Cheesecake,Morning,Nutty,Cold,USA
SB02874,Caramel Frappuccino,Frappuccino,Tall,Cold,"A handcrafted Caramel Frappuccino prepared with premium Starbucks-style coffee or tea, oat milk, hazelnut syrup and carefully balanced flavors.",Oat,1,Classic,Whipped Cream,Low,220,487,56,7.9,18.0,2.7,229.5,3.9,9176,Low,No,No,Yes,No,Yes,No,Cookie,Evening,Sweet,Cold,Global
SB02875,Caramel Tea,Tea,Venti,Hot,"A handcrafted Caramel Tea prepared with premium Starbucks-style coffee or tea, whole milk, caramel syrup and carefully balanced flavors.",Skim,0,Classic,None,Medium,45,529,42,16.6,24.0,6.73,572.05,4.0,7398,Low,Yes,No,Yes,No,No,Yes,Croissant,Afternoon,Creamy,Hot,Japan
SB02876,Hazelnut Frappuccino,Frappuccino,Grande,Cold,"A handcrafted Hazelnut Frappuccino prepared with premium Starbucks-style coffee or tea, whole milk, caramel syrup and carefully balanced flavors.",Coconut,4,Toffee Nut,Chocolate Shavings,High,281,346,23,10.1,20.3,3.46,294.1,4.5,24148,Medium,Yes,No,Yes,No,Yes,Yes,Sandwich,Evening,Fruity,Cold,India
SB02877,Caramel Refresher,Refresher,Tall,Cold,"A handcrafted Caramel Refresher prepared with premium Starbucks-style coffee or tea, almond milk, none syrup and carefully balanced flavors.",Whole,2,Hazelnut,None,Medium,148,44,70,18.4,17.5,8.05,684.25,4.0,31209,High,Yes,Yes,Yes,Yes,Yes,Yes,Blueberry Muffin,Evening,Chocolatey,Cold,India
SB02878,White Mocha Tea,Tea,Grande,Cold,"A handcrafted White Mocha Tea prepared with premium Starbucks-style coffee or tea, skim milk, classic syrup and carefully balanced flavors.",Almond,3,Caramel,Chocolate Shavings,High,239,261,39,17.0,10.2,6.45,548.25,4.6,2001,Low,Yes,Yes,Yes,Yes,Yes,No,Cookie,Morning,Nutty,Cold,UK
SB02879,Strawberry Latte,Latte,Tall,Hot,"A handcrafted Strawberry Latte prepared with premium Starbucks-style coffee or tea, coconut milk, vanilla syrup and carefully balanced flavors.",Coconut,1,Classic,Caramel Drizzle,High,197,209,6,18.8,25.0,6.81,578.85,4.3,5178,Low,No,No,Yes,No,Yes,No,Cheesecake,Evening,Sweet,Hot,UK
SB02880,Matcha Mocha,Mocha,Tall,Hot,"A handcrafted Matcha Mocha prepared with premium Starbucks-style coffee or tea, whole milk, caramel syrup and carefully balanced flavors.",Almond,2,Toffee Nut,None,Medium,87,145,33,2.1,22.5,4.99,424.15,4.3,9916,Low,No,No,Yes,No,No,No,Blueberry Muffin,Evening,Sweet,Hot,Canada
SB02881,Hazelnut Americano,Americano,Venti,Cold,"A handcrafted Hazelnut Americano prepared with premium Starbucks-style coffee or tea, skim milk, caramel syrup and carefully balanced flavors.",Skim,1,Toffee Nut,Caramel Drizzle,High,35,155,55,6.5,8.2,4.39,373.15,4.4,45154,Very High,No,Yes,Yes,Yes,Yes,No,Cheesecake,Evening,Nutty,Cold,USA
SB02882,Matcha Espresso,Espresso,Tall,Cold,"A handcrafted Matcha Espresso prepared with premium Starbucks-style coffee or tea, skim milk, none syrup and carefully balanced flavors.",Oat,0,Toffee Nut,Whipped Cream,Low,91,329,63,1.8,26.4,3.04,258.4,4.8,14448,Medium,Yes,Yes,Yes,No,Yes,No,Sandwich,Evening,Fruity,Cold,Japan
SB02883,Caramel Cold Brew,Cold Brew,Tall,Cold,"A handcrafted Caramel Cold Brew prepared with premium Starbucks-style coffee or tea, whole milk, vanilla syrup and carefully balanced flavors.",Skim,1,Hazelnut,Chocolate Shavings,Medium,237,496,0,11.7,17.1,3.26,277.1,4.7,8282,Low,No,Yes,Yes,Yes,No,Yes,Cookie,Afternoon,Bold,Cold,India
SB02884,Vanilla Cold Brew,Cold Brew,Tall,Cold,"A handcrafted Vanilla Cold Brew prepared with premium Starbucks-style coffee or tea, almond milk, none syrup and carefully balanced flavors.",Soy,0,Hazelnut,Caramel Drizzle,Low,181,172,10,19.2,19.7,4.89,415.65,4.9,12311,Medium,Yes,Yes,Yes,No,Yes,No,Blueberry Muffin,Afternoon,Nutty,Cold,USA
SB02885,Hazelnut Americano,Americano,Venti,Cold,"A handcrafted Hazelnut Americano prepared with premium Starbucks-style coffee or tea, whole milk, hazelnut syrup and carefully balanced flavors.",Coconut,1,Toffee Nut,Caramel Drizzle,High,176,557,30,0.6,9.4,7.89,670.65,4.1,19854,Medium,Yes,No,Yes,Yes,No,Yes,Blueberry Muffin,Morning,Creamy,Cold,Global
SB02886,Matcha Cappuccino,Cappuccino,Tall,Hot,"A handcrafted Matcha Cappuccino prepared with premium Starbucks-style coffee or tea, almond milk, vanilla syrup and carefully balanced flavors.",Coconut,4,Hazelnut,Whipped Cream,Low,240,366,0,7.5,10.1,6.55,556.75,3.7,45090,Very High,No,Yes,Yes,Yes,No,No,Blueberry Muffin,Morning,Sweet,Hot,India
SB02887,Mango Macchiato,Macchiato,Venti,Hot,"A handcrafted Mango Macchiato prepared with premium Starbucks-style coffee or tea, skim milk, vanilla syrup and carefully balanced flavors.",Skim,0,Caramel,Caramel Drizzle,Low,244,407,1,17.1,19.5,3.01,255.85,3.8,19281,Medium,Yes,Yes,Yes,Yes,No,Yes,Croissant,Morning,Bold,Hot,Global
SB02888,Classic Refresher,Refresher,Venti,Cold,"A handcrafted Classic Refresher prepared with premium Starbucks-style coffee or tea, coconut milk, toffee nut syrup and carefully balanced flavors.",Soy,2,Classic,None,Medium,169,498,61,17.9,26.5,3.92,333.2,4.9,29761,High,No,No,Yes,Yes,Yes,No,Croissant,Morning,Sweet,Cold,India
SB02889,Matcha Frappuccino,Frappuccino,Grande,Cold,"A handcrafted Matcha Frappuccino prepared with premium Starbucks-style coffee or tea, almond milk, caramel syrup and carefully balanced flavors.",Soy,4,Toffee Nut,Whipped Cream,High,8,206,13,12.7,0.5,5.08,431.8,4.6,21748,Medium,Yes,Yes,Yes,Yes,No,No,Cookie,Afternoon,Nutty,Cold,Japan
SB02890,Caramel Refresher,Refresher,Tall,Cold,"A handcrafted Caramel Refresher prepared with premium Starbucks-style coffee or tea, soy milk, hazelnut syrup and carefully balanced flavors.",Soy,4,None,Chocolate Shavings,High,235,103,3,8.3,9.7,6.94,589.9,4.5,3784,Low,No,Yes,Yes,No,No,No,Blueberry Muffin,Evening,Fruity,Cold,UK
SB02891,Hazelnut Flat White,Flat White,Venti,Cold,"A handcrafted Hazelnut Flat White prepared with premium Starbucks-style coffee or tea, coconut milk, classic syrup and carefully balanced flavors.",Almond,3,Classic,None,Low,115,646,55,18.2,21.4,7.94,674.9,4.9,25933,High,No,Yes,Yes,Yes,No,Yes,Blueberry Muffin,Evening,Chocolatey,Cold,Canada
SB02892,Java Chip Refresher,Refresher,Grande,Cold,"A handcrafted Java Chip Refresher prepared with premium Starbucks-style coffee or tea, skim milk, caramel syrup and carefully balanced flavors.",Coconut,4,Toffee Nut,Chocolate Shavings,Low,0,290,46,16.4,14.8,6.03,512.55,4.5,25887,High,Yes,No,Yes,Yes,Yes,Yes,Blueberry Muffin,Afternoon,Fruity,Cold,Japan
SB02893,Mango Flat White,Flat White,Tall,Hot,"A handcrafted Mango Flat White prepared with premium Starbucks-style coffee or tea, soy milk, classic syrup and carefully balanced flavors.",Oat,0,Toffee Nut,Whipped Cream,Medium,230,569,45,6.7,16.0,7.46,634.1,4.5,11012,Medium,Yes,Yes,Yes,Yes,No,Yes,Blueberry Muffin,Morning,Fruity,Hot,Japan
SB02894,Matcha Americano,Americano,Tall,Cold,"A handcrafted Matcha Americano prepared with premium Starbucks-style coffee or tea, oat milk, toffee nut syrup and carefully balanced flavors.",Soy,0,Classic,None,Medium,209,173,12,9.2,9.3,7.34,623.9,4.3,26662,High,No,Yes,Yes,Yes,Yes,Yes,Croissant,Afternoon,Sweet,Cold,Canada
SB02895,Vanilla Flat White,Flat White,Grande,Cold,"A handcrafted Vanilla Flat White prepared with premium Starbucks-style coffee or tea, oat milk, none syrup and carefully balanced flavors.",Coconut,0,Hazelnut,Whipped Cream,Low,1,536,27,15.1,9.8,3.57,303.45,3.5,31424,High,No,Yes,Yes,Yes,Yes,Yes,Sandwich,Afternoon,Nutty,Cold,Japan
SB02896,Caramel Mocha,Mocha,Tall,Cold,"A handcrafted Caramel Mocha prepared with premium Starbucks-style coffee or tea, soy milk, classic syrup and carefully balanced flavors.",Oat,2,Toffee Nut,Caramel Drizzle,Low,284,283,60,10.6,2.7,4.81,408.85,5.0,44435,Very High,Yes,Yes,Yes,No,No,Yes,Croissant,Morning,Chocolatey,Cold,Global
SB02897,Mango Americano,Americano,Tall,Cold,"A handcrafted Mango Americano prepared with premium Starbucks-style coffee or tea, almond milk, classic syrup and carefully balanced flavors.",Soy,0,Vanilla,None,Low,268,450,61,14.6,22.3,6.33,538.05,4.9,14519,Medium,No,Yes,Yes,No,Yes,Yes,Cheesecake,Morning,Fruity,Cold,Canada
SB02898,Strawberry Latte,Latte,Tall,Cold,"A handcrafted Strawberry Latte prepared with premium Starbucks-style coffee or tea, skim milk, classic syrup and carefully balanced flavors.",Almond,4,None,Chocolate Shavings,Low,14,227,54,11.9,10.6,4.42,375.7,4.6,46181,Very High,No,No,Yes,No,No,No,Cookie,Evening,Creamy,Cold,Japan
SB02899,Java Chip Cold Brew,Cold Brew,Venti,Cold,"A handcrafted Java Chip Cold Brew prepared with premium Starbucks-style coffee or tea, whole milk, caramel syrup and carefully balanced flavors.",Coconut,0,Vanilla,Chocolate Shavings,Low,66,576,37,6.9,17.1,3.86,328.1,3.6,29886,High,Yes,No,Yes,Yes,Yes,No,Sandwich,Afternoon,Sweet,Cold,India
SB02900,Classic Latte,Latte,Tall,Cold,"A handcrafted Classic Latte prepared with premium Starbucks-style coffee or tea, whole milk, classic syrup and carefully balanced flavors.",Almond,3,Caramel,Chocolate Shavings,High,293,129,15,9.8,26.1,4.92,418.2,4.4,32851,High,Yes,No,Yes,No,Yes,Yes,Cheesecake,Afternoon,Chocolatey,Cold,UK
SB02901,Strawberry Frappuccino,Frappuccino,Grande,Cold,"A handcrafted Strawberry Frappuccino prepared with premium Starbucks-style coffee or tea, coconut milk, hazelnut syrup and carefully balanced flavors.",Soy,3,Vanilla,None,High,123,601,34,8.1,27.4,3.06,260.1,4.2,8853,Low,Yes,Yes,Yes,Yes,No,No,Sandwich,Evening,Creamy,Cold,Global
SB02902,Strawberry Cold Brew,Cold Brew,Grande,Cold,"A handcrafted Strawberry Cold Brew prepared with premium Starbucks-style coffee or tea, whole milk, vanilla syrup and carefully balanced flavors.",Coconut,4,Caramel,Caramel Drizzle,High,166,296,54,17.8,4.3,8.31,706.35,3.7,44237,Very High,No,No,Yes,No,Yes,Yes,Croissant,Morning,Creamy,Cold,Canada
SB02903,Mango Macchiato,Macchiato,Grande,Hot,"A handcrafted Mango Macchiato prepared with premium Starbucks-style coffee or tea, almond milk, vanilla syrup and carefully balanced flavors.",Coconut,3,Caramel,Chocolate Shavings,High,57,575,54,7.8,24.7,7.39,628.15,3.8,15841,Medium,No,No,Yes,Yes,No,No,Cheesecake,Evening,Nutty,Hot,Canada
SB02904,Matcha Mocha,Mocha,Grande,Hot,"A handcrafted Matcha Mocha prepared with premium Starbucks-style coffee or tea, oat milk, hazelnut syrup and carefully balanced flavors.",Soy,3,Caramel,None,High,62,613,27,18.7,15.9,6.14,521.9,4.1,11026,Medium,Yes,Yes,Yes,No,No,No,Blueberry Muffin,Evening,Sweet,Hot,UK
SB02905,Caramel Americano,Americano,Venti,Cold,"A handcrafted Caramel Americano prepared with premium Starbucks-style coffee or tea, coconut milk, classic syrup and carefully balanced flavors.",Skim,4,Hazelnut,Whipped Cream,Medium,215,200,28,2.0,12.2,6.37,541.45,4.7,16846,Medium,No,Yes,Yes,No,No,No,Cheesecake,Evening,Chocolatey,Cold,UK
SB02906,Hazelnut Flat White,Flat White,Tall,Hot,"A handcrafted Hazelnut Flat White prepared with premium Starbucks-style coffee or tea, almond milk, caramel syrup and carefully balanced flavors.",Almond,0,Vanilla,Caramel Drizzle,High,18,110,6,1.7,18.3,7.48,635.8,4.8,3739,Low,No,No,Yes,No,No,No,Croissant,Evening,Bold,Hot,India
SB02907,Mango Americano,Americano,Grande,Cold,"A handcrafted Mango Americano prepared with premium Starbucks-style coffee or tea, whole milk, caramel syrup and carefully balanced flavors.",Skim,4,Hazelnut,Chocolate Shavings,Low,157,50,48,5.1,19.0,3.44,292.4,3.9,21404,Medium,Yes,Yes,Yes,No,Yes,Yes,Sandwich,Evening,Chocolatey,Cold,Global
SB02908,Hazelnut Cappuccino,Cappuccino,Grande,Cold,"A handcrafted Hazelnut Cappuccino prepared with premium Starbucks-style coffee or tea, skim milk, hazelnut syrup and carefully balanced flavors.",Oat,2,Caramel,Caramel Drizzle,High,120,100,64,0.3,7.1,5.76,489.6,4.8,1907,Low,No,Yes,Yes,No,No,No,Croissant,Morning,Chocolatey,Cold,Japan
SB02909,Classic Refresher,Refresher,Venti,Cold,"A handcrafted Classic Refresher prepared with premium Starbucks-style coffee or tea, oat milk, hazelnut syrup and carefully balanced flavors.",Coconut,1,Caramel,None,Medium,146,575,69,13.0,6.9,6.29,534.65,4.1,24638,Medium,Yes,Yes,Yes,No,No,Yes,Cheesecake,Morning,Creamy,Cold,Japan
SB02910,Java Chip Tea,Tea,Tall,Hot,"A handcrafted Java Chip Tea prepared with premium Starbucks-style coffee or tea, skim milk, caramel syrup and carefully balanced flavors.",Skim,0,Vanilla,Caramel Drizzle,Low,104,55,55,18.0,21.7,4.5,382.5,4.8,14449,Medium,Yes,No,Yes,No,Yes,Yes,Blueberry Muffin,Morning,Nutty,Hot,Global
SB02911,Chai Tea,Tea,Venti,Hot,"A handcrafted Chai Tea prepared with premium Starbucks-style coffee or tea, soy milk, vanilla syrup and carefully balanced flavors.",Coconut,1,None,Whipped Cream,Medium,236,503,9,10.9,2.0,7.6,646.0,3.7,19571,Medium,No,Yes,Yes,No,Yes,No,Croissant,Morning,Creamy,Hot,Canada
SB02912,Caramel Flat White,Flat White,Venti,Cold,"A handcrafted Caramel Flat White prepared with premium Starbucks-style coffee or tea, oat milk, classic syrup and carefully balanced flavors.",Skim,0,Vanilla,Whipped Cream,Low,217,578,38,19.3,20.0,6.85,582.25,3.6,17966,Medium,No,Yes,Yes,Yes,Yes,Yes,Sandwich,Afternoon,Nutty,Cold,Japan
SB02913,Hazelnut Cold Brew,Cold Brew,Grande,Cold,"A handcrafted Hazelnut Cold Brew prepared with premium Starbucks-style coffee or tea, coconut milk, caramel syrup and carefully balanced flavors.",Whole,3,Toffee Nut,Chocolate Shavings,Low,15,296,61,19.1,23.2,5.37,456.45,4.9,23302,Medium,No,Yes,Yes,No,No,Yes,Blueberry Muffin,Afternoon,Chocolatey,Cold,Canada
SB02914,White Mocha Americano,Americano,Venti,Cold,"A handcrafted White Mocha Americano prepared with premium Starbucks-style coffee or tea, soy milk, vanilla syrup and carefully balanced flavors.",Skim,0,None,Chocolate Shavings,Medium,192,52,30,4.7,21.0,4.91,417.35,5.0,42669,Very High,No,No,Yes,No,Yes,No,Sandwich,Morning,Chocolatey,Cold,USA
SB02915,Caramel Cold Brew,Cold Brew,Grande,Cold,"A handcrafted Caramel Cold Brew prepared with premium Starbucks-style coffee or tea, coconut milk, toffee nut syrup and carefully balanced flavors.",Soy,2,Caramel,Caramel Drizzle,Medium,158,619,23,2.8,6.4,6.06,515.1,3.8,26495,High,No,Yes,Yes,Yes,Yes,No,Sandwich,Morning,Creamy,Cold,UK
SB02916,Vanilla Macchiato,Macchiato,Venti,Cold,"A handcrafted Vanilla Macchiato prepared with premium Starbucks-style coffee or tea, skim milk, toffee nut syrup and carefully balanced flavors.",Skim,1,Caramel,Chocolate Shavings,High,193,447,7,4.2,12.0,3.41,289.85,3.6,14728,Medium,No,No,Yes,No,No,No,Cheesecake,Afternoon,Fruity,Cold,UK
SB02917,Vanilla Tea,Tea,Grande,Hot,"A handcrafted Vanilla Tea prepared with premium Starbucks-style coffee or tea, oat milk, caramel syrup and carefully balanced flavors.",Coconut,0,Hazelnut,None,Low,0,265,70,15.9,17.1,6.38,542.3,3.9,9910,Low,No,Yes,Yes,Yes,No,No,Cheesecake,Evening,Nutty,Hot,Canada
SB02918,Mango Refresher,Refresher,Tall,Cold,"A handcrafted Mango Refresher prepared with premium Starbucks-style coffee or tea, almond milk, caramel syrup and carefully balanced flavors.",Soy,4,Vanilla,None,Low,146,532,22,12.3,3.8,7.53,640.05,3.8,43443,Very High,Yes,Yes,Yes,Yes,No,No,Croissant,Evening,Creamy,Cold,Global
SB02919,Strawberry Espresso,Espresso,Grande,Cold,"A handcrafted Strawberry Espresso prepared with premium Starbucks-style coffee or tea, skim milk, vanilla syrup and carefully balanced flavors.",Whole,3,Hazelnut,Chocolate Shavings,High,208,609,3,17.5,5.6,4.35,369.75,4.7,41152,Very High,Yes,Yes,Yes,No,No,Yes,Cheesecake,Afternoon,Sweet,Cold,Canada
SB02920,Caramel Flat White,Flat White,Venti,Cold,"A handcrafted Caramel Flat White prepared with premium Starbucks-style coffee or tea, soy milk, caramel syrup and carefully balanced flavors.",Oat,2,Hazelnut,Caramel Drizzle,Medium,56,287,62,11.0,2.3,7.89,670.65,3.9,28446,High,No,Yes,Yes,No,No,Yes,Croissant,Evening,Nutty,Cold,UK
SB02921,Hazelnut Latte,Latte,Grande,Cold,"A handcrafted Hazelnut Latte prepared with premium Starbucks-style coffee or tea, oat milk, toffee nut syrup and carefully balanced flavors.",Oat,1,Toffee Nut,Caramel Drizzle,Low,237,81,58,6.3,12.4,4.01,340.85,4.9,653,Low,Yes,Yes,Yes,No,Yes,No,Blueberry Muffin,Evening,Creamy,Cold,Canada
SB02922,Strawberry Mocha,Mocha,Venti,Cold,"A handcrafted Strawberry Mocha prepared with premium Starbucks-style coffee or tea, almond milk, none syrup and carefully balanced flavors.",Whole,2,Vanilla,Chocolate Shavings,Low,91,487,4,8.3,3.8,6.95,590.75,3.8,11259,Medium,No,Yes,Yes,No,No,No,Cookie,Morning,Bold,Cold,USA
SB02923,Caramel Frappuccino,Frappuccino,Venti,Cold,"A handcrafted Caramel Frappuccino prepared with premium Starbucks-style coffee or tea, coconut milk, caramel syrup and carefully balanced flavors.",Whole,3,Toffee Nut,None,Medium,271,598,5,2.7,19.0,3.02,256.7,3.7,34392,High,No,No,Yes,No,No,No,Cheesecake,Evening,Fruity,Cold,Japan
SB02924,Java Chip Americano,Americano,Venti,Hot,"A handcrafted Java Chip Americano prepared with premium Starbucks-style coffee or tea, whole milk, vanilla syrup and carefully balanced flavors.",Soy,1,Vanilla,None,Low,193,322,48,10.0,5.2,3.27,277.95,3.8,19530,Medium,No,Yes,Yes,Yes,No,No,Cookie,Afternoon,Chocolatey,Hot,Global
SB02925,Vanilla Cappuccino,Cappuccino,Tall,Hot,"A handcrafted Vanilla Cappuccino prepared with premium Starbucks-style coffee or tea, skim milk, none syrup and carefully balanced flavors.",Oat,0,Hazelnut,Whipped Cream,Medium,232,414,62,5.6,25.4,4.06,345.1,4.5,1729,Low,Yes,Yes,Yes,No,Yes,No,Blueberry Muffin,Evening,Sweet,Hot,Canada
SB02926,Matcha Macchiato,Macchiato,Tall,Cold,"A handcrafted Matcha Macchiato prepared with premium Starbucks-style coffee or tea, whole milk, classic syrup and carefully balanced flavors.",Soy,0,Toffee Nut,Chocolate Shavings,Low,47,412,33,8.7,6.2,4.84,411.4,3.7,46353,Very High,Yes,Yes,Yes,No,Yes,Yes,Cookie,Evening,Creamy,Cold,Global
SB02927,White Mocha Americano,Americano,Tall,Hot,"A handcrafted White Mocha Americano prepared with premium Starbucks-style coffee or tea, oat milk, vanilla syrup and carefully balanced flavors.",Coconut,3,None,None,High,99,561,43,11.5,11.2,5.93,504.05,4.4,30252,High,Yes,No,Yes,No,No,Yes,Croissant,Morning,Fruity,Hot,India
SB02928,Java Chip Flat White,Flat White,Tall,Cold,"A handcrafted Java Chip Flat White prepared with premium Starbucks-style coffee or tea, skim milk, hazelnut syrup and carefully balanced flavors.",Oat,1,Vanilla,Chocolate Shavings,High,19,64,11,11.3,0.9,3.23,274.55,4.9,38471,High,Yes,Yes,Yes,Yes,No,No,Blueberry Muffin,Afternoon,Fruity,Cold,Japan
SB02929,Mango Frappuccino,Frappuccino,Tall,Cold,"A handcrafted Mango Frappuccino prepared with premium Starbucks-style coffee or tea, oat milk, hazelnut syrup and carefully balanced flavors.",Soy,1,Hazelnut,Chocolate Shavings,Medium,272,371,4,7.4,25.1,6.15,522.75,4.1,43250,Very High,No,Yes,Yes,Yes,Yes,No,Croissant,Morning,Chocolatey,Cold,India
SB02930,Matcha Tea,Tea,Grande,Cold,"A handcrafted Matcha Tea prepared with premium Starbucks-style coffee or tea, coconut milk, caramel syrup and carefully balanced flavors.",Coconut,1,None,Caramel Drizzle,Medium,55,446,4,3.0,7.1,7.67,651.95,4.0,35681,High,No,Yes,Yes,No,Yes,No,Cheesecake,Morning,Nutty,Cold,Canada
SB02931,Matcha Cold Brew,Cold Brew,Venti,Cold,"A handcrafted Matcha Cold Brew prepared with premium Starbucks-style coffee or tea, oat milk, classic syrup and carefully balanced flavors.",Almond,3,Caramel,Caramel Drizzle,High,104,194,28,13.2,11.9,2.73,232.05,4.1,34996,High,No,Yes,Yes,Yes,No,No,Blueberry Muffin,Afternoon,Fruity,Cold,Global
SB02932,Classic Refresher,Refresher,Grande,Cold,"A handcrafted Classic Refresher prepared with premium Starbucks-style coffee or tea, oat milk, none syrup and carefully balanced flavors.",Soy,3,Vanilla,None,Medium,206,409,4,10.1,24.7,3.2,272.0,4.8,20066,Medium,No,Yes,Yes,No,Yes,No,Blueberry Muffin,Evening,Sweet,Cold,India
SB02933,Vanilla Frappuccino,Frappuccino,Tall,Cold,"A handcrafted Vanilla Frappuccino prepared with premium Starbucks-style coffee or tea, soy milk, hazelnut syrup and carefully balanced flavors.",Whole,4,Toffee Nut,Chocolate Shavings,Medium,280,526,67,10.3,28.4,2.56,217.6,4.4,43913,Very High,No,Yes,Yes,Yes,No,Yes,Blueberry Muffin,Afternoon,Creamy,Cold,India
SB02934,Chai Refresher,Refresher,Grande,Cold,"A handcrafted Chai Refresher prepared with premium Starbucks-style coffee or tea, almond milk, toffee nut syrup and carefully balanced flavors.",Skim,0,Classic,Whipped Cream,High,297,71,51,11.8,2.4,4.38,372.3,4.6,30120,High,No,Yes,Yes,No,Yes,No,Blueberry Muffin,Morning,Nutty,Cold,India
SB02935,Mango Latte,Latte,Grande,Hot,"A handcrafted Mango Latte prepared with premium Starbucks-style coffee or tea, coconut milk, vanilla syrup and carefully balanced flavors.",Soy,2,Hazelnut,Caramel Drizzle,Low,299,423,47,18.8,18.2,7.79,662.15,3.9,22350,Medium,Yes,Yes,Yes,Yes,No,No,Sandwich,Afternoon,Sweet,Hot,UK
SB02936,Java Chip Frappuccino,Frappuccino,Tall,Cold,"A handcrafted Java Chip Frappuccino prepared with premium Starbucks-style coffee or tea, whole milk, toffee nut syrup and carefully balanced flavors.",Oat,1,Hazelnut,None,Low,69,610,69,14.4,16.3,6.15,522.75,3.5,44463,Very High,No,Yes,Yes,Yes,No,No,Croissant,Afternoon,Nutty,Cold,Canada
SB02937,Mango Latte,Latte,Tall,Cold,"A handcrafted Mango Latte prepared with premium Starbucks-style coffee or tea, almond milk, classic syrup and carefully balanced flavors.",Oat,3,Caramel,None,High,38,156,22,19.8,19.0,3.49,296.65,3.5,5645,Low,Yes,Yes,Yes,No,No,No,Croissant,Afternoon,Nutty,Cold,Japan
SB02938,Chai Espresso,Espresso,Grande,Hot,"A handcrafted Chai Espresso prepared with premium Starbucks-style coffee or tea, coconut milk, vanilla syrup and carefully balanced flavors.",Soy,0,Caramel,Whipped Cream,Medium,69,336,61,5.3,6.3,5.24,445.4,3.6,49572,Very High,Yes,Yes,Yes,No,Yes,No,Croissant,Afternoon,Bold,Hot,USA
SB02939,Mocha Refresher,Refresher,Tall,Cold,"A handcrafted Mocha Refresher prepared with premium Starbucks-style coffee or tea, almond milk, hazelnut syrup and carefully balanced flavors.",Coconut,4,None,Whipped Cream,High,197,119,10,17.1,0.6,5.68,482.8,3.7,33485,High,No,Yes,Yes,Yes,Yes,Yes,Cookie,Afternoon,Sweet,Cold,USA
SB02940,Vanilla Latte,Latte,Venti,Cold,"A handcrafted Vanilla Latte prepared with premium Starbucks-style coffee or tea, whole milk, classic syrup and carefully balanced flavors.",Oat,1,Classic,Chocolate Shavings,Low,5,279,22,7.4,22.1,4.67,396.95,4.3,10306,Medium,No,No,Yes,Yes,Yes,Yes,Blueberry Muffin,Evening,Sweet,Cold,USA
SB02941,Vanilla Cold Brew,Cold Brew,Venti,Cold,"A handcrafted Vanilla Cold Brew prepared with premium Starbucks-style coffee or tea, soy milk, caramel syrup and carefully balanced flavors.",Oat,1,Caramel,Whipped Cream,Medium,35,98,32,7.1,3.3,4.74,402.9,3.7,853,Low,No,Yes,Yes,Yes,Yes,Yes,Croissant,Morning,Chocolatey,Cold,USA
SB02942,Mocha Espresso,Espresso,Venti,Cold,"A handcrafted Mocha Espresso prepared with premium Starbucks-style coffee or tea, coconut milk, caramel syrup and carefully balanced flavors.",Almond,1,Toffee Nut,Caramel Drizzle,High,52,623,4,1.7,13.6,5.23,444.55,3.9,39009,High,No,Yes,Yes,No,Yes,No,Cookie,Afternoon,Nutty,Cold,USA
SB02943,Mocha Mocha,Mocha,Grande,Hot,"A handcrafted Mocha Mocha prepared with premium Starbucks-style coffee or tea, whole milk, hazelnut syrup and carefully balanced flavors.",Coconut,1,None,Whipped Cream,Medium,238,186,57,14.0,2.6,5.62,477.7,3.6,48154,Very High,Yes,Yes,Yes,No,No,No,Sandwich,Evening,Chocolatey,Hot,Canada
SB02944,Strawberry Latte,Latte,Grande,Cold,"A handcrafted Strawberry Latte prepared with premium Starbucks-style coffee or tea, almond milk, toffee nut syrup and carefully balanced flavors.",Oat,2,Toffee Nut,Chocolate Shavings,Medium,242,269,57,16.8,22.0,5.55,471.75,5.0,666,Low,Yes,Yes,Yes,Yes,No,Yes,Sandwich,Evening,Fruity,Cold,UK
SB02945,Mango Latte,Latte,Tall,Hot,"A handcrafted Mango Latte prepared with premium Starbucks-style coffee or tea, soy milk, toffee nut syrup and carefully balanced flavors.",Coconut,3,Toffee Nut,Whipped Cream,Medium,88,532,70,13.9,24.1,5.05,429.25,4.6,6771,Low,Yes,Yes,Yes,Yes,Yes,No,Blueberry Muffin,Evening,Chocolatey,Hot,India
SB02946,Hazelnut Americano,Americano,Tall,Hot,"A handcrafted Hazelnut Americano prepared with premium Starbucks-style coffee or tea, whole milk, vanilla syrup and carefully balanced flavors.",Soy,3,Classic,None,High,25,525,65,4.9,15.6,7.0,595.0,4.4,24270,Medium,Yes,No,Yes,Yes,Yes,No,Cookie,Morning,Fruity,Hot,UK
SB02947,Caramel Macchiato,Macchiato,Venti,Cold,"A handcrafted Caramel Macchiato prepared with premium Starbucks-style coffee or tea, soy milk, hazelnut syrup and carefully balanced flavors.",Coconut,2,Toffee Nut,Caramel Drizzle,Low,11,211,65,4.5,0.7,7.03,597.55,4.1,25400,High,Yes,No,Yes,Yes,No,Yes,Croissant,Evening,Sweet,Cold,India
SB02948,Classic Cappuccino,Cappuccino,Tall,Cold,"A handcrafted Classic Cappuccino prepared with premium Starbucks-style coffee or tea, skim milk, vanilla syrup and carefully balanced flavors.",Oat,4,Toffee Nut,Chocolate Shavings,Low,15,530,59,10.5,12.2,5.16,438.6,4.2,36614,High,Yes,No,Yes,No,No,No,Sandwich,Morning,Creamy,Cold,Canada
SB02949,Classic Cappuccino,Cappuccino,Venti,Cold,"A handcrafted Classic Cappuccino prepared with premium Starbucks-style coffee or tea, whole milk, hazelnut syrup and carefully balanced flavors.",Almond,4,None,None,Low,290,43,27,10.3,12.4,4.16,353.6,4.6,48527,Very High,No,No,Yes,No,Yes,No,Croissant,Afternoon,Fruity,Cold,UK
SB02950,Vanilla Flat White,Flat White,Venti,Cold,"A handcrafted Vanilla Flat White prepared with premium Starbucks-style coffee or tea, whole milk, hazelnut syrup and carefully balanced flavors.",Coconut,3,Classic,None,Medium,53,434,14,16.3,19.7,8.11,689.35,4.9,46864,Very High,Yes,Yes,Yes,Yes,No,No,Blueberry Muffin,Afternoon,Creamy,Cold,Canada
SB02951,Classic Americano,Americano,Venti,Hot,"A handcrafted Classic Americano prepared with premium Starbucks-style coffee or tea, coconut milk, classic syrup and carefully balanced flavors.",Soy,0,Toffee Nut,Caramel Drizzle,Medium,87,28,34,16.0,20.6,7.67,651.95,3.9,40003,Very High,No,No,Yes,Yes,Yes,Yes,Cookie,Evening,Nutty,Hot,Global
SB02952,Mocha Tea,Tea,Venti,Hot,"A handcrafted Mocha Tea prepared with premium Starbucks-style coffee or tea, whole milk, none syrup and carefully balanced flavors.",Whole,4,None,Caramel Drizzle,Low,202,80,5,2.0,5.6,8.14,691.9,3.5,41193,Very High,Yes,Yes,Yes,Yes,No,No,Sandwich,Morning,Chocolatey,Hot,Global
SB02953,Hazelnut Americano,Americano,Grande,Cold,"A handcrafted Hazelnut Americano prepared with premium Starbucks-style coffee or tea, oat milk, hazelnut syrup and carefully balanced flavors.",Coconut,2,None,Whipped Cream,Medium,256,262,32,0.1,3.4,5.21,442.85,4.3,31250,High,No,No,Yes,No,No,No,Blueberry Muffin,Evening,Nutty,Cold,USA
SB02954,Chai Mocha,Mocha,Venti,Hot,"A handcrafted Chai Mocha prepared with premium Starbucks-style coffee or tea, skim milk, vanilla syrup and carefully balanced flavors.",Almond,1,Hazelnut,None,High,111,169,18,4.1,8.5,6.36,540.6,4.6,6752,Low,No,No,Yes,No,Yes,Yes,Cookie,Evening,Nutty,Hot,Canada
SB02955,Mango Latte,Latte,Grande,Cold,"A handcrafted Mango Latte prepared with premium Starbucks-style coffee or tea, oat milk, none syrup and carefully balanced flavors.",Skim,3,Toffee Nut,Chocolate Shavings,Low,32,507,16,18.6,12.2,6.93,589.05,4.8,48843,Very High,No,No,Yes,Yes,No,Yes,Blueberry Muffin,Morning,Chocolatey,Cold,India
SB02956,Classic Frappuccino,Frappuccino,Venti,Cold,"A handcrafted Classic Frappuccino prepared with premium Starbucks-style coffee or tea, soy milk, toffee nut syrup and carefully balanced flavors.",Coconut,4,Hazelnut,None,High,103,354,65,0.5,18.2,5.83,495.55,4.3,13459,Medium,Yes,Yes,Yes,No,No,Yes,Blueberry Muffin,Evening,Bold,Cold,Japan
SB02957,Hazelnut Tea,Tea,Grande,Cold,"A handcrafted Hazelnut Tea prepared with premium Starbucks-style coffee or tea, skim milk, classic syrup and carefully balanced flavors.",Oat,0,None,None,High,136,87,64,8.9,7.1,5.45,463.25,4.7,2989,Low,Yes,Yes,Yes,Yes,No,No,Cookie,Evening,Chocolatey,Cold,India
SB02958,Strawberry Americano,Americano,Tall,Cold,"A handcrafted Strawberry Americano prepared with premium Starbucks-style coffee or tea, almond milk, none syrup and carefully balanced flavors.",Oat,0,Toffee Nut,Chocolate Shavings,High,146,270,40,0.6,12.2,5.66,481.1,4.1,17561,Medium,No,Yes,Yes,No,Yes,No,Cookie,Evening,Creamy,Cold,India
SB02959,Vanilla Tea,Tea,Grande,Hot,"A handcrafted Vanilla Tea prepared with premium Starbucks-style coffee or tea, oat milk, vanilla syrup and carefully balanced flavors.",Soy,1,Caramel,Chocolate Shavings,High,93,108,19,2.7,26.0,2.94,249.9,3.8,40126,Very High,Yes,Yes,Yes,Yes,Yes,No,Croissant,Morning,Creamy,Hot,USA
SB02960,Mango Americano,Americano,Tall,Hot,"A handcrafted Mango Americano prepared with premium Starbucks-style coffee or tea, coconut milk, classic syrup and carefully balanced flavors.",Almond,2,Classic,Caramel Drizzle,High,238,519,50,3.4,8.0,8.44,717.4,4.7,21671,Medium,No,Yes,Yes,Yes,No,No,Croissant,Afternoon,Chocolatey,Hot,India
SB02961,Chai Latte,Latte,Venti,Cold,"A handcrafted Chai Latte prepared with premium Starbucks-style coffee or tea, coconut milk, classic syrup and carefully balanced flavors.",Almond,3,Vanilla,Caramel Drizzle,Low,71,146,56,10.0,29.7,4.58,389.3,4.1,15372,Medium,Yes,No,Yes,No,Yes,No,Sandwich,Morning,Sweet,Cold,UK
SB02962,Matcha Macchiato,Macchiato,Venti,Cold,"A handcrafted Matcha Macchiato prepared with premium Starbucks-style coffee or tea, whole milk, toffee nut syrup and carefully balanced flavors.",Whole,2,Classic,Caramel Drizzle,Low,128,287,34,16.0,9.8,3.68,312.8,4.7,13297,Medium,No,Yes,Yes,No,No,Yes,Blueberry Muffin,Morning,Sweet,Cold,India
SB02963,Matcha Cold Brew,Cold Brew,Venti,Cold,"A handcrafted Matcha Cold Brew prepared with premium Starbucks-style coffee or tea, soy milk, caramel syrup and carefully balanced flavors.",Oat,0,Vanilla,Whipped Cream,High,190,45,35,18.6,17.2,8.17,694.45,4.2,21854,Medium,Yes,No,Yes,Yes,No,No,Blueberry Muffin,Morning,Sweet,Cold,India
SB02964,Caramel Macchiato,Macchiato,Tall,Hot,"A handcrafted Caramel Macchiato prepared with premium Starbucks-style coffee or tea, oat milk, caramel syrup and carefully balanced flavors.",Coconut,0,Classic,Chocolate Shavings,High,292,186,8,16.6,25.7,2.84,241.4,3.6,23270,Medium,Yes,No,Yes,Yes,Yes,Yes,Cookie,Evening,Nutty,Hot,India
SB02965,Vanilla Macchiato,Macchiato,Tall,Hot,"A handcrafted Vanilla Macchiato prepared with premium Starbucks-style coffee or tea, soy milk, none syrup and carefully balanced flavors.",Coconut,4,Vanilla,Chocolate Shavings,Medium,158,86,52,1.0,25.0,5.35,454.75,4.5,9673,Low,Yes,Yes,Yes,Yes,No,Yes,Croissant,Morning,Bold,Hot,UK
SB02966,Caramel Americano,Americano,Tall,Hot,"A handcrafted Caramel Americano prepared with premium Starbucks-style coffee or tea, whole milk, vanilla syrup and carefully balanced flavors.",Skim,1,Hazelnut,None,Low,41,311,21,14.3,28.8,4.4,374.0,4.4,17804,Medium,No,Yes,Yes,Yes,Yes,No,Blueberry Muffin,Afternoon,Bold,Hot,USA
SB02967,Strawberry Espresso,Espresso,Venti,Cold,"A handcrafted Strawberry Espresso prepared with premium Starbucks-style coffee or tea, soy milk, toffee nut syrup and carefully balanced flavors.",Skim,3,Vanilla,None,Low,223,467,37,9.9,10.3,3.12,265.2,4.7,31175,High,Yes,Yes,Yes,Yes,Yes,No,Cookie,Morning,Bold,Cold,Canada
SB02968,Mango Frappuccino,Frappuccino,Tall,Cold,"A handcrafted Mango Frappuccino prepared with premium Starbucks-style coffee or tea, coconut milk, classic syrup and carefully balanced flavors.",Coconut,0,Vanilla,Caramel Drizzle,Medium,29,259,61,11.0,2.4,5.36,455.6,3.6,46967,Very High,Yes,No,Yes,No,Yes,No,Cookie,Evening,Bold,Cold,India
SB02969,Java Chip Cold Brew,Cold Brew,Grande,Cold,"A handcrafted Java Chip Cold Brew prepared with premium Starbucks-style coffee or tea, whole milk, toffee nut syrup and carefully balanced flavors.",Soy,4,Caramel,Caramel Drizzle,Low,5,346,23,14.7,26.3,3.06,260.1,3.8,48580,Very High,No,Yes,Yes,No,Yes,Yes,Blueberry Muffin,Afternoon,Bold,Cold,UK
SB02970,Matcha Mocha,Mocha,Grande,Cold,"A handcrafted Matcha Mocha prepared with premium Starbucks-style coffee or tea, oat milk, toffee nut syrup and carefully balanced flavors.",Oat,2,Hazelnut,None,Low,189,105,10,8.8,28.7,6.17,524.45,4.8,28122,High,Yes,No,Yes,No,Yes,No,Croissant,Morning,Fruity,Cold,Canada
SB02971,Chai Macchiato,Macchiato,Venti,Hot,"A handcrafted Chai Macchiato prepared with premium Starbucks-style coffee or tea, oat milk, caramel syrup and carefully balanced flavors.",Oat,0,Toffee Nut,Chocolate Shavings,High,279,327,33,16.7,9.2,4.87,413.95,4.3,2419,Low,No,No,Yes,Yes,Yes,Yes,Croissant,Afternoon,Bold,Hot,USA
SB02972,Caramel Tea,Tea,Grande,Cold,"A handcrafted Caramel Tea prepared with premium Starbucks-style coffee or tea, skim milk, none syrup and carefully balanced flavors.",Coconut,4,Vanilla,Whipped Cream,Medium,203,318,33,3.0,22.2,6.86,583.1,3.9,17059,Medium,Yes,No,Yes,Yes,Yes,Yes,Sandwich,Evening,Chocolatey,Cold,Japan
SB02973,Matcha Americano,Americano,Tall,Cold,"A handcrafted Matcha Americano prepared with premium Starbucks-style coffee or tea, oat milk, caramel syrup and carefully balanced flavors.",Coconut,1,Classic,Caramel Drizzle,Low,246,376,8,10.9,14.3,4.68,397.8,4.6,49919,Very High,Yes,No,Yes,Yes,No,No,Blueberry Muffin,Morning,Chocolatey,Cold,Canada
SB02974,Matcha Frappuccino,Frappuccino,Venti,Cold,"A handcrafted Matcha Frappuccino prepared with premium Starbucks-style coffee or tea, oat milk, none syrup and carefully balanced flavors.",Oat,2,None,None,High,255,248,7,16.4,4.3,8.3,705.5,4.7,1885,Low,Yes,Yes,Yes,No,No,Yes,Croissant,Morning,Creamy,Cold,Japan
SB02975,Classic Cold Brew,Cold Brew,Tall,Cold,"A handcrafted Classic Cold Brew prepared with premium Starbucks-style coffee or tea, skim milk, classic syrup and carefully balanced flavors.",Oat,0,Toffee Nut,Chocolate Shavings,Medium,288,193,24,9.8,26.2,7.65,650.25,4.2,11389,Medium,No,Yes,Yes,No,Yes,Yes,Blueberry Muffin,Evening,Bold,Cold,Global
SB02976,Chai Americano,Americano,Tall,Cold,"A handcrafted Chai Americano prepared with premium Starbucks-style coffee or tea, skim milk, hazelnut syrup and carefully balanced flavors.",Skim,0,None,Chocolate Shavings,Low,109,69,66,16.3,8.6,8.16,693.6,3.8,35631,High,No,Yes,Yes,Yes,No,No,Croissant,Evening,Creamy,Cold,Canada
SB02977,Mango Macchiato,Macchiato,Tall,Cold,"A handcrafted Mango Macchiato prepared with premium Starbucks-style coffee or tea, soy milk, vanilla syrup and carefully balanced flavors.",Whole,4,Classic,Caramel Drizzle,Medium,246,569,40,4.6,11.9,2.86,243.1,4.0,46988,Very High,No,Yes,Yes,No,No,Yes,Cookie,Evening,Fruity,Cold,Japan
SB02978,Caramel Espresso,Espresso,Grande,Hot,"A handcrafted Caramel Espresso prepared with premium Starbucks-style coffee or tea, skim milk, vanilla syrup and carefully balanced flavors.",Soy,1,Caramel,Caramel Drizzle,High,156,451,14,14.8,7.0,6.48,550.8,4.3,30028,High,No,No,Yes,Yes,No,No,Blueberry Muffin,Afternoon,Chocolatey,Hot,USA
SB02979,Chai Tea,Tea,Tall,Hot,"A handcrafted Chai Tea prepared with premium Starbucks-style coffee or tea, almond milk, vanilla syrup and carefully balanced flavors.",Almond,2,Classic,Caramel Drizzle,Low,273,46,67,8.8,10.2,6.45,548.25,4.1,34107,High,No,No,Yes,No,No,Yes,Croissant,Morning,Fruity,Hot,USA
SB02980,Mocha Tea,Tea,Grande,Cold,"A handcrafted Mocha Tea prepared with premium Starbucks-style coffee or tea, oat milk, hazelnut syrup and carefully balanced flavors.",Coconut,4,None,Chocolate Shavings,Low,248,277,26,5.8,29.9,3.05,259.25,4.6,43722,Very High,No,Yes,Yes,Yes,No,Yes,Sandwich,Morning,Bold,Cold,Global
SB02981,Mocha Latte,Latte,Tall,Cold,"A handcrafted Mocha Latte prepared with premium Starbucks-style coffee or tea, whole milk, hazelnut syrup and carefully balanced flavors.",Whole,2,Vanilla,Chocolate Shavings,High,186,114,61,7.1,6.7,7.22,613.7,4.3,11219,Medium,Yes,Yes,Yes,No,No,Yes,Croissant,Afternoon,Nutty,Cold,Japan
SB02982,Chai Frappuccino,Frappuccino,Tall,Cold,"A handcrafted Chai Frappuccino prepared with premium Starbucks-style coffee or tea, oat milk, classic syrup and carefully balanced flavors.",Almond,2,Vanilla,Whipped Cream,High,229,29,22,6.7,7.9,5.19,441.15,3.8,24204,Medium,Yes,No,Yes,Yes,Yes,Yes,Sandwich,Evening,Creamy,Cold,Global
SB02983,Strawberry Frappuccino,Frappuccino,Grande,Cold,"A handcrafted Strawberry Frappuccino prepared with premium Starbucks-style coffee or tea, coconut milk, caramel syrup and carefully balanced flavors.",Almond,2,None,Whipped Cream,High,117,332,31,4.2,27.3,2.84,241.4,3.8,15325,Medium,Yes,No,Yes,Yes,No,No,Cookie,Afternoon,Creamy,Cold,UK
SB02984,Mocha Frappuccino,Frappuccino,Grande,Cold,"A handcrafted Mocha Frappuccino prepared with premium Starbucks-style coffee or tea, whole milk, classic syrup and carefully balanced flavors.",Soy,3,Toffee Nut,Whipped Cream,Medium,164,180,38,6.0,12.0,6.2,527.0,4.7,44394,Very High,Yes,No,Yes,No,Yes,No,Cookie,Afternoon,Bold,Cold,Global
SB02985,Chai Cappuccino,Cappuccino,Venti,Cold,"A handcrafted Chai Cappuccino prepared with premium Starbucks-style coffee or tea, coconut milk, vanilla syrup and carefully balanced flavors.",Coconut,1,Toffee Nut,Whipped Cream,High,117,320,10,4.6,11.2,4.71,400.35,4.6,39059,High,Yes,Yes,Yes,No,Yes,Yes,Cookie,Morning,Creamy,Cold,India
SB02986,White Mocha Cold Brew,Cold Brew,Grande,Cold,"A handcrafted White Mocha Cold Brew prepared with premium Starbucks-style coffee or tea, oat milk, hazelnut syrup and carefully balanced flavors.",Oat,4,Classic,Whipped Cream,Medium,155,635,45,4.2,12.5,2.54,215.9,4.3,8719,Low,Yes,Yes,Yes,Yes,Yes,No,Cookie,Evening,Creamy,Cold,Global
SB02987,Classic Latte,Latte,Grande,Hot,"A handcrafted Classic Latte prepared with premium Starbucks-style coffee or tea, almond milk, caramel syrup and carefully balanced flavors.",Coconut,0,Classic,None,High,56,441,6,12.3,9.9,6.49,551.65,3.6,3589,Low,No,No,Yes,No,Yes,Yes,Sandwich,Afternoon,Fruity,Hot,India
SB02988,Hazelnut Cold Brew,Cold Brew,Venti,Cold,"A handcrafted Hazelnut Cold Brew prepared with premium Starbucks-style coffee or tea, coconut milk, caramel syrup and carefully balanced flavors.",Oat,3,Caramel,Whipped Cream,Low,164,376,65,17.7,16.6,5.88,499.8,3.6,38809,High,No,No,Yes,No,No,No,Cheesecake,Evening,Bold,Cold,USA
SB02989,Vanilla Cappuccino,Cappuccino,Grande,Hot,"A handcrafted Vanilla Cappuccino prepared with premium Starbucks-style coffee or tea, oat milk, classic syrup and carefully balanced flavors.",Skim,0,Hazelnut,Caramel Drizzle,Low,257,471,24,18.0,23.5,6.09,517.65,4.8,33182,High,No,No,Yes,Yes,No,Yes,Croissant,Afternoon,Nutty,Hot,Global
SB02990,Chai Flat White,Flat White,Grande,Cold,"A handcrafted Chai Flat White prepared with premium Starbucks-style coffee or tea, almond milk, classic syrup and carefully balanced flavors.",Almond,3,Toffee Nut,None,Medium,8,269,37,13.8,13.8,6.9,586.5,3.9,3855,Low,No,No,Yes,Yes,Yes,No,Cookie,Evening,Nutty,Cold,Japan
SB02991,Matcha Tea,Tea,Tall,Hot,"A handcrafted Matcha Tea prepared with premium Starbucks-style coffee or tea, whole milk, classic syrup and carefully balanced flavors.",Skim,2,Vanilla,Caramel Drizzle,High,170,37,69,14.0,25.4,5.36,455.6,3.8,44161,Very High,Yes,No,Yes,Yes,Yes,No,Blueberry Muffin,Afternoon,Chocolatey,Hot,Global
SB02992,Classic Refresher,Refresher,Venti,Cold,"A handcrafted Classic Refresher prepared with premium Starbucks-style coffee or tea, almond milk, none syrup and carefully balanced flavors.",Coconut,0,Classic,Chocolate Shavings,High,142,59,41,5.2,17.0,8.27,702.95,3.8,10851,Medium,Yes,No,Yes,No,Yes,No,Croissant,Evening,Bold,Cold,Global
SB02993,Java Chip Flat White,Flat White,Tall,Hot,"A handcrafted Java Chip Flat White prepared with premium Starbucks-style coffee or tea, skim milk, none syrup and carefully balanced flavors.",Almond,2,Caramel,Whipped Cream,Medium,133,270,40,18.6,1.5,6.62,562.7,4.4,3629,Low,No,Yes,Yes,Yes,No,No,Cookie,Evening,Bold,Hot,Global
SB02994,Java Chip Tea,Tea,Tall,Hot,"A handcrafted Java Chip Tea prepared with premium Starbucks-style coffee or tea, almond milk, toffee nut syrup and carefully balanced flavors.",Almond,0,Caramel,Caramel Drizzle,Medium,293,363,65,11.4,17.2,6.95,590.75,3.8,3784,Low,Yes,Yes,Yes,Yes,Yes,Yes,Blueberry Muffin,Afternoon,Chocolatey,Hot,UK
SB02995,Caramel Macchiato,Macchiato,Venti,Cold,"A handcrafted Caramel Macchiato prepared with premium Starbucks-style coffee or tea, oat milk, hazelnut syrup and carefully balanced flavors.",Whole,0,Vanilla,Chocolate Shavings,Low,174,371,0,8.4,23.2,4.78,406.3,4.9,4912,Low,Yes,Yes,Yes,Yes,Yes,No,Sandwich,Evening,Sweet,Cold,Canada
SB02996,Java Chip Flat White,Flat White,Venti,Cold,"A handcrafted Java Chip Flat White prepared with premium Starbucks-style coffee or tea, coconut milk, hazelnut syrup and carefully balanced flavors.",Almond,0,Caramel,Whipped Cream,High,67,210,69,13.9,7.7,3.02,256.7,4.1,14967,Medium,Yes,Yes,Yes,Yes,No,No,Cheesecake,Afternoon,Creamy,Cold,Japan
SB02997,Mango Macchiato,Macchiato,Grande,Hot,"A handcrafted Mango Macchiato prepared with premium Starbucks-style coffee or tea, oat milk, classic syrup and carefully balanced flavors.",Oat,0,None,Whipped Cream,Medium,184,48,46,15.5,21.5,5.88,499.8,4.6,46927,Very High,Yes,No,Yes,Yes,No,Yes,Cheesecake,Morning,Creamy,Hot,India
SB02998,Classic Cold Brew,Cold Brew,Tall,Cold,"A handcrafted Classic Cold Brew prepared with premium Starbucks-style coffee or tea, coconut milk, classic syrup and carefully balanced flavors.",Almond,4,Classic,Chocolate Shavings,High,159,595,53,6.5,29.6,6.13,521.05,4.9,49372,Very High,Yes,Yes,Yes,Yes,Yes,No,Cookie,Evening,Creamy,Cold,Global
SB02999,Classic Cappuccino,Cappuccino,Tall,Hot,"A handcrafted Classic Cappuccino prepared with premium Starbucks-style coffee or tea, almond milk, toffee nut syrup and carefully balanced flavors.",Soy,4,Caramel,None,High,92,331,1,17.2,10.4,5.61,476.85,4.6,42238,Very High,Yes,Yes,Yes,No,No,Yes,Cookie,Morning,Nutty,Hot,Japan
SB03000,Classic Frappuccino,Frappuccino,Venti,Cold,"A handcrafted Classic Frappuccino prepared with premium Starbucks-style coffee or tea, almond milk, caramel syrup and carefully balanced flavors.",Almond,2,Toffee Nut,Caramel Drizzle,Medium,241,641,56,8.7,15.2,8.04,683.4,4.0,42030,Very High,Yes,Yes,Yes,Yes,No,No,Blueberry Muffin,Afternoon,Fruity,Cold,USA
